message_id,audio,chain_id,parent_id,generation,rejected,verified,start_at,end_at,game_name,chain_name,message_name,seed_id
56,words-in-transition/glass/gen-1.wav,5,35.0,1,False,True,0.0,,words-in-transition,glass,gen-1.wav,35
93,words-in-transition/glass/gen-1_1E6oSTJ.wav,5,37.0,1,True,True,0.0,,words-in-transition,glass,gen-1_1E6oSTJ.wav,37
69,words-in-transition/glass/gen-1_2C5rNCa.wav,5,34.0,1,True,True,0.0,,words-in-transition,glass,gen-1_2C5rNCa.wav,34
205,words-in-transition/glass/gen-1_6r53JO0.wav,5,36.0,1,True,True,0.0,,words-in-transition,glass,gen-1_6r53JO0.wav,36
108,words-in-transition/glass/gen-1_8ZcnnSC.wav,5,36.0,1,True,True,0.0,,words-in-transition,glass,gen-1_8ZcnnSC.wav,36
101,words-in-transition/glass/gen-1_9gYpt5j.wav,5,34.0,1,False,True,0.0,,words-in-transition,glass,gen-1_9gYpt5j.wav,34
144,words-in-transition/glass/gen-1_AFSuGA1.wav,5,37.0,1,True,True,0.0,,words-in-transition,glass,gen-1_AFSuGA1.wav,37
148,words-in-transition/glass/gen-1_B7IL57V.wav,5,37.0,1,True,True,0.0,,words-in-transition,glass,gen-1_B7IL57V.wav,37
270,words-in-transition/glass/gen-1_BokuKjG.wav,5,36.0,1,True,True,0.0,,words-in-transition,glass,gen-1_BokuKjG.wav,36
123,words-in-transition/glass/gen-1_C7rzCOW.wav,5,34.0,1,True,True,0.0,,words-in-transition,glass,gen-1_C7rzCOW.wav,34
74,words-in-transition/glass/gen-1_Cy7QfQd.wav,5,36.0,1,True,True,0.0,,words-in-transition,glass,gen-1_Cy7QfQd.wav,36
160,words-in-transition/glass/gen-1_DqvBlhJ.wav,5,34.0,1,True,True,0.0,,words-in-transition,glass,gen-1_DqvBlhJ.wav,34
72,words-in-transition/glass/gen-1_F0cAlFW.wav,5,36.0,1,False,True,0.0,,words-in-transition,glass,gen-1_F0cAlFW.wav,36
57,words-in-transition/glass/gen-1_GiOc9kw.wav,5,37.0,1,True,True,0.0,,words-in-transition,glass,gen-1_GiOc9kw.wav,37
281,words-in-transition/glass/gen-1_GvB3kca.wav,5,36.0,1,True,True,0.0,,words-in-transition,glass,gen-1_GvB3kca.wav,36
143,words-in-transition/glass/gen-1_HV1p8aC.wav,5,35.0,1,True,True,0.0,,words-in-transition,glass,gen-1_HV1p8aC.wav,35
277,words-in-transition/glass/gen-1_HtsPsq5.wav,5,36.0,1,False,True,0.0,,words-in-transition,glass,gen-1_HtsPsq5.wav,36
63,words-in-transition/glass/gen-1_K9FsqKG.wav,5,37.0,1,False,True,0.0,,words-in-transition,glass,gen-1_K9FsqKG.wav,37
152,words-in-transition/glass/gen-1_Lu0KiM1.wav,5,37.0,1,True,True,0.0,,words-in-transition,glass,gen-1_Lu0KiM1.wav,37
242,words-in-transition/glass/gen-1_QF3gm8j.wav,5,36.0,1,True,True,0.0,,words-in-transition,glass,gen-1_QF3gm8j.wav,36
215,words-in-transition/glass/gen-1_QVSgb9i.wav,5,37.0,1,False,True,0.0,,words-in-transition,glass,gen-1_QVSgb9i.wav,37
111,words-in-transition/glass/gen-1_RA3b9vT.wav,5,36.0,1,False,True,0.0,,words-in-transition,glass,gen-1_RA3b9vT.wav,36
116,words-in-transition/glass/gen-1_VAFHGHd.wav,5,34.0,1,False,True,378.76993871,2457.6003,words-in-transition,glass,gen-1_VAFHGHd.wav,34
210,words-in-transition/glass/gen-1_YglT06j.wav,5,37.0,1,False,True,0.0,,words-in-transition,glass,gen-1_YglT06j.wav,37
87,words-in-transition/glass/gen-1_diq3vqw.wav,5,35.0,1,False,True,2045.38505,4133.16182342,words-in-transition,glass,gen-1_diq3vqw.wav,35
172,words-in-transition/glass/gen-1_dzEIAbC.wav,5,35.0,1,False,True,0.0,,words-in-transition,glass,gen-1_dzEIAbC.wav,35
201,words-in-transition/glass/gen-1_gsjlRCJ.wav,5,36.0,1,True,True,0.0,,words-in-transition,glass,gen-1_gsjlRCJ.wav,36
159,words-in-transition/glass/gen-1_j4Kcygt.wav,5,34.0,1,False,True,0.0,,words-in-transition,glass,gen-1_j4Kcygt.wav,34
134,words-in-transition/glass/gen-1_jXa5FlN.wav,5,36.0,1,True,True,0.0,,words-in-transition,glass,gen-1_jXa5FlN.wav,36
61,words-in-transition/glass/gen-1_klusIw4.wav,5,35.0,1,False,True,0.0,,words-in-transition,glass,gen-1_klusIw4.wav,35
164,words-in-transition/glass/gen-1_lttmD3q.wav,5,36.0,1,True,True,0.0,,words-in-transition,glass,gen-1_lttmD3q.wav,36
239,words-in-transition/glass/gen-1_mbPGMil.wav,5,36.0,1,True,True,0.0,,words-in-transition,glass,gen-1_mbPGMil.wav,36
109,words-in-transition/glass/gen-1_nKea5qP.wav,5,37.0,1,True,True,0.0,,words-in-transition,glass,gen-1_nKea5qP.wav,37
219,words-in-transition/glass/gen-1_vfP1khE.wav,5,37.0,1,True,True,0.0,,words-in-transition,glass,gen-1_vfP1khE.wav,37
99,words-in-transition/glass/gen-1_xVMLDJH.wav,5,35.0,1,True,True,0.0,,words-in-transition,glass,gen-1_xVMLDJH.wav,35
245,words-in-transition/glass/gen-1_zgYVy52.wav,5,37.0,1,True,True,0.0,,words-in-transition,glass,gen-1_zgYVy52.wav,37
136,words-in-transition/glass/gen-1_zq5v7MJ.wav,5,34.0,1,False,True,0.0,,words-in-transition,glass,gen-1_zq5v7MJ.wav,34
178,words-in-transition/glass/gen-2.wav,5,159.0,2,False,True,0.0,,words-in-transition,glass,gen-2.wav,34
256,words-in-transition/glass/gen-2_7AwVJ65.wav,5,72.0,2,False,True,0.0,,words-in-transition,glass,gen-2_7AwVJ65.wav,36
293,words-in-transition/glass/gen-2_9BdTjGX.wav,5,270.0,2,True,True,0.0,,words-in-transition,glass,gen-2_9BdTjGX.wav,36
259,words-in-transition/glass/gen-2_BS14JZZ.wav,5,242.0,2,True,True,0.0,,words-in-transition,glass,gen-2_BS14JZZ.wav,36
180,words-in-transition/glass/gen-2_DrYXAo4.wav,5,164.0,2,True,True,0.0,,words-in-transition,glass,gen-2_DrYXAo4.wav,36
263,words-in-transition/glass/gen-2_Em5aFKK.wav,5,61.0,2,False,True,0.0,,words-in-transition,glass,gen-2_Em5aFKK.wav,35
314,words-in-transition/glass/gen-2_JUYpF34.wav,5,277.0,2,False,True,0.0,,words-in-transition,glass,gen-2_JUYpF34.wav,36
284,words-in-transition/glass/gen-2_Mrdje6t.wav,5,101.0,2,False,True,383.884615385,2218.0,words-in-transition,glass,gen-2_Mrdje6t.wav,34
286,words-in-transition/glass/gen-2_N92ZsaP.wav,5,245.0,2,True,True,0.0,,words-in-transition,glass,gen-2_N92ZsaP.wav,37
235,words-in-transition/glass/gen-2_P8fIlgD.wav,5,56.0,2,False,True,0.0,,words-in-transition,glass,gen-2_P8fIlgD.wav,35
221,words-in-transition/glass/gen-2_PkngZ0o.wav,5,205.0,2,True,True,0.0,,words-in-transition,glass,gen-2_PkngZ0o.wav,36
188,words-in-transition/glass/gen-2_Vnru1ZO.wav,5,143.0,2,True,True,0.0,,words-in-transition,glass,gen-2_Vnru1ZO.wav,35
194,words-in-transition/glass/gen-2_WI6r4Ep.wav,5,134.0,2,True,True,0.0,,words-in-transition,glass,gen-2_WI6r4Ep.wav,36
186,words-in-transition/glass/gen-2_Wcc3kkd.wav,5,144.0,2,True,True,0.0,,words-in-transition,glass,gen-2_Wcc3kkd.wav,37
251,words-in-transition/glass/gen-2_XkPCOCw.wav,5,63.0,2,False,True,0.0,2719.93846154,words-in-transition,glass,gen-2_XkPCOCw.wav,37
305,words-in-transition/glass/gen-2_ffwNH1V.wav,5,111.0,2,False,True,0.0,,words-in-transition,glass,gen-2_ffwNH1V.wav,36
199,words-in-transition/glass/gen-2_lKNhxCP.wav,5,136.0,2,False,True,0.0,,words-in-transition,glass,gen-2_lKNhxCP.wav,34
297,words-in-transition/glass/gen-2_mrwQcLc.wav,5,281.0,2,True,True,0.0,,words-in-transition,glass,gen-2_mrwQcLc.wav,36
266,words-in-transition/glass/gen-2_s6e2iLH.wav,5,87.0,2,False,True,892.630769231,3413.0,words-in-transition,glass,gen-2_s6e2iLH.wav,35
226,words-in-transition/glass/gen-2_sbmeztI.wav,5,215.0,2,False,True,0.0,,words-in-transition,glass,gen-2_sbmeztI.wav,37
307,words-in-transition/glass/gen-2_slwTd5M.wav,5,116.0,2,False,True,0.0,,words-in-transition,glass,gen-2_slwTd5M.wav,34
192,words-in-transition/glass/gen-2_v2ARvWm.wav,5,148.0,2,True,True,0.0,,words-in-transition,glass,gen-2_v2ARvWm.wav,37
301,words-in-transition/glass/gen-2_wPAGDdE.wav,5,172.0,2,False,True,0.0,,words-in-transition,glass,gen-2_wPAGDdE.wav,35
232,words-in-transition/glass/gen-2_xEfCNpo.wav,5,210.0,2,False,True,0.0,,words-in-transition,glass,gen-2_xEfCNpo.wav,37
317,words-in-transition/glass/gen-3.wav,5,188.0,3,True,True,0.0,,words-in-transition,glass,gen-3.wav,35
331,words-in-transition/glass/gen-3_ItMhmGg.wav,5,232.0,3,True,True,2463.81579231,4581.83287692,words-in-transition,glass,gen-3_ItMhmGg.wav,37
344,words-in-transition/glass/gen-3_WNYWKvp.wav,5,251.0,3,True,True,0.0,,words-in-transition,glass,gen-3_WNYWKvp.wav,37
365,words-in-transition/glass/gen-3_WZoFXzD.wav,5,178.0,3,False,True,0.0,,words-in-transition,glass,gen-3_WZoFXzD.wav,34
324,words-in-transition/glass/gen-3_Z7mjxNO.wav,5,263.0,3,False,True,0.0,,words-in-transition,glass,gen-3_Z7mjxNO.wav,35
341,words-in-transition/glass/gen-3_ZAOXosI.wav,5,286.0,3,True,True,0.0,,words-in-transition,glass,gen-3_ZAOXosI.wav,37
336,words-in-transition/glass/gen-3_dpmQOjA.wav,5,314.0,3,False,True,0.0,,words-in-transition,glass,gen-3_dpmQOjA.wav,36
321,words-in-transition/glass/gen-3_jjUj7b0.wav,5,284.0,3,False,True,0.0,,words-in-transition,glass,gen-3_jjUj7b0.wav,34
361,words-in-transition/glass/gen-3_kWP3nOd.wav,5,301.0,3,False,True,0.0,,words-in-transition,glass,gen-3_kWP3nOd.wav,35
368,words-in-transition/glass/gen-3_mtIWKQF.wav,5,199.0,3,False,True,0.0,,words-in-transition,glass,gen-3_mtIWKQF.wav,34
329,words-in-transition/glass/gen-3_rkpuRff.wav,5,305.0,3,True,True,0.0,,words-in-transition,glass,gen-3_rkpuRff.wav,36
358,words-in-transition/glass/gen-3_sBFw6Ba.wav,5,256.0,3,False,True,0.0,,words-in-transition,glass,gen-3_sBFw6Ba.wav,36
355,words-in-transition/glass/gen-3_vyYc1PX.wav,5,226.0,3,False,True,0.0,,words-in-transition,glass,gen-3_vyYc1PX.wav,37
388,words-in-transition/glass/gen-3_yCy6iHd.wav,5,266.0,3,False,True,0.0,,words-in-transition,glass,gen-3_yCy6iHd.wav,35
378,words-in-transition/glass/gen-3_yrZGKh7.wav,5,266.0,3,True,True,0.0,,words-in-transition,glass,gen-3_yrZGKh7.wav,35
379,words-in-transition/glass/gen-3_z3DD8jF.wav,5,235.0,3,False,True,0.0,,words-in-transition,glass,gen-3_z3DD8jF.wav,35
348,words-in-transition/glass/gen-3_zUSgyOs.wav,5,307.0,3,False,True,522.830769231,1435.56923077,words-in-transition,glass,gen-3_zUSgyOs.wav,34
383,words-in-transition/glass/gen-4.wav,5,329.0,4,True,True,0.0,,words-in-transition,glass,gen-4.wav,36
411,words-in-transition/glass/gen-4_0QmLYlY.wav,5,358.0,4,False,True,0.0,,words-in-transition,glass,gen-4_0QmLYlY.wav,36
399,words-in-transition/glass/gen-4_64Jj0kf.wav,5,355.0,4,False,True,0.0,,words-in-transition,glass,gen-4_64Jj0kf.wav,37
431,words-in-transition/glass/gen-4_HLX3zLN.wav,5,331.0,4,True,True,0.0,,words-in-transition,glass,gen-4_HLX3zLN.wav,37
405,words-in-transition/glass/gen-4_Jp91B0k.wav,5,317.0,4,True,True,0.0,,words-in-transition,glass,gen-4_Jp91B0k.wav,35
384,words-in-transition/glass/gen-4_KzsWyEG.wav,5,344.0,4,True,True,0.0,,words-in-transition,glass,gen-4_KzsWyEG.wav,37
404,words-in-transition/glass/gen-4_WQUkZwY.wav,5,378.0,4,True,True,0.0,,words-in-transition,glass,gen-4_WQUkZwY.wav,35
429,words-in-transition/glass/gen-4_ZFWelD6.wav,5,365.0,4,False,True,0.0,4941.2,words-in-transition,glass,gen-4_ZFWelD6.wav,34
434,words-in-transition/glass/gen-4_bZ2EvoJ.wav,5,336.0,4,True,True,0.0,,words-in-transition,glass,gen-4_bZ2EvoJ.wav,36
449,words-in-transition/glass/gen-4_kdLysis.wav,5,348.0,4,False,True,242.871842308,1470.35926154,words-in-transition,glass,gen-4_kdLysis.wav,34
396,words-in-transition/glass/gen-4_kj314pY.wav,5,388.0,4,False,True,0.0,,words-in-transition,glass,gen-4_kj314pY.wav,35
438,words-in-transition/glass/gen-4_mkFGs6x.wav,5,368.0,4,False,True,0.0,,words-in-transition,glass,gen-4_mkFGs6x.wav,34
416,words-in-transition/glass/gen-4_q8XcWxG.wav,5,341.0,4,True,True,0.0,,words-in-transition,glass,gen-4_q8XcWxG.wav,37
423,words-in-transition/glass/gen-4_q9rt6Tl.wav,5,361.0,4,False,True,584.861538462,2304.0,words-in-transition,glass,gen-4_q9rt6Tl.wav,35
406,words-in-transition/glass/gen-4_upUrbwZ.wav,5,379.0,4,False,True,0.0,3363.67833846,words-in-transition,glass,gen-4_upUrbwZ.wav,35
427,words-in-transition/glass/gen-4_yzF9GCA.wav,5,321.0,4,False,True,351.75,1365.0,words-in-transition,glass,gen-4_yzF9GCA.wav,34
445,words-in-transition/glass/gen-4_zeiVW5a.wav,5,336.0,4,False,True,0.0,,words-in-transition,glass,gen-4_zeiVW5a.wav,36
452,words-in-transition/glass/gen-5.wav,5,445.0,5,True,True,0.0,,words-in-transition,glass,gen-5.wav,36
498,words-in-transition/glass/gen-5_4fNiOVu.wav,5,399.0,5,False,True,0.0,,words-in-transition,glass,gen-5_4fNiOVu.wav,37
469,words-in-transition/glass/gen-5_B3Z6JKq.wav,5,384.0,5,True,True,0.0,,words-in-transition,glass,gen-5_B3Z6JKq.wav,37
475,words-in-transition/glass/gen-5_DKoUWEO.wav,5,449.0,5,False,True,0.0,,words-in-transition,glass,gen-5_DKoUWEO.wav,34
489,words-in-transition/glass/gen-5_H5uQkTB.wav,5,438.0,5,False,True,0.0,,words-in-transition,glass,gen-5_H5uQkTB.wav,34
480,words-in-transition/glass/gen-5_HoyACL1.wav,5,405.0,5,True,True,0.0,3564.30769231,words-in-transition,glass,gen-5_HoyACL1.wav,35
491,words-in-transition/glass/gen-5_N3xp7SL.wav,5,411.0,5,False,True,0.0,,words-in-transition,glass,gen-5_N3xp7SL.wav,36
483,words-in-transition/glass/gen-5_VWQAy0i.wav,5,429.0,5,False,True,0.0,,words-in-transition,glass,gen-5_VWQAy0i.wav,34
464,words-in-transition/glass/gen-5_inUnvd8.wav,5,396.0,5,False,True,0.0,,words-in-transition,glass,gen-5_inUnvd8.wav,35
457,words-in-transition/glass/gen-5_ir6fPpR.wav,5,383.0,5,True,True,0.0,,words-in-transition,glass,gen-5_ir6fPpR.wav,36
496,words-in-transition/glass/gen-5_l9EGDob.wav,5,406.0,5,False,True,0.0,,words-in-transition,glass,gen-5_l9EGDob.wav,35
471,words-in-transition/glass/gen-5_okAyWAy.wav,5,427.0,5,False,True,0.0,2817.96923077,words-in-transition,glass,gen-5_okAyWAy.wav,34
460,words-in-transition/glass/gen-5_u4pJrOQ.wav,5,423.0,5,False,True,0.0,,words-in-transition,glass,gen-5_u4pJrOQ.wav,35
502,words-in-transition/glass/gen-6.wav,5,496.0,6,False,True,0.0,,words-in-transition,glass,gen-6.wav,35
538,words-in-transition/glass/gen-6_7xkzqta.wav,5,475.0,6,False,True,0.0,,words-in-transition,glass,gen-6_7xkzqta.wav,34
509,words-in-transition/glass/gen-6_AARwes9.wav,5,452.0,6,True,True,0.0,,words-in-transition,glass,gen-6_AARwes9.wav,36
542,words-in-transition/glass/gen-6_ArhnCUp.wav,5,457.0,6,True,True,0.0,,words-in-transition,glass,gen-6_ArhnCUp.wav,36
516,words-in-transition/glass/gen-6_CFLdbGL.wav,5,480.0,6,True,True,0.0,,words-in-transition,glass,gen-6_CFLdbGL.wav,35
513,words-in-transition/glass/gen-6_RqKfnt3.wav,5,498.0,6,False,True,0.0,,words-in-transition,glass,gen-6_RqKfnt3.wav,37
529,words-in-transition/glass/gen-6_jb6G7dm.wav,5,469.0,6,True,True,0.0,,words-in-transition,glass,gen-6_jb6G7dm.wav,37
524,words-in-transition/glass/gen-6_jchWP7T.wav,5,483.0,6,False,True,0.0,,words-in-transition,glass,gen-6_jchWP7T.wav,34
544,words-in-transition/glass/gen-6_oHQN5LH.wav,5,489.0,6,True,True,0.0,,words-in-transition,glass,gen-6_oHQN5LH.wav,34
554,words-in-transition/glass/gen-6_sIuU4FR.wav,5,460.0,6,False,True,322.221523077,1595.38949231,words-in-transition,glass,gen-6_sIuU4FR.wav,35
549,words-in-transition/glass/gen-6_tQTN10x.wav,5,491.0,6,False,False,0.0,,words-in-transition,glass,gen-6_tQTN10x.wav,36
533,words-in-transition/glass/gen-6_xUOSCVK.wav,5,471.0,6,False,True,1385.74615385,3175.10769231,words-in-transition,glass,gen-6_xUOSCVK.wav,34
520,words-in-transition/glass/gen-6_xknRzKm.wav,5,464.0,6,False,True,0.0,,words-in-transition,glass,gen-6_xknRzKm.wav,35
556,words-in-transition/glass/gen-7.wav,5,549.0,7,False,False,0.0,,words-in-transition,glass,gen-7.wav,36
566,words-in-transition/glass/gen-7_Edh6q2Y.wav,5,533.0,7,False,True,0.0,,words-in-transition,glass,gen-7_Edh6q2Y.wav,34
562,words-in-transition/glass/gen-7_SWYJqg4.wav,5,529.0,7,True,True,0.0,,words-in-transition,glass,gen-7_SWYJqg4.wav,37
34,words-in-transition/glass/seed.wav,5,,0,False,True,0.0,,words-in-transition,glass,seed.wav,34
35,words-in-transition/glass/seed_SxvBNjg.wav,5,,0,False,True,0.0,,words-in-transition,glass,seed_SxvBNjg.wav,35
36,words-in-transition/glass/seed_cUc3ZE4.wav,5,,0,False,True,73.8461538462,600.0,words-in-transition,glass,seed_cUc3ZE4.wav,36
37,words-in-transition/glass/seed_xdtwqdU.wav,5,,0,False,True,127.938461538,3024.0,words-in-transition,glass,seed_xdtwqdU.wav,37
51,words-in-transition/tear/gen-1.wav,6,38.0,1,False,True,0.0,,words-in-transition,tear,gen-1.wav,38
149,words-in-transition/tear/gen-1_00FXHEO.wav,6,40.0,1,True,True,0.0,,words-in-transition,tear,gen-1_00FXHEO.wav,40
138,words-in-transition/tear/gen-1_3tBcMPH.wav,6,39.0,1,False,True,0.0,,words-in-transition,tear,gen-1_3tBcMPH.wav,39
91,words-in-transition/tear/gen-1_4qe8mOJ.wav,6,41.0,1,False,True,0.0,,words-in-transition,tear,gen-1_4qe8mOJ.wav,41
204,words-in-transition/tear/gen-1_8f4V57G.wav,6,40.0,1,False,True,0.0,1080.97825385,words-in-transition,tear,gen-1_8f4V57G.wav,40
140,words-in-transition/tear/gen-1_CH4m78r.wav,6,40.0,1,False,True,0.0,,words-in-transition,tear,gen-1_CH4m78r.wav,40
59,words-in-transition/tear/gen-1_LTMjyD7.wav,6,41.0,1,False,True,0.0,,words-in-transition,tear,gen-1_LTMjyD7.wav,41
106,words-in-transition/tear/gen-1_Nj0KYOw.wav,6,40.0,1,True,True,0.0,,words-in-transition,tear,gen-1_Nj0KYOw.wav,40
75,words-in-transition/tear/gen-1_NpPitws.wav,6,40.0,1,True,True,0.0,,words-in-transition,tear,gen-1_NpPitws.wav,40
126,words-in-transition/tear/gen-1_Omk1Plj.wav,6,40.0,1,True,True,0.0,,words-in-transition,tear,gen-1_Omk1Plj.wav,40
86,words-in-transition/tear/gen-1_OnSYP8u.wav,6,39.0,1,False,True,1996.8,4551.84516129,words-in-transition,tear,gen-1_OnSYP8u.wav,39
54,words-in-transition/tear/gen-1_SfUP0hs.wav,6,38.0,1,False,True,0.0,,words-in-transition,tear,gen-1_SfUP0hs.wav,38
145,words-in-transition/tear/gen-1_Xd3oZMl.wav,6,40.0,1,False,True,0.0,,words-in-transition,tear,gen-1_Xd3oZMl.wav,40
114,words-in-transition/tear/gen-1_YBkTRFE.wav,6,41.0,1,False,True,0.0,,words-in-transition,tear,gen-1_YBkTRFE.wav,41
71,words-in-transition/tear/gen-1_c57E7V5.wav,6,38.0,1,False,True,0.0,,words-in-transition,tear,gen-1_c57E7V5.wav,38
110,words-in-transition/tear/gen-1_eWPpA95.wav,6,40.0,1,False,True,678.40005,2750.07354358,words-in-transition,tear,gen-1_eWPpA95.wav,40
104,words-in-transition/tear/gen-1_jLeHRL7.wav,6,39.0,1,True,True,0.0,,words-in-transition,tear,gen-1_jLeHRL7.wav,39
68,words-in-transition/tear/gen-1_rXcoWVA.wav,6,39.0,1,True,True,0.0,,words-in-transition,tear,gen-1_rXcoWVA.wav,39
135,words-in-transition/tear/gen-1_vcA2JMS.wav,6,39.0,1,False,True,275.692307692,1599.01538462,words-in-transition,tear,gen-1_vcA2JMS.wav,39
98,words-in-transition/tear/gen-1_xAAeHMZ.wav,6,39.0,1,False,True,0.0,,words-in-transition,tear,gen-1_xAAeHMZ.wav,39
62,words-in-transition/tear/gen-1_xAaXkg5.wav,6,38.0,1,False,True,0.0,,words-in-transition,tear,gen-1_xAaXkg5.wav,38
100,words-in-transition/tear/gen-1_zQoEAYR.wav,6,41.0,1,False,True,0.0,,words-in-transition,tear,gen-1_zQoEAYR.wav,41
155,words-in-transition/tear/gen-2.wav,6,100.0,2,False,True,0.0,,words-in-transition,tear,gen-2.wav,41
222,words-in-transition/tear/gen-2_0azYTzi.wav,6,135.0,2,False,True,0.0,,words-in-transition,tear,gen-2_0azYTzi.wav,39
216,words-in-transition/tear/gen-2_0jKoBmn.wav,6,51.0,2,False,True,0.0,,words-in-transition,tear,gen-2_0jKoBmn.wav,38
197,words-in-transition/tear/gen-2_8Czigrn.wav,6,71.0,2,False,True,0.0,,words-in-transition,tear,gen-2_8Czigrn.wav,38
175,words-in-transition/tear/gen-2_CWt72zE.wav,6,59.0,2,False,True,0.0,,words-in-transition,tear,gen-2_CWt72zE.wav,41
211,words-in-transition/tear/gen-2_DPai71v.wav,6,98.0,2,False,True,0.0,,words-in-transition,tear,gen-2_DPai71v.wav,39
225,words-in-transition/tear/gen-2_FeH7RxR.wav,6,140.0,2,False,True,0.0,,words-in-transition,tear,gen-2_FeH7RxR.wav,40
176,words-in-transition/tear/gen-2_JzZtmlj.wav,6,110.0,2,False,True,0.0,,words-in-transition,tear,gen-2_JzZtmlj.wav,40
163,words-in-transition/tear/gen-2_KXA3RUU.wav,6,91.0,2,False,True,704.328130769,2197.98951154,words-in-transition,tear,gen-2_KXA3RUU.wav,41
181,words-in-transition/tear/gen-2_Ms9gOg0.wav,6,62.0,2,False,True,937.353846154,2577.72307692,words-in-transition,tear,gen-2_Ms9gOg0.wav,38
156,words-in-transition/tear/gen-2_O6SZoAQ.wav,6,149.0,2,True,True,0.0,,words-in-transition,tear,gen-2_O6SZoAQ.wav,40
196,words-in-transition/tear/gen-2_SAaowYv.wav,6,145.0,2,False,True,0.0,,words-in-transition,tear,gen-2_SAaowYv.wav,40
206,words-in-transition/tear/gen-2_hulxaHL.wav,6,204.0,2,False,True,0.0,,words-in-transition,tear,gen-2_hulxaHL.wav,40
189,words-in-transition/tear/gen-2_jWu2HdL.wav,6,114.0,2,False,True,0.0,,words-in-transition,tear,gen-2_jWu2HdL.wav,41
167,words-in-transition/tear/gen-2_kIGFUrg.wav,6,54.0,2,False,True,0.0,,words-in-transition,tear,gen-2_kIGFUrg.wav,38
217,words-in-transition/tear/gen-2_l3XJsKR.wav,6,138.0,2,False,True,0.0,,words-in-transition,tear,gen-2_l3XJsKR.wav,39
185,words-in-transition/tear/gen-2_xC6ojWC.wav,6,86.0,2,False,True,0.0,,words-in-transition,tear,gen-2_xC6ojWC.wav,39
229,words-in-transition/tear/gen-3.wav,6,175.0,3,False,True,1245.53846154,4765.53846154,words-in-transition,tear,gen-3.wav,41
282,words-in-transition/tear/gen-3_0VlbKAg.wav,6,176.0,3,False,True,183.794884615,1543.87703077,words-in-transition,tear,gen-3_0VlbKAg.wav,40
250,words-in-transition/tear/gen-3_1UPPdHg.wav,6,181.0,3,False,True,0.0,4088.49818846,words-in-transition,tear,gen-3_1UPPdHg.wav,38
292,words-in-transition/tear/gen-3_7o9HpJn.wav,6,222.0,3,False,True,0.0,,words-in-transition,tear,gen-3_7o9HpJn.wav,39
287,words-in-transition/tear/gen-3_E3540iS.wav,6,167.0,3,False,True,1870.76923077,5120.0,words-in-transition,tear,gen-3_E3540iS.wav,38
254,words-in-transition/tear/gen-3_TG6C1G0.wav,6,155.0,3,False,True,0.0,,words-in-transition,tear,gen-3_TG6C1G0.wav,41
233,words-in-transition/tear/gen-3_VxD9X7o.wav,6,211.0,3,False,True,0.0,,words-in-transition,tear,gen-3_VxD9X7o.wav,39
248,words-in-transition/tear/gen-3_cZO7FUc.wav,6,216.0,3,False,True,0.0,,words-in-transition,tear,gen-3_cZO7FUc.wav,38
268,words-in-transition/tear/gen-3_jwr85QN.wav,6,217.0,3,False,True,0.0,3027.69230769,words-in-transition,tear,gen-3_jwr85QN.wav,39
260,words-in-transition/tear/gen-3_jzySLIp.wav,6,189.0,3,False,True,0.0,,words-in-transition,tear,gen-3_jzySLIp.wav,41
269,words-in-transition/tear/gen-3_kTF7A7j.wav,6,225.0,3,False,True,0.0,,words-in-transition,tear,gen-3_kTF7A7j.wav,40
280,words-in-transition/tear/gen-3_qIP39w6.wav,6,206.0,3,False,True,0.0,,words-in-transition,tear,gen-3_qIP39w6.wav,40
238,words-in-transition/tear/gen-3_st4XQjs.wav,6,185.0,3,False,True,0.0,,words-in-transition,tear,gen-3_st4XQjs.wav,39
261,words-in-transition/tear/gen-3_tdDDv8T.wav,6,163.0,3,True,True,0.0,,words-in-transition,tear,gen-3_tdDDv8T.wav,41
243,words-in-transition/tear/gen-3_ulI4j0O.wav,6,196.0,3,False,True,0.0,,words-in-transition,tear,gen-3_ulI4j0O.wav,40
271,words-in-transition/tear/gen-3_zr2XdiI.wav,6,197.0,3,False,True,0.0,,words-in-transition,tear,gen-3_zr2XdiI.wav,38
296,words-in-transition/tear/gen-4.wav,6,271.0,4,False,True,0.0,,words-in-transition,tear,gen-4.wav,38
349,words-in-transition/tear/gen-4_0JqyA7y.wav,6,229.0,4,False,True,0.0,,words-in-transition,tear,gen-4_0JqyA7y.wav,41
346,words-in-transition/tear/gen-4_CAsFUBd.wav,6,260.0,4,False,True,0.0,,words-in-transition,tear,gen-4_CAsFUBd.wav,41
304,words-in-transition/tear/gen-4_CDlwibq.wav,6,292.0,4,False,True,0.0,,words-in-transition,tear,gen-4_CDlwibq.wav,39
339,words-in-transition/tear/gen-4_GezGiP9.wav,6,248.0,4,False,True,0.0,,words-in-transition,tear,gen-4_GezGiP9.wav,38
308,words-in-transition/tear/gen-4_Lpy6ZLv.wav,6,250.0,4,False,True,0.0,,words-in-transition,tear,gen-4_Lpy6ZLv.wav,38
328,words-in-transition/tear/gen-4_OhwOgZo.wav,6,243.0,4,False,True,0.0,1797.25109231,words-in-transition,tear,gen-4_OhwOgZo.wav,40
311,words-in-transition/tear/gen-4_aURN2mg.wav,6,261.0,4,True,True,0.0,,words-in-transition,tear,gen-4_aURN2mg.wav,41
298,words-in-transition/tear/gen-4_as9vwRP.wav,6,287.0,4,False,True,0.0,,words-in-transition,tear,gen-4_as9vwRP.wav,38
334,words-in-transition/tear/gen-4_f1HFhek.wav,6,233.0,4,True,True,0.0,,words-in-transition,tear,gen-4_f1HFhek.wav,39
354,words-in-transition/tear/gen-4_hxqIBSx.wav,6,254.0,4,False,True,0.0,,words-in-transition,tear,gen-4_hxqIBSx.wav,41
316,words-in-transition/tear/gen-4_ias4Xhx.wav,6,280.0,4,False,True,0.0,,words-in-transition,tear,gen-4_ias4Xhx.wav,40
320,words-in-transition/tear/gen-4_jBsjt8T.wav,6,269.0,4,False,True,0.0,,words-in-transition,tear,gen-4_jBsjt8T.wav,40
335,words-in-transition/tear/gen-4_rwKlKLy.wav,6,268.0,4,False,True,0.0,,words-in-transition,tear,gen-4_rwKlKLy.wav,39
319,words-in-transition/tear/gen-4_u78NwND.wav,6,269.0,4,False,True,0.0,,words-in-transition,tear,gen-4_u78NwND.wav,40
302,words-in-transition/tear/gen-4_ueQ3hmu.wav,6,238.0,4,False,True,0.0,,words-in-transition,tear,gen-4_ueQ3hmu.wav,39
356,words-in-transition/tear/gen-4_zU1akcL.wav,6,282.0,4,False,True,0.0,,words-in-transition,tear,gen-4_zU1akcL.wav,40
362,words-in-transition/tear/gen-5.wav,6,311.0,5,True,True,0.0,,words-in-transition,tear,gen-5.wav,41
394,words-in-transition/tear/gen-5_0q6vwLE.wav,6,308.0,5,False,True,0.0,,words-in-transition,tear,gen-5_0q6vwLE.wav,38
382,words-in-transition/tear/gen-5_58vGGpB.wav,6,349.0,5,False,True,0.0,,words-in-transition,tear,gen-5_58vGGpB.wav,41
373,words-in-transition/tear/gen-5_6Aww6Eu.wav,6,328.0,5,False,True,0.0,,words-in-transition,tear,gen-5_6Aww6Eu.wav,40
407,words-in-transition/tear/gen-5_9TZDP1H.wav,6,296.0,5,False,True,0.0,,words-in-transition,tear,gen-5_9TZDP1H.wav,38
385,words-in-transition/tear/gen-5_ChUdbf3.wav,6,319.0,5,False,True,0.0,,words-in-transition,tear,gen-5_ChUdbf3.wav,40
408,words-in-transition/tear/gen-5_D8CuB3x.wav,6,320.0,5,False,True,0.0,,words-in-transition,tear,gen-5_D8CuB3x.wav,40
395,words-in-transition/tear/gen-5_GMcHCZV.wav,6,298.0,5,True,True,0.0,,words-in-transition,tear,gen-5_GMcHCZV.wav,38
398,words-in-transition/tear/gen-5_IvqiT62.wav,6,339.0,5,False,True,0.0,2846.52285,words-in-transition,tear,gen-5_IvqiT62.wav,38
436,words-in-transition/tear/gen-5_JkPqh7Z.wav,6,298.0,5,False,True,0.0,3935.23846154,words-in-transition,tear,gen-5_JkPqh7Z.wav,38
370,words-in-transition/tear/gen-5_RuET07N.wav,6,304.0,5,False,True,0.0,,words-in-transition,tear,gen-5_RuET07N.wav,39
376,words-in-transition/tear/gen-5_dcljofl.wav,6,316.0,5,False,True,0.0,,words-in-transition,tear,gen-5_dcljofl.wav,40
367,words-in-transition/tear/gen-5_hNWo0rI.wav,6,354.0,5,False,True,0.0,,words-in-transition,tear,gen-5_hNWo0rI.wav,41
413,words-in-transition/tear/gen-5_ieik7r4.wav,6,356.0,5,False,True,0.0,,words-in-transition,tear,gen-5_ieik7r4.wav,40
417,words-in-transition/tear/gen-5_pO0pZWe.wav,6,346.0,5,False,True,0.0,,words-in-transition,tear,gen-5_pO0pZWe.wav,41
420,words-in-transition/tear/gen-5_rV8I3nr.wav,6,335.0,5,False,True,0.0,,words-in-transition,tear,gen-5_rV8I3nr.wav,39
390,words-in-transition/tear/gen-5_xdVTA7x.wav,6,302.0,5,False,True,0.0,,words-in-transition,tear,gen-5_xdVTA7x.wav,39
424,words-in-transition/tear/gen-6.wav,6,376.0,6,False,True,0.0,,words-in-transition,tear,gen-6.wav,40
486,words-in-transition/tear/gen-6_3iGqovD.wav,6,420.0,6,False,True,0.0,,words-in-transition,tear,gen-6_3iGqovD.wav,39
503,words-in-transition/tear/gen-6_BGo4fd5.wav,6,367.0,6,False,True,0.0,,words-in-transition,tear,gen-6_BGo4fd5.wav,41
474,words-in-transition/tear/gen-6_FmwIM4D.wav,6,367.0,6,True,True,0.0,,words-in-transition,tear,gen-6_FmwIM4D.wav,41
450,words-in-transition/tear/gen-6_LsYMQPt.wav,6,373.0,6,False,True,0.0,,words-in-transition,tear,gen-6_LsYMQPt.wav,40
481,words-in-transition/tear/gen-6_QUrC6y0.wav,6,436.0,6,False,True,0.0,,words-in-transition,tear,gen-6_QUrC6y0.wav,38
467,words-in-transition/tear/gen-6_T4IwybL.wav,6,398.0,6,False,True,0.0,,words-in-transition,tear,gen-6_T4IwybL.wav,38
433,words-in-transition/tear/gen-6_TxdhdgH.wav,6,413.0,6,False,True,0.0,,words-in-transition,tear,gen-6_TxdhdgH.wav,40
425,words-in-transition/tear/gen-6_Unc0Yh9.wav,6,385.0,6,True,True,0.0,,words-in-transition,tear,gen-6_Unc0Yh9.wav,40
463,words-in-transition/tear/gen-6_Z35bKjx.wav,6,362.0,6,True,True,0.0,,words-in-transition,tear,gen-6_Z35bKjx.wav,41
454,words-in-transition/tear/gen-6_ZOtrEyF.wav,6,417.0,6,False,True,0.0,,words-in-transition,tear,gen-6_ZOtrEyF.wav,41
439,words-in-transition/tear/gen-6_cvJXM5E.wav,6,382.0,6,False,True,0.0,,words-in-transition,tear,gen-6_cvJXM5E.wav,41
444,words-in-transition/tear/gen-6_frNXOiG.wav,6,390.0,6,False,True,0.0,,words-in-transition,tear,gen-6_frNXOiG.wav,39
447,words-in-transition/tear/gen-6_gtWECYn.wav,6,407.0,6,False,True,0.0,,words-in-transition,tear,gen-6_gtWECYn.wav,38
472,words-in-transition/tear/gen-6_lRg9jq2.wav,6,370.0,6,False,True,0.0,,words-in-transition,tear,gen-6_lRg9jq2.wav,39
458,words-in-transition/tear/gen-6_n1tyNdU.wav,6,394.0,6,False,True,0.0,,words-in-transition,tear,gen-6_n1tyNdU.wav,38
482,words-in-transition/tear/gen-6_uTStiWz.wav,6,408.0,6,False,True,0.0,,words-in-transition,tear,gen-6_uTStiWz.wav,40
490,words-in-transition/tear/gen-7.wav,6,467.0,7,False,True,0.0,,words-in-transition,tear,gen-7.wav,38
500,words-in-transition/tear/gen-7_7V473jG.wav,6,482.0,7,False,True,0.0,,words-in-transition,tear,gen-7_7V473jG.wav,40
537,words-in-transition/tear/gen-7_DRzKwJv.wav,6,486.0,7,False,True,0.0,,words-in-transition,tear,gen-7_DRzKwJv.wav,39
550,words-in-transition/tear/gen-7_MNLPle6.wav,6,433.0,7,True,True,0.0,,words-in-transition,tear,gen-7_MNLPle6.wav,40
527,words-in-transition/tear/gen-7_OKn5tIV.wav,6,439.0,7,False,True,0.0,,words-in-transition,tear,gen-7_OKn5tIV.wav,41
535,words-in-transition/tear/gen-7_QJrEi0k.wav,6,424.0,7,False,True,0.0,,words-in-transition,tear,gen-7_QJrEi0k.wav,40
519,words-in-transition/tear/gen-7_SZvFkZD.wav,6,447.0,7,False,True,0.0,,words-in-transition,tear,gen-7_SZvFkZD.wav,38
530,words-in-transition/tear/gen-7_YvOGMXz.wav,6,450.0,7,False,True,0.0,,words-in-transition,tear,gen-7_YvOGMXz.wav,40
543,words-in-transition/tear/gen-7_ezKsH4Q.wav,6,444.0,7,False,True,0.0,,words-in-transition,tear,gen-7_ezKsH4Q.wav,39
510,words-in-transition/tear/gen-7_gUjfBMc.wav,6,472.0,7,False,True,0.0,,words-in-transition,tear,gen-7_gUjfBMc.wav,39
495,words-in-transition/tear/gen-7_jzxH8mB.wav,6,481.0,7,False,True,0.0,,words-in-transition,tear,gen-7_jzxH8mB.wav,38
514,words-in-transition/tear/gen-7_orvkdRh.wav,6,463.0,7,True,True,0.0,,words-in-transition,tear,gen-7_orvkdRh.wav,41
507,words-in-transition/tear/gen-7_r86Tsyo.wav,6,458.0,7,False,True,0.0,,words-in-transition,tear,gen-7_r86Tsyo.wav,38
546,words-in-transition/tear/gen-7_zPxeOth.wav,6,454.0,7,True,True,0.0,,words-in-transition,tear,gen-7_zPxeOth.wav,41
522,words-in-transition/tear/gen-7_zo5ATKB.wav,6,503.0,7,False,True,0.0,,words-in-transition,tear,gen-7_zo5ATKB.wav,41
552,words-in-transition/tear/gen-8.wav,6,507.0,8,False,True,0.0,,words-in-transition,tear,gen-8.wav,38
567,words-in-transition/tear/gen-8_DVv56TO.wav,6,530.0,8,False,True,0.0,,words-in-transition,tear,gen-8_DVv56TO.wav,40
559,words-in-transition/tear/gen-8_Xttisbn.wav,6,535.0,8,False,True,0.0,,words-in-transition,tear,gen-8_Xttisbn.wav,40
560,words-in-transition/tear/gen-8_aOl1OQX.wav,6,510.0,8,False,True,0.0,,words-in-transition,tear,gen-8_aOl1OQX.wav,39
38,words-in-transition/tear/seed.wav,6,,0,False,True,0.0,,words-in-transition,tear,seed.wav,38
39,words-in-transition/tear/seed_14TGyOq.wav,6,,0,False,True,0.0,,words-in-transition,tear,seed_14TGyOq.wav,39
40,words-in-transition/tear/seed_MLO509m.wav,6,,0,False,True,0.0,,words-in-transition,tear,seed_MLO509m.wav,40
41,words-in-transition/tear/seed_kEFWfwa.wav,6,,0,False,True,0.0,,words-in-transition,tear,seed_kEFWfwa.wav,41
50,words-in-transition/water/gen-1.wav,7,43.0,1,False,True,0.0,,words-in-transition,water,gen-1.wav,43
142,words-in-transition/water/gen-1_0Rnn7ne.wav,7,44.0,1,True,True,0.0,,words-in-transition,water,gen-1_0Rnn7ne.wav,44
209,words-in-transition/water/gen-1_0WfvRvk.wav,7,43.0,1,False,True,0.0,,words-in-transition,water,gen-1_0WfvRvk.wav,43
137,words-in-transition/water/gen-1_4opXEQZ.wav,7,42.0,1,False,True,0.0,,words-in-transition,water,gen-1_4opXEQZ.wav,42
52,words-in-transition/water/gen-1_5PkhmA6.wav,7,45.0,1,False,True,0.0,,words-in-transition,water,gen-1_5PkhmA6.wav,45
220,words-in-transition/water/gen-1_8X1vNOE.wav,7,44.0,1,False,True,0.0,,words-in-transition,water,gen-1_8X1vNOE.wav,44
95,words-in-transition/water/gen-1_CkkNYyc.wav,7,45.0,1,False,True,0.0,,words-in-transition,water,gen-1_CkkNYyc.wav,45
88,words-in-transition/water/gen-1_FU8op1B.wav,7,43.0,1,False,True,2290.23667097,6826.667,words-in-transition,water,gen-1_FU8op1B.wav,43
208,words-in-transition/water/gen-1_G8lHT0P.wav,7,45.0,1,True,True,0.0,,words-in-transition,water,gen-1_G8lHT0P.wav,45
153,words-in-transition/water/gen-1_Hu4AAhH.wav,7,44.0,1,False,True,0.0,,words-in-transition,water,gen-1_Hu4AAhH.wav,44
224,words-in-transition/water/gen-1_PB2ocgt.wav,7,43.0,1,False,True,0.0,,words-in-transition,water,gen-1_PB2ocgt.wav,43
64,words-in-transition/water/gen-1_PMHZFm6.wav,7,45.0,1,False,True,0.0,,words-in-transition,water,gen-1_PMHZFm6.wav,45
107,words-in-transition/water/gen-1_PQCsawO.wav,7,44.0,1,True,True,0.0,,words-in-transition,water,gen-1_PQCsawO.wav,44
115,words-in-transition/water/gen-1_PhnHKIl.wav,7,42.0,1,False,True,303.589711538,2331.56898462,words-in-transition,water,gen-1_PhnHKIl.wav,42
112,words-in-transition/water/gen-1_RARKT6l.wav,7,42.0,1,False,True,0.0,,words-in-transition,water,gen-1_RARKT6l.wav,42
92,words-in-transition/water/gen-1_SSDpR1g.wav,7,44.0,1,False,True,0.0,,words-in-transition,water,gen-1_SSDpR1g.wav,44
66,words-in-transition/water/gen-1_V8Y9GsC.wav,7,44.0,1,True,True,706.336120968,3163.15741129,words-in-transition,water,gen-1_V8Y9GsC.wav,44
151,words-in-transition/water/gen-1_VFJjIv2.wav,7,43.0,1,True,True,0.0,,words-in-transition,water,gen-1_VFJjIv2.wav,43
73,words-in-transition/water/gen-1_VY7KGxT.wav,7,42.0,1,False,True,0.0,,words-in-transition,water,gen-1_VY7KGxT.wav,42
214,words-in-transition/water/gen-1_WHTBlab.wav,7,44.0,1,False,True,0.0,,words-in-transition,water,gen-1_WHTBlab.wav,44
77,words-in-transition/water/gen-1_e8lekFI.wav,7,42.0,1,True,True,0.0,,words-in-transition,water,gen-1_e8lekFI.wav,42
240,words-in-transition/water/gen-1_eVCHPk0.wav,7,45.0,1,False,True,0.0,,words-in-transition,water,gen-1_eVCHPk0.wav,45
133,words-in-transition/water/gen-1_gNaZ9Os.wav,7,45.0,1,True,True,0.0,,words-in-transition,water,gen-1_gNaZ9Os.wav,45
102,words-in-transition/water/gen-1_nNf7bHx.wav,7,45.0,1,True,True,0.0,,words-in-transition,water,gen-1_nNf7bHx.wav,45
147,words-in-transition/water/gen-1_ptSxuF2.wav,7,43.0,1,True,True,0.0,,words-in-transition,water,gen-1_ptSxuF2.wav,43
96,words-in-transition/water/gen-1_rpw2e4r.wav,7,44.0,1,True,True,0.0,,words-in-transition,water,gen-1_rpw2e4r.wav,44
125,words-in-transition/water/gen-1_ujHXBFR.wav,7,43.0,1,True,True,0.0,,words-in-transition,water,gen-1_ujHXBFR.wav,43
58,words-in-transition/water/gen-1_vjFVZYs.wav,7,42.0,1,False,True,0.0,,words-in-transition,water,gen-1_vjFVZYs.wav,42
157,words-in-transition/water/gen-2.wav,7,147.0,2,True,True,0.0,,words-in-transition,water,gen-2.wav,43
184,words-in-transition/water/gen-2_0Atzg1b.wav,7,92.0,2,False,True,0.0,,words-in-transition,water,gen-2_0Atzg1b.wav,44
253,words-in-transition/water/gen-2_1mpy8nq.wav,7,209.0,2,False,True,0.0,,words-in-transition,water,gen-2_1mpy8nq.wav,43
161,words-in-transition/water/gen-2_2CcGOtL.wav,7,153.0,2,False,True,0.0,2148.10241154,words-in-transition,water,gen-2_2CcGOtL.wav,44
165,words-in-transition/water/gen-2_4wcGEN3.wav,7,50.0,2,False,True,0.0,5794.03846154,words-in-transition,water,gen-2_4wcGEN3.wav,43
264,words-in-transition/water/gen-2_DlHWEW1.wav,7,115.0,2,False,True,0.0,,words-in-transition,water,gen-2_DlHWEW1.wav,42
200,words-in-transition/water/gen-2_EYJyPPA.wav,7,58.0,2,False,True,0.0,,words-in-transition,water,gen-2_EYJyPPA.wav,42
195,words-in-transition/water/gen-2_EvCEpWO.wav,7,151.0,2,True,True,0.0,,words-in-transition,water,gen-2_EvCEpWO.wav,43
246,words-in-transition/water/gen-2_KLgvCPc.wav,7,214.0,2,False,True,0.0,,words-in-transition,water,gen-2_KLgvCPc.wav,44
252,words-in-transition/water/gen-2_MaqTkqd.wav,7,220.0,2,True,True,0.0,,words-in-transition,water,gen-2_MaqTkqd.wav,44
173,words-in-transition/water/gen-2_Q4VEdjP.wav,7,112.0,2,False,True,0.0,,words-in-transition,water,gen-2_Q4VEdjP.wav,42
249,words-in-transition/water/gen-2_RvJQ6pQ.wav,7,224.0,2,False,True,0.0,,words-in-transition,water,gen-2_RvJQ6pQ.wav,43
228,words-in-transition/water/gen-2_UbGnzvu.wav,7,95.0,2,False,True,0.0,,words-in-transition,water,gen-2_UbGnzvu.wav,45
536,words-in-transition/water/gen-2_VlLBb0X.wav,7,220.0,2,False,True,0.0,,words-in-transition,water,gen-2_VlLBb0X.wav,44
267,words-in-transition/water/gen-2_YO1VIuN.wav,7,240.0,2,False,True,708.923076923,3840.0,words-in-transition,water,gen-2_YO1VIuN.wav,45
183,words-in-transition/water/gen-2_bYlR7B9.wav,7,52.0,2,False,True,498.543526923,2645.333,words-in-transition,water,gen-2_bYlR7B9.wav,45
231,words-in-transition/water/gen-2_iCQqdoc.wav,7,137.0,2,False,True,0.0,,words-in-transition,water,gen-2_iCQqdoc.wav,42
190,words-in-transition/water/gen-2_pTyBAl1.wav,7,133.0,2,True,True,0.0,,words-in-transition,water,gen-2_pTyBAl1.wav,45
234,words-in-transition/water/gen-2_rvKH1Ex.wav,7,73.0,2,False,True,0.0,,words-in-transition,water,gen-2_rvKH1Ex.wav,42
179,words-in-transition/water/gen-2_tZo28K8.wav,7,88.0,2,False,True,0.0,,words-in-transition,water,gen-2_tZo28K8.wav,43
258,words-in-transition/water/gen-2_xEUHbbl.wav,7,64.0,2,False,True,0.0,,words-in-transition,water,gen-2_xEUHbbl.wav,45
272,words-in-transition/water/gen-3.wav,7,228.0,3,False,True,0.0,,words-in-transition,water,gen-3.wav,45
278,words-in-transition/water/gen-3_78nvTYK.wav,7,228.0,3,True,True,0.0,6285.78461538,words-in-transition,water,gen-3_78nvTYK.wav,45
285,words-in-transition/water/gen-3_CbfNeTq.wav,7,200.0,3,False,True,0.0,,words-in-transition,water,gen-3_CbfNeTq.wav,42
343,words-in-transition/water/gen-3_LwcyTtw.wav,7,246.0,3,False,True,0.0,,words-in-transition,water,gen-3_LwcyTtw.wav,44
300,words-in-transition/water/gen-3_N30QGYu.wav,7,161.0,3,False,True,0.0,,words-in-transition,water,gen-3_N30QGYu.wav,44
323,words-in-transition/water/gen-3_QNNybiu.wav,7,252.0,3,True,True,0.0,,words-in-transition,water,gen-3_QNNybiu.wav,44
303,words-in-transition/water/gen-3_RF4n27S.wav,7,249.0,3,False,True,0.0,3465.84615385,words-in-transition,water,gen-3_RF4n27S.wav,43
289,words-in-transition/water/gen-3_bJeP4N1.wav,7,267.0,3,False,True,0.0,,words-in-transition,water,gen-3_bJeP4N1.wav,45
337,words-in-transition/water/gen-3_cD57dGr.wav,7,183.0,3,False,True,0.0,,words-in-transition,water,gen-3_cD57dGr.wav,45
340,words-in-transition/water/gen-3_ewkqNKY.wav,7,246.0,3,False,True,0.0,,words-in-transition,water,gen-3_ewkqNKY.wav,44
279,words-in-transition/water/gen-3_fTc5ACl.wav,7,258.0,3,False,True,0.0,,words-in-transition,water,gen-3_fTc5ACl.wav,45
315,words-in-transition/water/gen-3_g5fN28O.wav,7,231.0,3,False,True,0.0,,words-in-transition,water,gen-3_g5fN28O.wav,42
327,words-in-transition/water/gen-3_gVHOine.wav,7,165.0,3,False,True,565.169230769,5046.15384615,words-in-transition,water,gen-3_gVHOine.wav,43
312,words-in-transition/water/gen-3_ne1pMeu.wav,7,184.0,3,False,True,0.0,2537.72307692,words-in-transition,water,gen-3_ne1pMeu.wav,44
326,words-in-transition/water/gen-3_oeK3Z3Z.wav,7,253.0,3,False,True,0.0,,words-in-transition,water,gen-3_oeK3Z3Z.wav,43
274,words-in-transition/water/gen-3_pXBRP8U.wav,7,234.0,3,False,True,0.0,,words-in-transition,water,gen-3_pXBRP8U.wav,42
310,words-in-transition/water/gen-3_sgc0wHv.wav,7,264.0,3,False,True,0.0,,words-in-transition,water,gen-3_sgc0wHv.wav,42
295,words-in-transition/water/gen-3_sjGXsEa.wav,7,173.0,3,False,True,0.0,,words-in-transition,water,gen-3_sjGXsEa.wav,42
541,words-in-transition/water/gen-3_ukabG8p.wav,7,536.0,3,False,True,0.0,,words-in-transition,water,gen-3_ukabG8p.wav,44
333,words-in-transition/water/gen-3_uzZZpF0.wav,7,246.0,3,True,True,0.0,,words-in-transition,water,gen-3_uzZZpF0.wav,44
291,words-in-transition/water/gen-3_vwAMqcU.wav,7,179.0,3,False,True,0.0,,words-in-transition,water,gen-3_vwAMqcU.wav,43
347,words-in-transition/water/gen-4.wav,7,272.0,4,False,True,0.0,,words-in-transition,water,gen-4.wav,45
381,words-in-transition/water/gen-4_19Ynj07.wav,7,312.0,4,False,True,0.0,,words-in-transition,water,gen-4_19Ynj07.wav,44
386,words-in-transition/water/gen-4_DWriC4L.wav,7,300.0,4,False,True,0.0,,words-in-transition,water,gen-4_DWriC4L.wav,44
375,words-in-transition/water/gen-4_H3R1yZy.wav,7,295.0,4,False,True,0.0,,words-in-transition,water,gen-4_H3R1yZy.wav,42
364,words-in-transition/water/gen-4_Oz3Sld4.wav,7,315.0,4,False,True,0.0,,words-in-transition,water,gen-4_Oz3Sld4.wav,42
441,words-in-transition/water/gen-4_PaPlX5Z.wav,7,327.0,4,False,True,0.0,,words-in-transition,water,gen-4_PaPlX5Z.wav,43
351,words-in-transition/water/gen-4_PsC2Grb.wav,7,285.0,4,False,True,0.0,,words-in-transition,water,gen-4_PsC2Grb.wav,42
353,words-in-transition/water/gen-4_TuE4njJ.wav,7,303.0,4,False,True,0.0,,words-in-transition,water,gen-4_TuE4njJ.wav,43
359,words-in-transition/water/gen-4_UHXdBH3.wav,7,274.0,4,False,True,0.0,,words-in-transition,water,gen-4_UHXdBH3.wav,42
369,words-in-transition/water/gen-4_UulitUJ.wav,7,310.0,4,False,True,0.0,,words-in-transition,water,gen-4_UulitUJ.wav,42
397,words-in-transition/water/gen-4_Vyt9JTG.wav,7,289.0,4,False,True,0.0,,words-in-transition,water,gen-4_Vyt9JTG.wav,45
372,words-in-transition/water/gen-4_egAFL5U.wav,7,343.0,4,False,True,0.0,,words-in-transition,water,gen-4_egAFL5U.wav,44
402,words-in-transition/water/gen-4_gf0gore.wav,7,327.0,4,True,True,0.0,,words-in-transition,water,gen-4_gf0gore.wav,43
389,words-in-transition/water/gen-4_gwNbEiS.wav,7,323.0,4,True,True,0.0,,words-in-transition,water,gen-4_gwNbEiS.wav,44
414,words-in-transition/water/gen-4_hjdFiFZ.wav,7,279.0,4,False,True,0.0,,words-in-transition,water,gen-4_hjdFiFZ.wav,45
545,words-in-transition/water/gen-4_mVlVzxN.wav,7,541.0,4,True,True,0.0,,words-in-transition,water,gen-4_mVlVzxN.wav,44
410,words-in-transition/water/gen-4_nBErNiU.wav,7,337.0,4,False,True,0.0,,words-in-transition,water,gen-4_nBErNiU.wav,45
363,words-in-transition/water/gen-4_nf4HXv0.wav,7,340.0,4,False,True,0.0,,words-in-transition,water,gen-4_nf4HXv0.wav,44
403,words-in-transition/water/gen-4_oK8CEkz.wav,7,291.0,4,False,True,0.0,,words-in-transition,water,gen-4_oK8CEkz.wav,43
393,words-in-transition/water/gen-4_syV7EPS.wav,7,326.0,4,True,True,1048.94365,5802.667,words-in-transition,water,gen-4_syV7EPS.wav,43
419,words-in-transition/water/gen-5.wav,7,393.0,5,True,True,0.0,,words-in-transition,water,gen-5.wav,43
497,words-in-transition/water/gen-5_2lWi7OM.wav,7,397.0,5,False,True,0.0,,words-in-transition,water,gen-5_2lWi7OM.wav,45
487,words-in-transition/water/gen-5_5x4m2cn.wav,7,414.0,5,False,True,0.0,,words-in-transition,water,gen-5_5x4m2cn.wav,45
451,words-in-transition/water/gen-5_6YtAavQ.wav,7,375.0,5,True,True,0.0,,words-in-transition,water,gen-5_6YtAavQ.wav,42
476,words-in-transition/water/gen-5_AbiiPHg.wav,7,381.0,5,False,True,0.0,,words-in-transition,water,gen-5_AbiiPHg.wav,44
465,words-in-transition/water/gen-5_HGEeolL.wav,7,441.0,5,False,True,0.0,,words-in-transition,water,gen-5_HGEeolL.wav,43
504,words-in-transition/water/gen-5_Htw8lE5.wav,7,375.0,5,False,True,0.0,,words-in-transition,water,gen-5_Htw8lE5.wav,42
459,words-in-transition/water/gen-5_I3zFnyZ.wav,7,353.0,5,False,True,0.0,,words-in-transition,water,gen-5_I3zFnyZ.wav,43
442,words-in-transition/water/gen-5_IrhoHkY.wav,7,410.0,5,False,True,0.0,,words-in-transition,water,gen-5_IrhoHkY.wav,45
501,words-in-transition/water/gen-5_L2wsRmH.wav,7,363.0,5,False,True,0.0,,words-in-transition,water,gen-5_L2wsRmH.wav,44
479,words-in-transition/water/gen-5_LioKE9d.wav,7,359.0,5,False,True,0.0,,words-in-transition,water,gen-5_LioKE9d.wav,42
428,words-in-transition/water/gen-5_QZl2PXO.wav,7,363.0,5,True,True,418.133396154,2218.667,words-in-transition,water,gen-5_QZl2PXO.wav,44
448,words-in-transition/water/gen-5_QhFq5vm.wav,7,372.0,5,False,True,0.0,,words-in-transition,water,gen-5_QhFq5vm.wav,44
455,words-in-transition/water/gen-5_UbKIHl3.wav,7,403.0,5,False,True,0.0,,words-in-transition,water,gen-5_UbKIHl3.wav,43
555,words-in-transition/water/gen-5_YRwQjep.wav,7,364.0,5,False,True,0.0,,words-in-transition,water,gen-5_YRwQjep.wav,42
551,words-in-transition/water/gen-5_YtXxfRA.wav,7,545.0,5,True,True,0.0,,words-in-transition,water,gen-5_YtXxfRA.wav,44
437,words-in-transition/water/gen-5_YuXYEMV.wav,7,389.0,5,True,True,0.0,3706.26201923,words-in-transition,water,gen-5_YuXYEMV.wav,44
492,words-in-transition/water/gen-5_gOCLMLo.wav,7,386.0,5,False,True,0.0,,words-in-transition,water,gen-5_gOCLMLo.wav,44
432,words-in-transition/water/gen-5_jhJHRgr.wav,7,410.0,5,True,True,0.0,,words-in-transition,water,gen-5_jhJHRgr.wav,45
470,words-in-transition/water/gen-5_liTp83S.wav,7,364.0,5,True,True,0.0,,words-in-transition,water,gen-5_liTp83S.wav,42
466,words-in-transition/water/gen-5_oPnewbU.wav,7,347.0,5,False,True,0.0,,words-in-transition,water,gen-5_oPnewbU.wav,45
485,words-in-transition/water/gen-5_p5pZAdY.wav,7,351.0,5,False,True,0.0,,words-in-transition,water,gen-5_p5pZAdY.wav,42
421,words-in-transition/water/gen-5_sDX1KY4.wav,7,369.0,5,False,True,0.0,,words-in-transition,water,gen-5_sDX1KY4.wav,42
506,words-in-transition/water/gen-6.wav,7,501.0,6,False,True,0.0,,words-in-transition,water,gen-6.wav,44
518,words-in-transition/water/gen-6_5VywjuG.wav,7,470.0,6,True,True,0.0,,words-in-transition,water,gen-6_5VywjuG.wav,42
515,words-in-transition/water/gen-6_JrFejUD.wav,7,492.0,6,False,True,0.0,,words-in-transition,water,gen-6_JrFejUD.wav,44
534,words-in-transition/water/gen-6_MtwZFZb.wav,7,476.0,6,False,True,0.0,,words-in-transition,water,gen-6_MtwZFZb.wav,44
531,words-in-transition/water/gen-6_RBVvohs.wav,7,504.0,6,False,True,0.0,,words-in-transition,water,gen-6_RBVvohs.wav,42
563,words-in-transition/water/gen-6_ViCN7sL.wav,7,485.0,6,False,True,0.0,,words-in-transition,water,gen-6_ViCN7sL.wav,42
558,words-in-transition/water/gen-6_W5rcoRp.wav,7,551.0,6,True,True,0.0,,words-in-transition,water,gen-6_W5rcoRp.wav,44
564,words-in-transition/water/gen-6_jcAAGgZ.wav,7,459.0,6,False,True,0.0,,words-in-transition,water,gen-6_jcAAGgZ.wav,43
511,words-in-transition/water/gen-6_obW9UFB.wav,7,465.0,6,False,True,0.0,,words-in-transition,water,gen-6_obW9UFB.wav,43
526,words-in-transition/water/gen-6_qINYt8g.wav,7,442.0,6,True,True,0.0,,words-in-transition,water,gen-6_qINYt8g.wav,45
523,words-in-transition/water/gen-6_uxRHaC1.wav,7,437.0,6,True,True,0.0,,words-in-transition,water,gen-6_uxRHaC1.wav,44
42,words-in-transition/water/seed.wav,7,,0,False,True,0.0,,words-in-transition,water,seed.wav,42
43,words-in-transition/water/seed_8awbmVX.wav,7,,0,False,True,0.0,,words-in-transition,water,seed_8awbmVX.wav,43
44,words-in-transition/water/seed_HK1ZPsf.wav,7,,0,False,True,0.0,,words-in-transition,water,seed_HK1ZPsf.wav,44
45,words-in-transition/water/seed_YqBaNHe.wav,7,,0,False,True,0.0,,words-in-transition,water,seed_YqBaNHe.wav,45
53,words-in-transition/zipper/gen-1.wav,8,47.0,1,False,True,0.0,,words-in-transition,zipper,gen-1.wav,47
60,words-in-transition/zipper/gen-1_0CctGtT.wav,8,46.0,1,False,True,0.0,,words-in-transition,zipper,gen-1_0CctGtT.wav,46
65,words-in-transition/zipper/gen-1_0bg2H3E.wav,8,49.0,1,False,True,0.0,,words-in-transition,zipper,gen-1_0bg2H3E.wav,49
67,words-in-transition/zipper/gen-1_1T5kn5p.wav,8,47.0,1,True,True,0.0,,words-in-transition,zipper,gen-1_1T5kn5p.wav,47
118,words-in-transition/zipper/gen-1_7gau3UE.wav,8,49.0,1,False,True,0.0,,words-in-transition,zipper,gen-1_7gau3UE.wav,49
141,words-in-transition/zipper/gen-1_A2chacM.wav,8,48.0,1,False,True,0.0,,words-in-transition,zipper,gen-1_A2chacM.wav,48
55,words-in-transition/zipper/gen-1_Cz5Hj76.wav,8,46.0,1,False,True,0.0,,words-in-transition,zipper,gen-1_Cz5Hj76.wav,46
97,words-in-transition/zipper/gen-1_GpBioBr.wav,8,49.0,1,False,True,0.0,,words-in-transition,zipper,gen-1_GpBioBr.wav,49
89,words-in-transition/zipper/gen-1_HyXeIbc.wav,8,46.0,1,False,True,0.0,,words-in-transition,zipper,gen-1_HyXeIbc.wav,46
105,words-in-transition/zipper/gen-1_Leq8t0t.wav,8,48.0,1,False,True,0.0,,words-in-transition,zipper,gen-1_Leq8t0t.wav,48
70,words-in-transition/zipper/gen-1_S9iSkF7.wav,8,48.0,1,False,True,2340.57145,3645.68271935,words-in-transition,zipper,gen-1_S9iSkF7.wav,48
103,words-in-transition/zipper/gen-1_V7d4NFT.wav,8,48.0,1,False,True,0.0,,words-in-transition,zipper,gen-1_V7d4NFT.wav,48
90,words-in-transition/zipper/gen-1_XKU805E.wav,8,46.0,1,False,True,0.0,,words-in-transition,zipper,gen-1_XKU805E.wav,46
132,words-in-transition/zipper/gen-1_eqkbAZV.wav,8,49.0,1,False,True,0.0,1203.85624231,words-in-transition,zipper,gen-1_eqkbAZV.wav,49
113,words-in-transition/zipper/gen-1_j72o0yS.wav,8,47.0,1,False,True,0.0,,words-in-transition,zipper,gen-1_j72o0yS.wav,47
76,words-in-transition/zipper/gen-1_jKvxvMB.wav,8,48.0,1,True,True,0.0,,words-in-transition,zipper,gen-1_jKvxvMB.wav,48
139,words-in-transition/zipper/gen-1_jcgXUr4.wav,8,47.0,1,False,True,0.0,,words-in-transition,zipper,gen-1_jcgXUr4.wav,47
94,words-in-transition/zipper/gen-1_rabZml7.wav,8,49.0,1,False,True,0.0,,words-in-transition,zipper,gen-1_rabZml7.wav,49
117,words-in-transition/zipper/gen-1_rakUKUj.wav,8,47.0,1,False,True,0.0,,words-in-transition,zipper,gen-1_rakUKUj.wav,47
124,words-in-transition/zipper/gen-2.wav,8,97.0,2,True,True,0.0,,words-in-transition,zipper,gen-2.wav,49
207,words-in-transition/zipper/gen-2_20CZETe.wav,8,65.0,2,False,True,0.0,,words-in-transition,zipper,gen-2_20CZETe.wav,49
150,words-in-transition/zipper/gen-2_7xIMs7c.wav,8,105.0,2,False,True,0.0,,words-in-transition,zipper,gen-2_7xIMs7c.wav,48
539,words-in-transition/zipper/gen-2_8TRqzzC.wav,8,113.0,2,False,False,0.0,,words-in-transition,zipper,gen-2_8TRqzzC.wav,47
193,words-in-transition/zipper/gen-2_J8whZvD.wav,8,90.0,2,False,True,0.0,,words-in-transition,zipper,gen-2_J8whZvD.wav,46
198,words-in-transition/zipper/gen-2_L3vdRND.wav,8,117.0,2,False,True,0.0,,words-in-transition,zipper,gen-2_L3vdRND.wav,47
182,words-in-transition/zipper/gen-2_Mzp83qK.wav,8,103.0,2,False,True,0.0,,words-in-transition,zipper,gen-2_Mzp83qK.wav,48
191,words-in-transition/zipper/gen-2_RZuiVf1.wav,8,60.0,2,False,True,0.0,,words-in-transition,zipper,gen-2_RZuiVf1.wav,46
203,words-in-transition/zipper/gen-2_a3gqr46.wav,8,55.0,2,False,True,0.0,,words-in-transition,zipper,gen-2_a3gqr46.wav,46
174,words-in-transition/zipper/gen-2_akSjs6m.wav,8,113.0,2,False,True,0.0,,words-in-transition,zipper,gen-2_akSjs6m.wav,47
177,words-in-transition/zipper/gen-2_b6EUVZ1.wav,8,141.0,2,False,True,0.0,,words-in-transition,zipper,gen-2_b6EUVZ1.wav,48
166,words-in-transition/zipper/gen-2_cBqNjhJ.wav,8,70.0,2,False,True,1087.01538462,3600.73846154,words-in-transition,zipper,gen-2_cBqNjhJ.wav,48
146,words-in-transition/zipper/gen-2_dS0xCAS.wav,8,139.0,2,False,True,0.0,,words-in-transition,zipper,gen-2_dS0xCAS.wav,47
162,words-in-transition/zipper/gen-2_h7nT2ur.wav,8,94.0,2,False,True,0.0,,words-in-transition,zipper,gen-2_h7nT2ur.wav,49
202,words-in-transition/zipper/gen-2_o3StuGH.wav,8,132.0,2,False,True,0.0,,words-in-transition,zipper,gen-2_o3StuGH.wav,49
187,words-in-transition/zipper/gen-2_sGfN5y7.wav,8,53.0,2,False,True,0.0,,words-in-transition,zipper,gen-2_sGfN5y7.wav,47
154,words-in-transition/zipper/gen-2_xlIYurp.wav,8,89.0,2,False,True,827.076923077,2176.0,words-in-transition,zipper,gen-2_xlIYurp.wav,46
158,words-in-transition/zipper/gen-2_xqlqhue.wav,8,118.0,2,False,True,0.0,,words-in-transition,zipper,gen-2_xqlqhue.wav,49
212,words-in-transition/zipper/gen-3.wav,8,202.0,3,False,True,0.0,,words-in-transition,zipper,gen-3.wav,49
255,words-in-transition/zipper/gen-3_0JfOmON.wav,8,162.0,3,False,True,0.0,,words-in-transition,zipper,gen-3_0JfOmON.wav,49
540,words-in-transition/zipper/gen-3_0Lp3Ukr.wav,8,539.0,3,False,False,0.0,,words-in-transition,zipper,gen-3_0Lp3Ukr.wav,47
241,words-in-transition/zipper/gen-3_5bY2EoD.wav,8,154.0,3,False,True,0.0,3720.19390385,words-in-transition,zipper,gen-3_5bY2EoD.wav,46
227,words-in-transition/zipper/gen-3_7eKK2hZ.wav,8,187.0,3,False,True,0.0,,words-in-transition,zipper,gen-3_7eKK2hZ.wav,47
244,words-in-transition/zipper/gen-3_CHDSu21.wav,8,158.0,3,False,True,0.0,,words-in-transition,zipper,gen-3_CHDSu21.wav,49
275,words-in-transition/zipper/gen-3_EHu8y3s.wav,8,182.0,3,False,True,0.0,,words-in-transition,zipper,gen-3_EHu8y3s.wav,48
213,words-in-transition/zipper/gen-3_GIUtJht.wav,8,203.0,3,False,True,0.0,2432.0,words-in-transition,zipper,gen-3_GIUtJht.wav,46
265,words-in-transition/zipper/gen-3_HEbrOFF.wav,8,193.0,3,False,True,3452.38954231,5233.55866923,words-in-transition,zipper,gen-3_HEbrOFF.wav,46
237,words-in-transition/zipper/gen-3_Ou10iuj.wav,8,191.0,3,False,True,0.0,,words-in-transition,zipper,gen-3_Ou10iuj.wav,46
273,words-in-transition/zipper/gen-3_YUQ6LI1.wav,8,166.0,3,False,True,0.0,,words-in-transition,zipper,gen-3_YUQ6LI1.wav,48
223,words-in-transition/zipper/gen-3_b8sIWzk.wav,8,198.0,3,False,True,0.0,,words-in-transition,zipper,gen-3_b8sIWzk.wav,47
218,words-in-transition/zipper/gen-3_cyAFDSU.wav,8,146.0,3,False,True,0.0,,words-in-transition,zipper,gen-3_cyAFDSU.wav,47
230,words-in-transition/zipper/gen-3_g0RNqSE.wav,8,193.0,3,True,True,0.0,,words-in-transition,zipper,gen-3_g0RNqSE.wav,46
276,words-in-transition/zipper/gen-3_gljotOo.wav,8,182.0,3,False,True,0.0,,words-in-transition,zipper,gen-3_gljotOo.wav,48
236,words-in-transition/zipper/gen-3_iuL4L8d.wav,8,177.0,3,False,True,0.0,,words-in-transition,zipper,gen-3_iuL4L8d.wav,48
262,words-in-transition/zipper/gen-3_jlZvqxm.wav,8,150.0,3,False,True,0.0,,words-in-transition,zipper,gen-3_jlZvqxm.wav,48
257,words-in-transition/zipper/gen-3_jpJdUXO.wav,8,174.0,3,False,True,0.0,,words-in-transition,zipper,gen-3_jpJdUXO.wav,47
247,words-in-transition/zipper/gen-3_nBt9Mvp.wav,8,207.0,3,False,True,0.0,,words-in-transition,zipper,gen-3_nBt9Mvp.wav,49
283,words-in-transition/zipper/gen-4.wav,8,227.0,4,False,True,0.0,,words-in-transition,zipper,gen-4.wav,47
332,words-in-transition/zipper/gen-4_10x9kTQ.wav,8,262.0,4,False,True,0.0,,words-in-transition,zipper,gen-4_10x9kTQ.wav,48
290,words-in-transition/zipper/gen-4_1uZ4tIn.wav,8,265.0,4,False,True,0.0,,words-in-transition,zipper,gen-4_1uZ4tIn.wav,46
309,words-in-transition/zipper/gen-4_4BisY1o.wav,8,275.0,4,True,True,0.0,,words-in-transition,zipper,gen-4_4BisY1o.wav,48
288,words-in-transition/zipper/gen-4_4IXMbqO.wav,8,255.0,4,False,True,0.0,,words-in-transition,zipper,gen-4_4IXMbqO.wav,49
342,words-in-transition/zipper/gen-4_90DBiOW.wav,8,218.0,4,False,True,0.0,,words-in-transition,zipper,gen-4_90DBiOW.wav,47
338,words-in-transition/zipper/gen-4_EaR7U1L.wav,8,223.0,4,False,True,0.0,,words-in-transition,zipper,gen-4_EaR7U1L.wav,47
318,words-in-transition/zipper/gen-4_ExtX83N.wav,8,213.0,4,False,True,0.0,,words-in-transition,zipper,gen-4_ExtX83N.wav,46
294,words-in-transition/zipper/gen-4_L1nbr0W.wav,8,257.0,4,False,True,0.0,,words-in-transition,zipper,gen-4_L1nbr0W.wav,47
350,words-in-transition/zipper/gen-4_LbfMyVp.wav,8,244.0,4,False,True,0.0,,words-in-transition,zipper,gen-4_LbfMyVp.wav,49
322,words-in-transition/zipper/gen-4_MlXjbki.wav,8,241.0,4,False,True,0.0,,words-in-transition,zipper,gen-4_MlXjbki.wav,46
313,words-in-transition/zipper/gen-4_OVR6Hbv.wav,8,212.0,4,False,True,0.0,,words-in-transition,zipper,gen-4_OVR6Hbv.wav,49
299,words-in-transition/zipper/gen-4_TssJPKG.wav,8,237.0,4,False,True,0.0,,words-in-transition,zipper,gen-4_TssJPKG.wav,46
330,words-in-transition/zipper/gen-4_UlLs8V6.wav,8,247.0,4,False,True,0.0,,words-in-transition,zipper,gen-4_UlLs8V6.wav,49
325,words-in-transition/zipper/gen-4_XLnpXpk.wav,8,236.0,4,False,True,0.0,,words-in-transition,zipper,gen-4_XLnpXpk.wav,48
345,words-in-transition/zipper/gen-4_Zo7piLj.wav,8,275.0,4,False,True,0.0,,words-in-transition,zipper,gen-4_Zo7piLj.wav,48
352,words-in-transition/zipper/gen-4_iDr5BNF.wav,8,276.0,4,False,True,0.0,,words-in-transition,zipper,gen-4_iDr5BNF.wav,48
547,words-in-transition/zipper/gen-4_te8tMDc.wav,8,540.0,4,True,True,0.0,,words-in-transition,zipper,gen-4_te8tMDc.wav,47
306,words-in-transition/zipper/gen-4_xNF0L1K.wav,8,273.0,4,False,True,0.0,,words-in-transition,zipper,gen-4_xNF0L1K.wav,48
357,words-in-transition/zipper/gen-5.wav,8,299.0,5,False,True,0.0,,words-in-transition,zipper,gen-5.wav,46
391,words-in-transition/zipper/gen-5_3TldM6P.wav,8,313.0,5,False,True,0.0,,words-in-transition,zipper,gen-5_3TldM6P.wav,49
374,words-in-transition/zipper/gen-5_6DEht9w.wav,8,350.0,5,False,True,0.0,,words-in-transition,zipper,gen-5_6DEht9w.wav,49
422,words-in-transition/zipper/gen-5_6zcvX3A.wav,8,306.0,5,False,True,0.0,,words-in-transition,zipper,gen-5_6zcvX3A.wav,48
401,words-in-transition/zipper/gen-5_FALEv0x.wav,8,342.0,5,True,True,0.0,,words-in-transition,zipper,gen-5_FALEv0x.wav,47
387,words-in-transition/zipper/gen-5_Kf5loHF.wav,8,290.0,5,False,True,0.0,,words-in-transition,zipper,gen-5_Kf5loHF.wav,46
377,words-in-transition/zipper/gen-5_Oag4kXH.wav,8,338.0,5,False,True,0.0,,words-in-transition,zipper,gen-5_Oag4kXH.wav,47
443,words-in-transition/zipper/gen-5_RZUkEiS.wav,8,342.0,5,False,True,0.0,,words-in-transition,zipper,gen-5_RZUkEiS.wav,47
360,words-in-transition/zipper/gen-5_RiLXy5M.wav,8,288.0,5,False,True,0.0,,words-in-transition,zipper,gen-5_RiLXy5M.wav,49
392,words-in-transition/zipper/gen-5_SG8M4bJ.wav,8,322.0,5,False,True,0.0,,words-in-transition,zipper,gen-5_SG8M4bJ.wav,46
415,words-in-transition/zipper/gen-5_UvsIWYR.wav,8,283.0,5,False,True,0.0,,words-in-transition,zipper,gen-5_UvsIWYR.wav,47
400,words-in-transition/zipper/gen-5_Vl8XeBA.wav,8,345.0,5,True,True,0.0,,words-in-transition,zipper,gen-5_Vl8XeBA.wav,48
380,words-in-transition/zipper/gen-5_XBVPK6g.wav,8,325.0,5,False,True,0.0,,words-in-transition,zipper,gen-5_XBVPK6g.wav,48
371,words-in-transition/zipper/gen-5_Z3VuRL8.wav,8,318.0,5,False,True,0.0,,words-in-transition,zipper,gen-5_Z3VuRL8.wav,46
440,words-in-transition/zipper/gen-5_gPB8jSR.wav,8,345.0,5,False,True,0.0,,words-in-transition,zipper,gen-5_gPB8jSR.wav,48
412,words-in-transition/zipper/gen-5_kx95ZWp.wav,8,332.0,5,False,True,0.0,,words-in-transition,zipper,gen-5_kx95ZWp.wav,48
418,words-in-transition/zipper/gen-5_rSex3Dd.wav,8,352.0,5,False,True,0.0,,words-in-transition,zipper,gen-5_rSex3Dd.wav,48
409,words-in-transition/zipper/gen-5_rkzrCmn.wav,8,330.0,5,False,True,0.0,,words-in-transition,zipper,gen-5_rkzrCmn.wav,49
366,words-in-transition/zipper/gen-5_wQcPcdR.wav,8,294.0,5,False,True,0.0,,words-in-transition,zipper,gen-5_wQcPcdR.wav,47
548,words-in-transition/zipper/gen-5_xzC4nAV.wav,8,547.0,5,True,True,0.0,,words-in-transition,zipper,gen-5_xzC4nAV.wav,47
426,words-in-transition/zipper/gen-6.wav,8,415.0,6,True,True,0.0,,words-in-transition,zipper,gen-6.wav,47
453,words-in-transition/zipper/gen-6_0JEUmaL.wav,8,392.0,6,False,True,0.0,,words-in-transition,zipper,gen-6_0JEUmaL.wav,46
473,words-in-transition/zipper/gen-6_3ziZu2n.wav,8,380.0,6,False,True,0.0,,words-in-transition,zipper,gen-6_3ziZu2n.wav,48
493,words-in-transition/zipper/gen-6_4QiwB9l.wav,8,360.0,6,True,True,0.0,,words-in-transition,zipper,gen-6_4QiwB9l.wav,49
508,words-in-transition/zipper/gen-6_DIMsA8b.wav,8,371.0,6,False,True,0.0,,words-in-transition,zipper,gen-6_DIMsA8b.wav,46
505,words-in-transition/zipper/gen-6_G0hxKcI.wav,8,360.0,6,False,True,0.0,,words-in-transition,zipper,gen-6_G0hxKcI.wav,49
446,words-in-transition/zipper/gen-6_GPnW0NB.wav,8,377.0,6,True,True,0.0,,words-in-transition,zipper,gen-6_GPnW0NB.wav,47
456,words-in-transition/zipper/gen-6_LwSEBsX.wav,8,357.0,6,False,True,0.0,,words-in-transition,zipper,gen-6_LwSEBsX.wav,46
478,words-in-transition/zipper/gen-6_NgdiJPC.wav,8,371.0,6,True,True,0.0,,words-in-transition,zipper,gen-6_NgdiJPC.wav,46
494,words-in-transition/zipper/gen-6_QYViOTw.wav,8,440.0,6,False,True,0.0,,words-in-transition,zipper,gen-6_QYViOTw.wav,48
430,words-in-transition/zipper/gen-6_RW2mCrM.wav,8,374.0,6,False,True,0.0,,words-in-transition,zipper,gen-6_RW2mCrM.wav,49
435,words-in-transition/zipper/gen-6_VE3GGWb.wav,8,391.0,6,False,True,0.0,2443.45378462,words-in-transition,zipper,gen-6_VE3GGWb.wav,49
468,words-in-transition/zipper/gen-6_WsUpf4u.wav,8,366.0,6,False,True,0.0,,words-in-transition,zipper,gen-6_WsUpf4u.wav,47
484,words-in-transition/zipper/gen-6_YS67HQW.wav,8,409.0,6,False,True,0.0,,words-in-transition,zipper,gen-6_YS67HQW.wav,49
461,words-in-transition/zipper/gen-6_dql7AJf.wav,8,443.0,6,False,True,0.0,,words-in-transition,zipper,gen-6_dql7AJf.wav,47
477,words-in-transition/zipper/gen-6_est722m.wav,8,418.0,6,False,True,0.0,,words-in-transition,zipper,gen-6_est722m.wav,48
488,words-in-transition/zipper/gen-6_oDmaFag.wav,8,387.0,6,False,True,0.0,,words-in-transition,zipper,gen-6_oDmaFag.wav,46
462,words-in-transition/zipper/gen-6_v77MNPr.wav,8,422.0,6,False,True,0.0,,words-in-transition,zipper,gen-6_v77MNPr.wav,48
553,words-in-transition/zipper/gen-6_zpbZWto.wav,8,548.0,6,True,True,0.0,,words-in-transition,zipper,gen-6_zpbZWto.wav,47
499,words-in-transition/zipper/gen-7.wav,8,462.0,7,False,True,0.0,,words-in-transition,zipper,gen-7.wav,48
512,words-in-transition/zipper/gen-7_3MbX2fP.wav,8,456.0,7,False,True,0.0,,words-in-transition,zipper,gen-7_3MbX2fP.wav,46
561,words-in-transition/zipper/gen-7_4dJUtYX.wav,8,430.0,7,False,False,0.0,,words-in-transition,zipper,gen-7_4dJUtYX.wav,49
517,words-in-transition/zipper/gen-7_BsjkUkL.wav,8,508.0,7,False,True,0.0,,words-in-transition,zipper,gen-7_BsjkUkL.wav,46
565,words-in-transition/zipper/gen-7_KIjQI9U.wav,8,488.0,7,False,True,0.0,,words-in-transition,zipper,gen-7_KIjQI9U.wav,46
528,words-in-transition/zipper/gen-7_Muvl0HM.wav,8,484.0,7,False,True,0.0,,words-in-transition,zipper,gen-7_Muvl0HM.wav,49
521,words-in-transition/zipper/gen-7_O6HtAHa.wav,8,477.0,7,False,True,497.169230769,2092.25384615,words-in-transition,zipper,gen-7_O6HtAHa.wav,48
525,words-in-transition/zipper/gen-7_TNrcF0g.wav,8,494.0,7,False,True,0.0,,words-in-transition,zipper,gen-7_TNrcF0g.wav,48
532,words-in-transition/zipper/gen-7_WNWQOeP.wav,8,505.0,7,False,True,0.0,,words-in-transition,zipper,gen-7_WNWQOeP.wav,49
557,words-in-transition/zipper/gen-7_ydmEqN7.wav,8,435.0,7,False,False,0.0,,words-in-transition,zipper,gen-7_ydmEqN7.wav,49
46,words-in-transition/zipper/seed.wav,8,,0,False,True,0.0,,words-in-transition,zipper,seed.wav,46
49,words-in-transition/zipper/seed_4SsN51C.wav,8,,0,False,True,0.0,,words-in-transition,zipper,seed_4SsN51C.wav,49
48,words-in-transition/zipper/seed_9LHQOgu.wav,8,,0,False,True,0.0,,words-in-transition,zipper,seed_9LHQOgu.wav,48
47,words-in-transition/zipper/seed_L30N3dp.wav,8,,0,False,True,0.0,,words-in-transition,zipper,seed_L30N3dp.wav,47
18,words-in-transition-test/glass/gen-1.wav,1,1.0,1,False,False,0.0,,words-in-transition-test,glass,gen-1.wav,1
32,words-in-transition-test/glass/gen-1_23MvfL2.wav,1,1.0,1,False,False,0.0,,words-in-transition-test,glass,gen-1_23MvfL2.wav,1
169,words-in-transition-test/glass/gen-1_6yU0CTH.wav,1,2.0,1,False,True,0.0,,words-in-transition-test,glass,gen-1_6yU0CTH.wav,2
28,words-in-transition-test/glass/gen-1_C3l5Sle.wav,1,2.0,1,False,False,0.0,,words-in-transition-test,glass,gen-1_C3l5Sle.wav,2
83,words-in-transition-test/glass/gen-1_TfPIj2K.wav,1,1.0,1,False,False,0.0,,words-in-transition-test,glass,gen-1_TfPIj2K.wav,1
121,words-in-transition-test/glass/gen-1_YPop1pA.wav,1,4.0,1,False,False,0.0,,words-in-transition-test,glass,gen-1_YPop1pA.wav,4
80,words-in-transition-test/glass/gen-1_dlu6BWs.wav,1,3.0,1,False,False,0.0,,words-in-transition-test,glass,gen-1_dlu6BWs.wav,3
23,words-in-transition-test/glass/gen-1_hcFqdi8.wav,1,2.0,1,False,False,0.0,,words-in-transition-test,glass,gen-1_hcFqdi8.wav,2
128,words-in-transition-test/glass/gen-1_phhKYgc.wav,1,2.0,1,False,True,0.0,,words-in-transition-test,glass,gen-1_phhKYgc.wav,2
1,words-in-transition-test/glass/seed.wav,1,,0,True,False,0.0,,words-in-transition-test,glass,seed.wav,1
3,words-in-transition-test/glass/seed_1rdw4gX.wav,1,,0,True,False,0.0,,words-in-transition-test,glass,seed_1rdw4gX.wav,3
4,words-in-transition-test/glass/seed_IRla7VZ.wav,1,,0,True,False,0.0,,words-in-transition-test,glass,seed_IRla7VZ.wav,4
2,words-in-transition-test/glass/seed_PBuFpxW.wav,1,,0,True,False,0.0,,words-in-transition-test,glass,seed_PBuFpxW.wav,2
19,words-in-transition-test/tear/gen-1.wav,2,5.0,1,False,False,0.0,,words-in-transition-test,tear,gen-1.wav,5
21,words-in-transition-test/tear/gen-1_I7R6uTr.wav,2,6.0,1,False,False,0.0,,words-in-transition-test,tear,gen-1_I7R6uTr.wav,6
27,words-in-transition-test/tear/gen-1_ICKNfz3.wav,2,6.0,1,False,False,0.0,,words-in-transition-test,tear,gen-1_ICKNfz3.wav,6
120,words-in-transition-test/tear/gen-1_Uugg7Bo.wav,2,7.0,1,False,False,0.0,,words-in-transition-test,tear,gen-1_Uugg7Bo.wav,7
170,words-in-transition-test/tear/gen-1_bFfJrjs.wav,2,7.0,1,False,False,0.0,,words-in-transition-test,tear,gen-1_bFfJrjs.wav,7
130,words-in-transition-test/tear/gen-1_oFJCOt6.wav,2,6.0,1,False,False,0.0,,words-in-transition-test,tear,gen-1_oFJCOt6.wav,6
81,words-in-transition-test/tear/gen-1_oW8sngi.wav,2,8.0,1,False,False,0.0,,words-in-transition-test,tear,gen-1_oW8sngi.wav,8
29,words-in-transition-test/tear/gen-1_tgJWLsL.wav,2,7.0,1,False,False,0.0,,words-in-transition-test,tear,gen-1_tgJWLsL.wav,7
85,words-in-transition-test/tear/gen-1_wllsljd.wav,2,6.0,1,False,False,0.0,,words-in-transition-test,tear,gen-1_wllsljd.wav,6
5,words-in-transition-test/tear/seed.wav,2,,0,True,False,0.0,,words-in-transition-test,tear,seed.wav,5
7,words-in-transition-test/tear/seed_2fKjLRd.wav,2,,0,True,False,0.0,,words-in-transition-test,tear,seed_2fKjLRd.wav,7
6,words-in-transition-test/tear/seed_cPwKmlD.wav,2,,0,True,False,0.0,,words-in-transition-test,tear,seed_cPwKmlD.wav,6
8,words-in-transition-test/tear/seed_tLdtFHA.wav,2,,0,True,False,0.0,,words-in-transition-test,tear,seed_tLdtFHA.wav,8
17,words-in-transition-test/water/gen-1.wav,3,12.0,1,False,False,0.0,,words-in-transition-test,water,gen-1.wav,12
122,words-in-transition-test/water/gen-1_0XAFR7B.wav,3,10.0,1,False,False,0.0,,words-in-transition-test,water,gen-1_0XAFR7B.wav,10
131,words-in-transition-test/water/gen-1_29OXUvH.wav,3,9.0,1,False,False,0.0,,words-in-transition-test,water,gen-1_29OXUvH.wav,9
168,words-in-transition-test/water/gen-1_5RUrRhB.wav,3,11.0,1,False,False,0.0,,words-in-transition-test,water,gen-1_5RUrRhB.wav,11
79,words-in-transition-test/water/gen-1_FQ8toua.wav,3,12.0,1,False,False,0.0,,words-in-transition-test,water,gen-1_FQ8toua.wav,12
24,words-in-transition-test/water/gen-1_FqCM1SN.wav,3,10.0,1,False,False,0.0,,words-in-transition-test,water,gen-1_FqCM1SN.wav,10
25,words-in-transition-test/water/gen-1_OLZWqtC.wav,3,9.0,1,False,False,0.0,,words-in-transition-test,water,gen-1_OLZWqtC.wav,9
30,words-in-transition-test/water/gen-1_r0erP1j.wav,3,9.0,1,False,False,0.0,,words-in-transition-test,water,gen-1_r0erP1j.wav,9
127,words-in-transition-test/water/gen-1_t7g6Iaq.wav,3,11.0,1,False,False,0.0,,words-in-transition-test,water,gen-1_t7g6Iaq.wav,11
82,words-in-transition-test/water/gen-1_zBEtpaH.wav,3,9.0,1,False,False,0.0,,words-in-transition-test,water,gen-1_zBEtpaH.wav,9
9,words-in-transition-test/water/seed.wav,3,,0,True,False,0.0,,words-in-transition-test,water,seed.wav,9
10,words-in-transition-test/water/seed_8QirWZ7.wav,3,,0,True,False,0.0,,words-in-transition-test,water,seed_8QirWZ7.wav,10
12,words-in-transition-test/water/seed_ep9TEPx.wav,3,,0,True,False,0.0,,words-in-transition-test,water,seed_ep9TEPx.wav,12
11,words-in-transition-test/water/seed_fd1dWFi.wav,3,,0,True,False,0.0,,words-in-transition-test,water,seed_fd1dWFi.wav,11
20,words-in-transition-test/zipper/gen-1.wav,4,16.0,1,False,False,0.0,,words-in-transition-test,zipper,gen-1.wav,16
78,words-in-transition-test/zipper/gen-1_5evUa7W.wav,4,15.0,1,False,False,0.0,,words-in-transition-test,zipper,gen-1_5evUa7W.wav,15
84,words-in-transition-test/zipper/gen-1_ApEU2w4.wav,4,14.0,1,False,False,0.0,,words-in-transition-test,zipper,gen-1_ApEU2w4.wav,14
129,words-in-transition-test/zipper/gen-1_J7uHBX9.wav,4,15.0,1,False,False,0.0,,words-in-transition-test,zipper,gen-1_J7uHBX9.wav,15
22,words-in-transition-test/zipper/gen-1_Rb2vkfj.wav,4,14.0,1,False,False,0.0,,words-in-transition-test,zipper,gen-1_Rb2vkfj.wav,14
33,words-in-transition-test/zipper/gen-1_SZBNuTO.wav,4,14.0,1,False,False,0.0,,words-in-transition-test,zipper,gen-1_SZBNuTO.wav,14
31,words-in-transition-test/zipper/gen-1_U9ahbqO.wav,4,15.0,1,False,False,0.0,,words-in-transition-test,zipper,gen-1_U9ahbqO.wav,15
119,words-in-transition-test/zipper/gen-1_ZARZV0m.wav,4,15.0,1,False,False,0.0,,words-in-transition-test,zipper,gen-1_ZARZV0m.wav,15
26,words-in-transition-test/zipper/gen-1_fzMFQzn.wav,4,14.0,1,False,False,0.0,,words-in-transition-test,zipper,gen-1_fzMFQzn.wav,14
171,words-in-transition-test/zipper/gen-1_qZJE5FG.wav,4,16.0,1,False,False,0.0,,words-in-transition-test,zipper,gen-1_qZJE5FG.wav,16
13,words-in-transition-test/zipper/seed.wav,4,,0,True,False,0.0,,words-in-transition-test,zipper,seed.wav,13
15,words-in-transition-test/zipper/seed_AGGdLVo.wav,4,,0,True,False,0.0,,words-in-transition-test,zipper,seed_AGGdLVo.wav,15
14,words-in-transition-test/zipper/seed_B2LLmRJ.wav,4,,0,True,False,0.0,,words-in-transition-test,zipper,seed_B2LLmRJ.wav,14
16,words-in-transition-test/zipper/seed_VRwiRSM.wav,4,,0,True,False,0.0,,words-in-transition-test,zipper,seed_VRwiRSM.wav,16
