subj_id,response_ix,response_id
A10JJJS8BOKF7D,0,1744
A10JJJS8BOKF7D,0,1936
A10JJJS8BOKF7D,0,1779
A10JJJS8BOKF7D,0,1811
A10JJJS8BOKF7D,1,1746
A10JJJS8BOKF7D,1,1942
A10JJJS8BOKF7D,1,1782
A10JJJS8BOKF7D,1,1812
A10JJJS8BOKF7D,2,1747
A10JJJS8BOKF7D,2,1948
A10JJJS8BOKF7D,2,1785
A10JJJS8BOKF7D,2,1814
A10JJJS8BOKF7D,3,1749
A10JJJS8BOKF7D,3,1951
A10JJJS8BOKF7D,3,1788
A10JJJS8BOKF7D,3,1816
A10JJJS8BOKF7D,4,1751
A10JJJS8BOKF7D,4,1954
A10JJJS8BOKF7D,4,1791
A10JJJS8BOKF7D,4,1819
A10JJJS8BOKF7D,5,1756
A10JJJS8BOKF7D,5,1958
A10JJJS8BOKF7D,5,1793
A10JJJS8BOKF7D,5,1820
A10JJJS8BOKF7D,6,1759
A10JJJS8BOKF7D,6,1961
A10JJJS8BOKF7D,6,1797
A10JJJS8BOKF7D,6,1822
A10JJJS8BOKF7D,7,1763
A10JJJS8BOKF7D,7,1963
A10JJJS8BOKF7D,7,1798
A10JJJS8BOKF7D,7,1824
A10JJJS8BOKF7D,8,1768
A10JJJS8BOKF7D,8,1966
A10JJJS8BOKF7D,8,1800
A10JJJS8BOKF7D,8,1828
A10JJJS8BOKF7D,9,1771
A10JJJS8BOKF7D,9,1969
A10JJJS8BOKF7D,9,1802
A10JJJS8BOKF7D,9,1835
A115A6OQBJFVVS,0,208
A115A6OQBJFVVS,1,209
A115A6OQBJFVVS,2,210
A115A6OQBJFVVS,3,211
A115A6OQBJFVVS,4,212
A115A6OQBJFVVS,5,213
A115A6OQBJFVVS,6,214
A115A6OQBJFVVS,7,215
A115A6OQBJFVVS,8,216
A115A6OQBJFVVS,9,217
A11G1TGXX3YS24,0,736
A11G1TGXX3YS24,1,737
A11G1TGXX3YS24,2,738
A11G1TGXX3YS24,3,739
A11G1TGXX3YS24,4,740
A11G1TGXX3YS24,5,741
A11G1TGXX3YS24,6,742
A11G1TGXX3YS24,7,743
A11G1TGXX3YS24,8,744
A11G1TGXX3YS24,9,745
A11SMS4CF6W26Y,0,281
A11SMS4CF6W26Y,1,282
A11SMS4CF6W26Y,2,283
A11SMS4CF6W26Y,3,284
A11SMS4CF6W26Y,4,285
A11SMS4CF6W26Y,5,286
A11SMS4CF6W26Y,6,287
A11SMS4CF6W26Y,7,288
A11SMS4CF6W26Y,8,289
A11SMS4CF6W26Y,9,290
A13J52GWJM60EM,0,2315
A13J52GWJM60EM,0,2415
A13J52GWJM60EM,0,2457
A13J52GWJM60EM,1,2331
A13J52GWJM60EM,1,2417
A13J52GWJM60EM,1,2461
A13J52GWJM60EM,2,2332
A13J52GWJM60EM,2,2422
A13J52GWJM60EM,2,2463
A13J52GWJM60EM,3,2344
A13J52GWJM60EM,3,2424
A13J52GWJM60EM,3,2468
A13J52GWJM60EM,4,2349
A13J52GWJM60EM,4,2426
A13J52GWJM60EM,4,2471
A13J52GWJM60EM,5,2355
A13J52GWJM60EM,5,2430
A13J52GWJM60EM,5,2482
A13J52GWJM60EM,6,2360
A13J52GWJM60EM,6,2432
A13J52GWJM60EM,6,2487
A13J52GWJM60EM,7,2363
A13J52GWJM60EM,7,2437
A13J52GWJM60EM,7,2489
A13J52GWJM60EM,8,2374
A13J52GWJM60EM,8,2446
A13J52GWJM60EM,8,2498
A13J52GWJM60EM,9,2407
A13J52GWJM60EM,9,2451
A13J52GWJM60EM,9,2513
A161AJDHLJVCLZ,0,198
A161AJDHLJVCLZ,1,199
A161AJDHLJVCLZ,2,200
A161AJDHLJVCLZ,3,201
A161AJDHLJVCLZ,4,202
A161AJDHLJVCLZ,5,203
A161AJDHLJVCLZ,6,204
A161AJDHLJVCLZ,7,205
A161AJDHLJVCLZ,8,206
A161AJDHLJVCLZ,9,207
A171C7B6HHSEGH,0,2987
A171C7B6HHSEGH,0,2854
A171C7B6HHSEGH,0,2938
A171C7B6HHSEGH,0,2901
A171C7B6HHSEGH,1,2991
A171C7B6HHSEGH,1,2859
A171C7B6HHSEGH,1,2942
A171C7B6HHSEGH,1,2903
A171C7B6HHSEGH,2,2996
A171C7B6HHSEGH,2,2867
A171C7B6HHSEGH,2,2945
A171C7B6HHSEGH,2,2905
A171C7B6HHSEGH,3,2999
A171C7B6HHSEGH,3,2873
A171C7B6HHSEGH,3,2949
A171C7B6HHSEGH,3,2908
A171C7B6HHSEGH,4,3001
A171C7B6HHSEGH,4,2877
A171C7B6HHSEGH,4,2951
A171C7B6HHSEGH,4,2910
A171C7B6HHSEGH,5,3012
A171C7B6HHSEGH,5,2880
A171C7B6HHSEGH,5,2953
A171C7B6HHSEGH,5,2912
A171C7B6HHSEGH,6,3014
A171C7B6HHSEGH,6,2883
A171C7B6HHSEGH,6,2954
A171C7B6HHSEGH,6,2915
A171C7B6HHSEGH,7,3015
A171C7B6HHSEGH,7,2885
A171C7B6HHSEGH,7,2956
A171C7B6HHSEGH,7,2918
A171C7B6HHSEGH,8,3019
A171C7B6HHSEGH,8,2887
A171C7B6HHSEGH,8,2959
A171C7B6HHSEGH,8,2921
A171C7B6HHSEGH,9,3021
A171C7B6HHSEGH,9,2891
A171C7B6HHSEGH,9,2961
A171C7B6HHSEGH,9,2925
A182CHO6N044YK,0,2690
A182CHO6N044YK,1,2693
A182CHO6N044YK,2,2696
A182CHO6N044YK,3,2698
A182CHO6N044YK,4,2701
A182CHO6N044YK,5,2703
A182CHO6N044YK,6,2708
A182CHO6N044YK,7,2712
A182CHO6N044YK,8,2719
A182CHO6N044YK,9,2721
A19C6T7B0H4PAQ,0,402
A19C6T7B0H4PAQ,0,975
A19C6T7B0H4PAQ,0,1016
A19C6T7B0H4PAQ,0,1072
A19C6T7B0H4PAQ,1,403
A19C6T7B0H4PAQ,1,981
A19C6T7B0H4PAQ,1,1019
A19C6T7B0H4PAQ,1,1075
A19C6T7B0H4PAQ,2,404
A19C6T7B0H4PAQ,2,983
A19C6T7B0H4PAQ,2,1022
A19C6T7B0H4PAQ,2,1079
A19C6T7B0H4PAQ,3,405
A19C6T7B0H4PAQ,3,984
A19C6T7B0H4PAQ,3,1027
A19C6T7B0H4PAQ,3,1082
A19C6T7B0H4PAQ,4,406
A19C6T7B0H4PAQ,4,985
A19C6T7B0H4PAQ,4,1032
A19C6T7B0H4PAQ,4,1094
A19C6T7B0H4PAQ,5,969
A19C6T7B0H4PAQ,5,986
A19C6T7B0H4PAQ,5,1038
A19C6T7B0H4PAQ,5,1097
A19C6T7B0H4PAQ,6,970
A19C6T7B0H4PAQ,6,987
A19C6T7B0H4PAQ,6,1043
A19C6T7B0H4PAQ,6,1102
A19C6T7B0H4PAQ,7,971
A19C6T7B0H4PAQ,7,988
A19C6T7B0H4PAQ,7,1054
A19C6T7B0H4PAQ,7,1105
A19C6T7B0H4PAQ,8,972
A19C6T7B0H4PAQ,8,989
A19C6T7B0H4PAQ,8,1056
A19C6T7B0H4PAQ,8,1129
A19C6T7B0H4PAQ,9,973
A19C6T7B0H4PAQ,9,990
A19C6T7B0H4PAQ,9,1058
A19C6T7B0H4PAQ,9,1131
A19M6CYM4B8WP2,0,966
A19M6CYM4B8WP2,1,967
A19M6CYM4B8WP2,2,968
A19M6CYM4B8WP2,3,974
A19M6CYM4B8WP2,4,976
A19M6CYM4B8WP2,5,977
A19M6CYM4B8WP2,6,978
A19M6CYM4B8WP2,7,979
A19M6CYM4B8WP2,8,980
A19M6CYM4B8WP2,9,982
A19TL7AJ0FB1JG,0,1001
A19TL7AJ0FB1JG,1,1013
A19TL7AJ0FB1JG,2,1018
A19TL7AJ0FB1JG,3,1023
A19TL7AJ0FB1JG,4,1029
A19TL7AJ0FB1JG,5,1035
A19TL7AJ0FB1JG,6,1045
A19TL7AJ0FB1JG,7,1048
A19TL7AJ0FB1JG,8,1053
A19TL7AJ0FB1JG,9,1055
A1A67ONSHK22L3,0,844
A1A67ONSHK22L3,0,863
A1A67ONSHK22L3,0,1012
A1A67ONSHK22L3,0,1110
A1A67ONSHK22L3,1,846
A1A67ONSHK22L3,1,864
A1A67ONSHK22L3,1,1015
A1A67ONSHK22L3,1,1114
A1A67ONSHK22L3,2,848
A1A67ONSHK22L3,2,865
A1A67ONSHK22L3,2,1017
A1A67ONSHK22L3,2,1121
A1A67ONSHK22L3,3,849
A1A67ONSHK22L3,3,866
A1A67ONSHK22L3,3,1024
A1A67ONSHK22L3,3,1127
A1A67ONSHK22L3,4,851
A1A67ONSHK22L3,4,867
A1A67ONSHK22L3,4,1031
A1A67ONSHK22L3,4,1130
A1A67ONSHK22L3,5,852
A1A67ONSHK22L3,5,868
A1A67ONSHK22L3,5,1036
A1A67ONSHK22L3,5,1134
A1A67ONSHK22L3,6,854
A1A67ONSHK22L3,6,869
A1A67ONSHK22L3,6,1039
A1A67ONSHK22L3,6,1143
A1A67ONSHK22L3,7,855
A1A67ONSHK22L3,7,870
A1A67ONSHK22L3,7,1044
A1A67ONSHK22L3,7,1146
A1A67ONSHK22L3,8,856
A1A67ONSHK22L3,8,871
A1A67ONSHK22L3,8,1047
A1A67ONSHK22L3,8,1149
A1A67ONSHK22L3,9,858
A1A67ONSHK22L3,9,872
A1A67ONSHK22L3,9,1050
A1A67ONSHK22L3,9,1151
A1B79AW7Z2QNHI,0,81
A1B79AW7Z2QNHI,1,82
A1B79AW7Z2QNHI,2,83
A1B79AW7Z2QNHI,3,84
A1B79AW7Z2QNHI,4,85
A1B79AW7Z2QNHI,5,86
A1B79AW7Z2QNHI,6,87
A1B79AW7Z2QNHI,7,88
A1B79AW7Z2QNHI,8,89
A1B79AW7Z2QNHI,9,90
A1BFWNUEG0CN3C,0,2034
A1BFWNUEG0CN3C,1,2042
A1BFWNUEG0CN3C,2,2051
A1BFWNUEG0CN3C,3,2055
A1BFWNUEG0CN3C,4,2066
A1BFWNUEG0CN3C,5,2083
A1BFWNUEG0CN3C,6,2096
A1BFWNUEG0CN3C,7,2097
A1BFWNUEG0CN3C,8,2100
A1BFWNUEG0CN3C,9,2105
A1BJM9EIGHNOYH,0,3066
A1BJM9EIGHNOYH,1,3067
A1BJM9EIGHNOYH,2,3068
A1BJM9EIGHNOYH,3,3069
A1BJM9EIGHNOYH,4,3070
A1BJM9EIGHNOYH,5,3071
A1BJM9EIGHNOYH,6,3072
A1BJM9EIGHNOYH,7,3078
A1BJM9EIGHNOYH,8,3081
A1BJM9EIGHNOYH,9,3082
A1BVEW9JBPMWCJ,0,1165
A1BVEW9JBPMWCJ,1,1176
A1BVEW9JBPMWCJ,2,1188
A1BVEW9JBPMWCJ,3,1193
A1BVEW9JBPMWCJ,4,1198
A1BVEW9JBPMWCJ,5,1206
A1BVEW9JBPMWCJ,6,1215
A1BVEW9JBPMWCJ,7,1221
A1BVEW9JBPMWCJ,8,1227
A1BVEW9JBPMWCJ,9,1234
A1CE2XPYCDRHVZ,0,1256
A1CE2XPYCDRHVZ,1,1263
A1CE2XPYCDRHVZ,2,1273
A1CE2XPYCDRHVZ,3,1282
A1CE2XPYCDRHVZ,4,1288
A1CE2XPYCDRHVZ,5,1293
A1CE2XPYCDRHVZ,6,1295
A1CE2XPYCDRHVZ,7,1298
A1CE2XPYCDRHVZ,8,1300
A1CE2XPYCDRHVZ,9,1302
A1CHHJ7D40O0IW,0,693
A1CHHJ7D40O0IW,1,694
A1CHHJ7D40O0IW,2,873
A1CHHJ7D40O0IW,3,874
A1CHHJ7D40O0IW,4,875
A1CHHJ7D40O0IW,5,876
A1CHHJ7D40O0IW,6,877
A1CHHJ7D40O0IW,7,878
A1CHHJ7D40O0IW,8,879
A1CHHJ7D40O0IW,9,880
A1CM3EXARISI1A,0,2916
A1CM3EXARISI1A,1,2919
A1CM3EXARISI1A,2,2922
A1CM3EXARISI1A,3,2924
A1CM3EXARISI1A,4,2927
A1CM3EXARISI1A,5,2928
A1CM3EXARISI1A,6,2930
A1CM3EXARISI1A,7,2933
A1CM3EXARISI1A,8,2935
A1CM3EXARISI1A,9,2941
A1E2E3ENW1FVFE,0,695
A1E2E3ENW1FVFE,1,696
A1E2E3ENW1FVFE,2,697
A1E2E3ENW1FVFE,3,698
A1E2E3ENW1FVFE,4,699
A1E2E3ENW1FVFE,5,700
A1E2E3ENW1FVFE,6,701
A1E2E3ENW1FVFE,7,702
A1E2E3ENW1FVFE,8,703
A1E2E3ENW1FVFE,9,704
A1ECUDAJQXQUNB,0,348
A1ECUDAJQXQUNB,1,349
A1ECUDAJQXQUNB,2,350
A1ECUDAJQXQUNB,3,351
A1ECUDAJQXQUNB,4,352
A1ECUDAJQXQUNB,5,353
A1ECUDAJQXQUNB,6,354
A1ECUDAJQXQUNB,7,355
A1ECUDAJQXQUNB,8,356
A1ECUDAJQXQUNB,9,357
A1F87VPA08YEBC,0,2016
A1F87VPA08YEBC,1,2018
A1F87VPA08YEBC,2,2028
A1F87VPA08YEBC,3,2029
A1F87VPA08YEBC,4,2033
A1F87VPA08YEBC,5,2037
A1F87VPA08YEBC,6,2043
A1F87VPA08YEBC,7,2050
A1F87VPA08YEBC,8,2054
A1F87VPA08YEBC,9,2058
A1HTW2HVXUGZ1R,0,2236
A1HTW2HVXUGZ1R,1,2239
A1HTW2HVXUGZ1R,2,2241
A1HTW2HVXUGZ1R,3,2243
A1HTW2HVXUGZ1R,4,2245
A1HTW2HVXUGZ1R,5,2246
A1HTW2HVXUGZ1R,6,2258
A1HTW2HVXUGZ1R,7,2259
A1HTW2HVXUGZ1R,8,2261
A1HTW2HVXUGZ1R,9,2263
A1LP4LE8JTSRW6,0,178
A1LP4LE8JTSRW6,1,179
A1LP4LE8JTSRW6,2,180
A1LP4LE8JTSRW6,3,181
A1LP4LE8JTSRW6,4,182
A1LP4LE8JTSRW6,5,183
A1LP4LE8JTSRW6,6,184
A1LP4LE8JTSRW6,7,185
A1LP4LE8JTSRW6,8,186
A1LP4LE8JTSRW6,9,187
A1PD0NGV29HX0W,0,1
A1PD0NGV29HX0W,1,2
A1PD0NGV29HX0W,2,3
A1PD0NGV29HX0W,3,4
A1PD0NGV29HX0W,4,5
A1PD0NGV29HX0W,5,6
A1PD0NGV29HX0W,6,7
A1PD0NGV29HX0W,7,8
A1PD0NGV29HX0W,8,9
A1PD0NGV29HX0W,9,10
A1QHX9C8CP6L3N,0,716
A1QHX9C8CP6L3N,1,717
A1QHX9C8CP6L3N,2,718
A1QHX9C8CP6L3N,3,719
A1QHX9C8CP6L3N,4,720
A1QHX9C8CP6L3N,5,721
A1QHX9C8CP6L3N,6,722
A1QHX9C8CP6L3N,7,723
A1QHX9C8CP6L3N,8,724
A1QHX9C8CP6L3N,9,725
A1SC2WCA7LPUXW,0,387
A1SC2WCA7LPUXW,1,388
A1SC2WCA7LPUXW,2,389
A1SC2WCA7LPUXW,3,390
A1SC2WCA7LPUXW,4,391
A1SC2WCA7LPUXW,5,392
A1SC2WCA7LPUXW,6,393
A1SC2WCA7LPUXW,7,394
A1SC2WCA7LPUXW,8,395
A1SC2WCA7LPUXW,9,396
A1T14WHOBQ3E3P,0,2540
A1T14WHOBQ3E3P,0,2404
A1T14WHOBQ3E3P,1,2545
A1T14WHOBQ3E3P,1,2413
A1T14WHOBQ3E3P,2,2550
A1T14WHOBQ3E3P,2,2447
A1T14WHOBQ3E3P,3,2551
A1T14WHOBQ3E3P,3,2452
A1T14WHOBQ3E3P,4,2553
A1T14WHOBQ3E3P,4,2470
A1T14WHOBQ3E3P,5,2554
A1T14WHOBQ3E3P,5,2481
A1T14WHOBQ3E3P,6,2556
A1T14WHOBQ3E3P,6,2490
A1T14WHOBQ3E3P,7,2557
A1T14WHOBQ3E3P,7,2495
A1T14WHOBQ3E3P,8,2566
A1T14WHOBQ3E3P,8,2504
A1T14WHOBQ3E3P,9,2569
A1T14WHOBQ3E3P,9,2512
A1TU1PKDA1DNS,0,2419
A1TU1PKDA1DNS,0,2334
A1TU1PKDA1DNS,0,2293
A1TU1PKDA1DNS,0,2382
A1TU1PKDA1DNS,1,2427
A1TU1PKDA1DNS,1,2339
A1TU1PKDA1DNS,1,2300
A1TU1PKDA1DNS,1,2389
A1TU1PKDA1DNS,2,2431
A1TU1PKDA1DNS,2,2341
A1TU1PKDA1DNS,2,2303
A1TU1PKDA1DNS,2,2395
A1TU1PKDA1DNS,3,2433
A1TU1PKDA1DNS,3,2343
A1TU1PKDA1DNS,3,2305
A1TU1PKDA1DNS,3,2396
A1TU1PKDA1DNS,4,2434
A1TU1PKDA1DNS,4,2345
A1TU1PKDA1DNS,4,2313
A1TU1PKDA1DNS,4,2399
A1TU1PKDA1DNS,5,2438
A1TU1PKDA1DNS,5,2348
A1TU1PKDA1DNS,5,2324
A1TU1PKDA1DNS,5,2402
A1TU1PKDA1DNS,6,2440
A1TU1PKDA1DNS,6,2350
A1TU1PKDA1DNS,6,2326
A1TU1PKDA1DNS,6,2406
A1TU1PKDA1DNS,7,2443
A1TU1PKDA1DNS,7,2362
A1TU1PKDA1DNS,7,2328
A1TU1PKDA1DNS,7,2409
A1TU1PKDA1DNS,8,2448
A1TU1PKDA1DNS,8,2365
A1TU1PKDA1DNS,8,2330
A1TU1PKDA1DNS,8,2410
A1TU1PKDA1DNS,9,2450
A1TU1PKDA1DNS,9,2366
A1TU1PKDA1DNS,9,2412
A1U6O8A4KXRYRJ,0,662
A1U6O8A4KXRYRJ,1,663
A1U6O8A4KXRYRJ,2,664
A1U6O8A4KXRYRJ,3,666
A1U6O8A4KXRYRJ,4,668
A1U6O8A4KXRYRJ,5,670
A1U6O8A4KXRYRJ,6,671
A1U6O8A4KXRYRJ,7,673
A1U6O8A4KXRYRJ,8,675
A1U6O8A4KXRYRJ,9,676
A1VNCW1A19YUT0,0,749
A1VNCW1A19YUT0,1,750
A1VNCW1A19YUT0,2,751
A1VNCW1A19YUT0,3,752
A1VNCW1A19YUT0,4,753
A1VNCW1A19YUT0,5,754
A1VNCW1A19YUT0,6,756
A1VNCW1A19YUT0,7,758
A1VNCW1A19YUT0,8,760
A1VNCW1A19YUT0,9,762
A1VPE05UDNFKGV,0,1068
A1VPE05UDNFKGV,1,1069
A1VPE05UDNFKGV,2,1073
A1VPE05UDNFKGV,3,1074
A1VPE05UDNFKGV,4,1078
A1VPE05UDNFKGV,5,1081
A1VPE05UDNFKGV,6,1086
A1VPE05UDNFKGV,7,1090
A1VPE05UDNFKGV,8,1092
A1VPE05UDNFKGV,9,1098
A1VVR9MA1P9HWJ,0,784
A1VVR9MA1P9HWJ,1,785
A1VVR9MA1P9HWJ,2,786
A1VVR9MA1P9HWJ,3,787
A1VVR9MA1P9HWJ,4,788
A1VVR9MA1P9HWJ,5,789
A1VVR9MA1P9HWJ,6,790
A1VVR9MA1P9HWJ,7,791
A1VVR9MA1P9HWJ,8,792
A1VVR9MA1P9HWJ,9,793
A1VW8Y7XCV3DRW,0,1123
A1VW8Y7XCV3DRW,1,1139
A1VW8Y7XCV3DRW,2,1148
A1VW8Y7XCV3DRW,3,1156
A1VW8Y7XCV3DRW,4,1167
A1VW8Y7XCV3DRW,5,1183
A1VW8Y7XCV3DRW,6,1240
A1VW8Y7XCV3DRW,7,1250
A1VW8Y7XCV3DRW,8,1259
A1VW8Y7XCV3DRW,9,1268
A1XAKJRVDFK9R,0,374
A1XAKJRVDFK9R,1,375
A1XAKJRVDFK9R,2,376
A1XAKJRVDFK9R,3,377
A1XAKJRVDFK9R,4,378
A1XAKJRVDFK9R,5,379
A1XAKJRVDFK9R,6,381
A1XAKJRVDFK9R,7,382
A1XAKJRVDFK9R,8,383
A1XAKJRVDFK9R,9,384
A205YOMVOVCUY4,0,2892
A205YOMVOVCUY4,1,2897
A205YOMVOVCUY4,2,2907
A205YOMVOVCUY4,3,2914
A205YOMVOVCUY4,4,2948
A205YOMVOVCUY4,5,2955
A205YOMVOVCUY4,6,2965
A205YOMVOVCUY4,7,2973
A205YOMVOVCUY4,8,2976
A205YOMVOVCUY4,9,2981
A208MTGA7V29TP,0,1120
A208MTGA7V29TP,1,1153
A208MTGA7V29TP,2,1164
A208MTGA7V29TP,3,1178
A208MTGA7V29TP,4,1190
A208MTGA7V29TP,5,1223
A208MTGA7V29TP,6,1231
A208MTGA7V29TP,7,1244
A208MTGA7V29TP,8,1261
A208MTGA7V29TP,9,1278
A20OP1ZK81I95J,0,915
A20OP1ZK81I95J,1,916
A20OP1ZK81I95J,2,917
A20OP1ZK81I95J,3,918
A20OP1ZK81I95J,4,919
A20OP1ZK81I95J,5,920
A20OP1ZK81I95J,6,921
A20OP1ZK81I95J,7,922
A20OP1ZK81I95J,8,923
A20OP1ZK81I95J,9,924
A219VCQZADQ45W,0,802
A219VCQZADQ45W,0,812
A219VCQZADQ45W,0,2633
A219VCQZADQ45W,1,803
A219VCQZADQ45W,1,813
A219VCQZADQ45W,1,2635
A219VCQZADQ45W,2,804
A219VCQZADQ45W,2,814
A219VCQZADQ45W,2,2638
A219VCQZADQ45W,3,805
A219VCQZADQ45W,3,815
A219VCQZADQ45W,3,2644
A219VCQZADQ45W,4,806
A219VCQZADQ45W,4,816
A219VCQZADQ45W,4,2647
A219VCQZADQ45W,5,807
A219VCQZADQ45W,5,817
A219VCQZADQ45W,5,2651
A219VCQZADQ45W,6,808
A219VCQZADQ45W,6,818
A219VCQZADQ45W,6,2653
A219VCQZADQ45W,7,809
A219VCQZADQ45W,7,819
A219VCQZADQ45W,7,2658
A219VCQZADQ45W,8,810
A219VCQZADQ45W,8,820
A219VCQZADQ45W,8,2659
A219VCQZADQ45W,9,811
A219VCQZADQ45W,9,821
A219VCQZADQ45W,9,2662
A21K2C9PBTFXD1,0,2270
A21K2C9PBTFXD1,1,2273
A21K2C9PBTFXD1,2,2276
A21K2C9PBTFXD1,3,2279
A21K2C9PBTFXD1,4,2283
A21K2C9PBTFXD1,5,2287
A21K2C9PBTFXD1,6,2292
A21K2C9PBTFXD1,7,2297
A21K2C9PBTFXD1,8,2301
A21K2C9PBTFXD1,9,2307
A23932BPI1NFXV,0,1865
A23932BPI1NFXV,1,1866
A23932BPI1NFXV,2,1868
A23932BPI1NFXV,3,1870
A23932BPI1NFXV,4,1871
A23932BPI1NFXV,5,1873
A23932BPI1NFXV,6,1879
A23932BPI1NFXV,7,1882
A23932BPI1NFXV,8,1884
A23932BPI1NFXV,9,1890
A25D3YXMIGY030,0,2805
A25D3YXMIGY030,1,2808
A25D3YXMIGY030,2,2809
A25D3YXMIGY030,3,2812
A25D3YXMIGY030,4,2820
A25D3YXMIGY030,5,2832
A25D3YXMIGY030,6,2834
A25D3YXMIGY030,7,2837
A25D3YXMIGY030,8,2839
A25D3YXMIGY030,9,2842
A26OCMKWPBFVHV,0,1195
A26OCMKWPBFVHV,1,1205
A26OCMKWPBFVHV,2,1211
A26OCMKWPBFVHV,3,1218
A26OCMKWPBFVHV,4,1226
A26OCMKWPBFVHV,5,1229
A26OCMKWPBFVHV,6,1236
A26OCMKWPBFVHV,7,1246
A26OCMKWPBFVHV,8,1283
A26OCMKWPBFVHV,9,1289
A280RC0S51YKFT,0,2717
A280RC0S51YKFT,1,2722
A280RC0S51YKFT,2,2729
A280RC0S51YKFT,3,2732
A280RC0S51YKFT,4,2733
A280RC0S51YKFT,5,2734
A280RC0S51YKFT,6,2735
A280RC0S51YKFT,7,2736
A280RC0S51YKFT,8,2737
A280RC0S51YKFT,9,2738
A291KO368YRYCR,0,1306
A291KO368YRYCR,1,1309
A291KO368YRYCR,2,1334
A291KO368YRYCR,3,1335
A291KO368YRYCR,4,1342
A291KO368YRYCR,5,1344
A291KO368YRYCR,6,1346
A291KO368YRYCR,7,1350
A291KO368YRYCR,8,1353
A291KO368YRYCR,9,1359
A2BDU25MXACCED,0,2840
A2BDU25MXACCED,1,2846
A2BDU25MXACCED,2,2851
A2BDU25MXACCED,3,2853
A2BDU25MXACCED,4,2856
A2BDU25MXACCED,5,2861
A2BDU25MXACCED,6,2863
A2BDU25MXACCED,7,2865
A2BDU25MXACCED,8,2866
A2BDU25MXACCED,9,2868
A2D4LE79813XEY,0,2739
A2D4LE79813XEY,1,2742
A2D4LE79813XEY,2,2744
A2D4LE79813XEY,3,2745
A2D4LE79813XEY,4,2746
A2D4LE79813XEY,5,2750
A2D4LE79813XEY,6,2756
A2D4LE79813XEY,7,2758
A2D4LE79813XEY,8,2760
A2D4LE79813XEY,9,2763
A2FKD1J0L9M73F,0,1158
A2FKD1J0L9M73F,1,1174
A2FKD1J0L9M73F,2,1224
A2FKD1J0L9M73F,3,1232
A2FKD1J0L9M73F,4,1237
A2FKD1J0L9M73F,5,1245
A2FKD1J0L9M73F,6,1254
A2FKD1J0L9M73F,7,1270
A2FKD1J0L9M73F,8,1280
A2FKD1J0L9M73F,9,1296
A2HG1N3BVQO6I,0,162
A2HG1N3BVQO6I,1,164
A2HG1N3BVQO6I,2,166
A2HG1N3BVQO6I,3,167
A2HG1N3BVQO6I,4,168
A2HG1N3BVQO6I,5,169
A2HG1N3BVQO6I,6,170
A2HG1N3BVQO6I,7,171
A2HG1N3BVQO6I,8,172
A2HG1N3BVQO6I,9,173
A2I58SHMMQGBG0,0,1558
A2I58SHMMQGBG0,0,2035
A2I58SHMMQGBG0,1,1562
A2I58SHMMQGBG0,1,2038
A2I58SHMMQGBG0,2,1566
A2I58SHMMQGBG0,2,2044
A2I58SHMMQGBG0,3,1572
A2I58SHMMQGBG0,3,2048
A2I58SHMMQGBG0,4,1578
A2I58SHMMQGBG0,4,2053
A2I58SHMMQGBG0,5,1583
A2I58SHMMQGBG0,5,2059
A2I58SHMMQGBG0,6,1584
A2I58SHMMQGBG0,6,2064
A2I58SHMMQGBG0,7,1587
A2I58SHMMQGBG0,7,2072
A2I58SHMMQGBG0,8,1590
A2I58SHMMQGBG0,8,2076
A2I58SHMMQGBG0,9,1602
A2I58SHMMQGBG0,9,2080
A2JUB8IX4D05P8,0,2917
A2JUB8IX4D05P8,1,2920
A2JUB8IX4D05P8,2,2926
A2JUB8IX4D05P8,3,2931
A2JUB8IX4D05P8,4,2936
A2JUB8IX4D05P8,5,2937
A2JUB8IX4D05P8,6,2939
A2JUB8IX4D05P8,7,2943
A2JUB8IX4D05P8,8,2944
A2JUB8IX4D05P8,9,2947
A2KK5PQ26JGH8R,0,946
A2KK5PQ26JGH8R,1,947
A2KK5PQ26JGH8R,2,948
A2KK5PQ26JGH8R,3,949
A2KK5PQ26JGH8R,4,950
A2KK5PQ26JGH8R,5,951
A2KK5PQ26JGH8R,6,952
A2KK5PQ26JGH8R,7,953
A2KK5PQ26JGH8R,8,954
A2KK5PQ26JGH8R,9,955
A2KMNDXOBJPE8,0,423
A2KMNDXOBJPE8,1,424
A2KMNDXOBJPE8,2,425
A2KMNDXOBJPE8,3,426
A2KMNDXOBJPE8,4,427
A2KMNDXOBJPE8,5,428
A2KMNDXOBJPE8,6,429
A2KMNDXOBJPE8,7,430
A2KMNDXOBJPE8,8,431
A2KMNDXOBJPE8,9,432
A2M7114AHJP8AO,0,2266
A2M7114AHJP8AO,1,2268
A2M7114AHJP8AO,2,2274
A2M7114AHJP8AO,3,2278
A2M7114AHJP8AO,4,2281
A2M7114AHJP8AO,5,2284
A2M7114AHJP8AO,6,2288
A2M7114AHJP8AO,7,2291
A2M7114AHJP8AO,8,2294
A2M7114AHJP8AO,9,2298
A2OL8WYXJ977GH,0,1108
A2OL8WYXJ977GH,0,1192
A2OL8WYXJ977GH,1,1112
A2OL8WYXJ977GH,1,1202
A2OL8WYXJ977GH,2,1126
A2OL8WYXJ977GH,2,1209
A2OL8WYXJ977GH,3,1135
A2OL8WYXJ977GH,3,1214
A2OL8WYXJ977GH,4,1137
A2OL8WYXJ977GH,4,1265
A2OL8WYXJ977GH,5,1140
A2OL8WYXJ977GH,5,1269
A2OL8WYXJ977GH,6,1147
A2OL8WYXJ977GH,6,1316
A2OL8WYXJ977GH,7,1157
A2OL8WYXJ977GH,7,1318
A2OL8WYXJ977GH,8,1162
A2OL8WYXJ977GH,8,1323
A2OL8WYXJ977GH,9,1166
A2OL8WYXJ977GH,9,1326
A2OMINMO6NKNG3,0,622
A2OMINMO6NKNG3,1,623
A2OMINMO6NKNG3,2,624
A2OMINMO6NKNG3,3,625
A2OMINMO6NKNG3,4,627
A2OMINMO6NKNG3,5,629
A2OMINMO6NKNG3,6,630
A2OMINMO6NKNG3,7,632
A2OMINMO6NKNG3,8,633
A2OMINMO6NKNG3,9,634
A2PHHANCEOMA2U,0,881
A2PHHANCEOMA2U,1,882
A2PHHANCEOMA2U,2,883
A2PHHANCEOMA2U,3,884
A2PHHANCEOMA2U,4,885
A2PHHANCEOMA2U,5,886
A2PHHANCEOMA2U,6,887
A2PHHANCEOMA2U,7,888
A2PHHANCEOMA2U,8,889
A2PHHANCEOMA2U,9,890
A2Q1617E81QXYC,0,3056
A2Q1617E81QXYC,1,3057
A2Q1617E81QXYC,2,3058
A2Q1617E81QXYC,3,3059
A2Q1617E81QXYC,4,3060
A2Q1617E81QXYC,5,3061
A2Q1617E81QXYC,6,3062
A2Q1617E81QXYC,7,3063
A2Q1617E81QXYC,8,3064
A2Q1617E81QXYC,9,3065
A2ROSI29CVVKGO,0,1840
A2ROSI29CVVKGO,1,1844
A2ROSI29CVVKGO,2,1846
A2ROSI29CVVKGO,3,1855
A2ROSI29CVVKGO,4,1856
A2ROSI29CVVKGO,5,1857
A2ROSI29CVVKGO,6,1859
A2ROSI29CVVKGO,7,1861
A2ROSI29CVVKGO,8,1862
A2ROSI29CVVKGO,9,1864
A2RULZW5A6JWCZ,0,1464
A2RULZW5A6JWCZ,1,1474
A2RULZW5A6JWCZ,2,1495
A2RULZW5A6JWCZ,3,1518
A2RULZW5A6JWCZ,4,1519
A2RULZW5A6JWCZ,5,1538
A2RULZW5A6JWCZ,6,1553
A2RULZW5A6JWCZ,7,1575
A2RULZW5A6JWCZ,8,1579
A2RULZW5A6JWCZ,9,1586
A2TN0N04728YLI,0,2670
A2TN0N04728YLI,0,2694
A2TN0N04728YLI,0,2766
A2TN0N04728YLI,0,2743
A2TN0N04728YLI,1,2673
A2TN0N04728YLI,1,2700
A2TN0N04728YLI,1,2769
A2TN0N04728YLI,1,2747
A2TN0N04728YLI,2,2678
A2TN0N04728YLI,2,2705
A2TN0N04728YLI,2,2773
A2TN0N04728YLI,2,2748
A2TN0N04728YLI,3,2679
A2TN0N04728YLI,3,2711
A2TN0N04728YLI,3,2778
A2TN0N04728YLI,3,2749
A2TN0N04728YLI,4,2680
A2TN0N04728YLI,4,2713
A2TN0N04728YLI,4,2782
A2TN0N04728YLI,4,2753
A2TN0N04728YLI,5,2681
A2TN0N04728YLI,5,2718
A2TN0N04728YLI,5,2784
A2TN0N04728YLI,5,2755
A2TN0N04728YLI,6,2682
A2TN0N04728YLI,6,2724
A2TN0N04728YLI,6,2786
A2TN0N04728YLI,6,2757
A2TN0N04728YLI,7,2683
A2TN0N04728YLI,7,2728
A2TN0N04728YLI,7,2789
A2TN0N04728YLI,7,2759
A2TN0N04728YLI,8,2684
A2TN0N04728YLI,8,2740
A2TN0N04728YLI,8,2792
A2TN0N04728YLI,8,2761
A2TN0N04728YLI,9,2685
A2TN0N04728YLI,9,2741
A2TN0N04728YLI,9,2795
A2TN0N04728YLI,9,2762
A2V28W4THGYYTQ,0,1636
A2V28W4THGYYTQ,0,1598
A2V28W4THGYYTQ,0,1506
A2V28W4THGYYTQ,1,1638
A2V28W4THGYYTQ,1,1601
A2V28W4THGYYTQ,1,1512
A2V28W4THGYYTQ,2,1639
A2V28W4THGYYTQ,2,1604
A2V28W4THGYYTQ,2,1520
A2V28W4THGYYTQ,3,1643
A2V28W4THGYYTQ,3,1606
A2V28W4THGYYTQ,3,1527
A2V28W4THGYYTQ,4,1648
A2V28W4THGYYTQ,4,1616
A2V28W4THGYYTQ,4,1543
A2V28W4THGYYTQ,5,1651
A2V28W4THGYYTQ,5,1618
A2V28W4THGYYTQ,5,1552
A2V28W4THGYYTQ,6,1657
A2V28W4THGYYTQ,6,1619
A2V28W4THGYYTQ,6,1555
A2V28W4THGYYTQ,7,1659
A2V28W4THGYYTQ,7,1621
A2V28W4THGYYTQ,7,1563
A2V28W4THGYYTQ,8,1662
A2V28W4THGYYTQ,8,1622
A2V28W4THGYYTQ,8,1565
A2V28W4THGYYTQ,9,1666
A2V28W4THGYYTQ,9,1623
A2V28W4THGYYTQ,9,1581
A2W9HBGFNRLWF9,0,2356
A2W9HBGFNRLWF9,1,2361
A2W9HBGFNRLWF9,2,2370
A2W9HBGFNRLWF9,3,2376
A2W9HBGFNRLWF9,4,2384
A2W9HBGFNRLWF9,5,2387
A2W9HBGFNRLWF9,6,2388
A2W9HBGFNRLWF9,7,2391
A2W9HBGFNRLWF9,8,2397
A2W9HBGFNRLWF9,9,2403
A2WKLFDPHPHEOW,0,1439
A2WKLFDPHPHEOW,1,1453
A2WKLFDPHPHEOW,2,1463
A2WKLFDPHPHEOW,3,1468
A2WKLFDPHPHEOW,4,1472
A2WKLFDPHPHEOW,5,1477
A2WKLFDPHPHEOW,6,1480
A2WKLFDPHPHEOW,7,1489
A2WKLFDPHPHEOW,8,1492
A2WKLFDPHPHEOW,9,1494
A2ZE2IPHK152KA,0,638
A2ZE2IPHK152KA,1,639
A2ZE2IPHK152KA,2,640
A2ZE2IPHK152KA,3,641
A2ZE2IPHK152KA,4,642
A2ZE2IPHK152KA,5,643
A2ZE2IPHK152KA,6,644
A2ZE2IPHK152KA,7,645
A2ZE2IPHK152KA,8,646
A2ZE2IPHK152KA,9,647
A3132FK20GHM6L,0,95
A3132FK20GHM6L,1,96
A3132FK20GHM6L,2,97
A3132FK20GHM6L,3,98
A3132FK20GHM6L,4,99
A3132FK20GHM6L,5,100
A3132FK20GHM6L,6,101
A3132FK20GHM6L,7,103
A3132FK20GHM6L,8,104
A3132FK20GHM6L,9,105
A31681CCEVDIH3,0,935
A31681CCEVDIH3,1,936
A31681CCEVDIH3,2,937
A31681CCEVDIH3,3,938
A31681CCEVDIH3,4,939
A31681CCEVDIH3,5,940
A31681CCEVDIH3,6,941
A31681CCEVDIH3,7,942
A31681CCEVDIH3,8,943
A31681CCEVDIH3,9,944
A31VW44MXV7PP5,0,2036
A31VW44MXV7PP5,0,1923
A31VW44MXV7PP5,0,1999
A31VW44MXV7PP5,0,1953
A31VW44MXV7PP5,1,2041
A31VW44MXV7PP5,1,1931
A31VW44MXV7PP5,1,2002
A31VW44MXV7PP5,1,1962
A31VW44MXV7PP5,2,2046
A31VW44MXV7PP5,2,1933
A31VW44MXV7PP5,2,2005
A31VW44MXV7PP5,2,1965
A31VW44MXV7PP5,3,2047
A31VW44MXV7PP5,3,1934
A31VW44MXV7PP5,3,2008
A31VW44MXV7PP5,3,1968
A31VW44MXV7PP5,4,2052
A31VW44MXV7PP5,4,1935
A31VW44MXV7PP5,4,2011
A31VW44MXV7PP5,4,1970
A31VW44MXV7PP5,5,2062
A31VW44MXV7PP5,5,1937
A31VW44MXV7PP5,5,2017
A31VW44MXV7PP5,5,1972
A31VW44MXV7PP5,6,2068
A31VW44MXV7PP5,6,1939
A31VW44MXV7PP5,6,2020
A31VW44MXV7PP5,6,1976
A31VW44MXV7PP5,7,2071
A31VW44MXV7PP5,7,1941
A31VW44MXV7PP5,7,2021
A31VW44MXV7PP5,7,1978
A31VW44MXV7PP5,8,2074
A31VW44MXV7PP5,8,1943
A31VW44MXV7PP5,8,2023
A31VW44MXV7PP5,8,1980
A31VW44MXV7PP5,9,2078
A31VW44MXV7PP5,9,1946
A31VW44MXV7PP5,9,2024
A31VW44MXV7PP5,9,1990
A33CFLCMJNHHNC,0,2894
A33CFLCMJNHHNC,1,2896
A33CFLCMJNHHNC,2,2898
A33CFLCMJNHHNC,3,2900
A33CFLCMJNHHNC,4,2902
A33CFLCMJNHHNC,5,2904
A33CFLCMJNHHNC,6,2906
A33CFLCMJNHHNC,7,2909
A33CFLCMJNHHNC,8,2911
A33CFLCMJNHHNC,9,2913
A346UAH34GVOZX,0,2244
A346UAH34GVOZX,1,2247
A346UAH34GVOZX,2,2249
A346UAH34GVOZX,3,2250
A346UAH34GVOZX,4,2269
A346UAH34GVOZX,5,2272
A346UAH34GVOZX,6,2275
A346UAH34GVOZX,7,2282
A346UAH34GVOZX,8,2323
A346UAH34GVOZX,9,2327
A348LG87SR0G4X,0,1693
A348LG87SR0G4X,0,1829
A348LG87SR0G4X,0,1765
A348LG87SR0G4X,0,1794
A348LG87SR0G4X,1,1697
A348LG87SR0G4X,1,1831
A348LG87SR0G4X,1,1766
A348LG87SR0G4X,1,1796
A348LG87SR0G4X,2,1700
A348LG87SR0G4X,2,1832
A348LG87SR0G4X,2,1767
A348LG87SR0G4X,2,1799
A348LG87SR0G4X,3,1707
A348LG87SR0G4X,3,1833
A348LG87SR0G4X,3,1769
A348LG87SR0G4X,3,1801
A348LG87SR0G4X,4,1711
A348LG87SR0G4X,4,1834
A348LG87SR0G4X,4,1770
A348LG87SR0G4X,4,1803
A348LG87SR0G4X,5,1752
A348LG87SR0G4X,5,1836
A348LG87SR0G4X,5,1772
A348LG87SR0G4X,5,1805
A348LG87SR0G4X,6,1753
A348LG87SR0G4X,6,1837
A348LG87SR0G4X,6,1773
A348LG87SR0G4X,6,1807
A348LG87SR0G4X,7,1755
A348LG87SR0G4X,7,1839
A348LG87SR0G4X,7,1777
A348LG87SR0G4X,7,1808
A348LG87SR0G4X,8,1757
A348LG87SR0G4X,8,1841
A348LG87SR0G4X,8,1784
A348LG87SR0G4X,8,1815
A348LG87SR0G4X,9,1758
A348LG87SR0G4X,9,1842
A348LG87SR0G4X,9,1786
A348LG87SR0G4X,9,1817
A34LDFLSD0QAT2,0,455
A34LDFLSD0QAT2,1,456
A34LDFLSD0QAT2,2,457
A34LDFLSD0QAT2,3,458
A34LDFLSD0QAT2,4,459
A34LDFLSD0QAT2,5,460
A34LDFLSD0QAT2,6,461
A34LDFLSD0QAT2,7,462
A34LDFLSD0QAT2,8,463
A34LDFLSD0QAT2,9,464
A373WNHSS0BG52,0,2317
A373WNHSS0BG52,1,2318
A373WNHSS0BG52,2,2325
A373WNHSS0BG52,3,2329
A373WNHSS0BG52,4,2333
A373WNHSS0BG52,5,2336
A373WNHSS0BG52,6,2340
A373WNHSS0BG52,7,2347
A373WNHSS0BG52,8,2353
A373WNHSS0BG52,9,2358
A37SZ84T6GDN7T,0,2501
A37SZ84T6GDN7T,0,2453
A37SZ84T6GDN7T,0,2405
A37SZ84T6GDN7T,0,2338
A37SZ84T6GDN7T,1,2505
A37SZ84T6GDN7T,1,2455
A37SZ84T6GDN7T,1,2408
A37SZ84T6GDN7T,1,2346
A37SZ84T6GDN7T,2,2508
A37SZ84T6GDN7T,2,2456
A37SZ84T6GDN7T,2,2411
A37SZ84T6GDN7T,2,2352
A37SZ84T6GDN7T,3,2514
A37SZ84T6GDN7T,3,2458
A37SZ84T6GDN7T,3,2416
A37SZ84T6GDN7T,3,2354
A37SZ84T6GDN7T,4,2516
A37SZ84T6GDN7T,4,2464
A37SZ84T6GDN7T,4,2421
A37SZ84T6GDN7T,4,2359
A37SZ84T6GDN7T,5,2521
A37SZ84T6GDN7T,5,2467
A37SZ84T6GDN7T,5,2425
A37SZ84T6GDN7T,5,2367
A37SZ84T6GDN7T,6,2523
A37SZ84T6GDN7T,6,2474
A37SZ84T6GDN7T,6,2429
A37SZ84T6GDN7T,6,2368
A37SZ84T6GDN7T,7,2533
A37SZ84T6GDN7T,7,2476
A37SZ84T6GDN7T,7,2436
A37SZ84T6GDN7T,7,2375
A37SZ84T6GDN7T,8,2537
A37SZ84T6GDN7T,8,2479
A37SZ84T6GDN7T,8,2442
A37SZ84T6GDN7T,8,2379
A37SZ84T6GDN7T,9,2541
A37SZ84T6GDN7T,9,2484
A37SZ84T6GDN7T,9,2444
A37SZ84T6GDN7T,9,2393
A38FFLHK86KOAP,0,2691
A38FFLHK86KOAP,1,2697
A38FFLHK86KOAP,2,2704
A38FFLHK86KOAP,3,2709
A38FFLHK86KOAP,4,2714
A38FFLHK86KOAP,5,2716
A38FFLHK86KOAP,6,2720
A38FFLHK86KOAP,7,2725
A38FFLHK86KOAP,8,2726
A38FFLHK86KOAP,9,2730
A38QMA26BG1KL0,0,2575
A38QMA26BG1KL0,1,2576
A38QMA26BG1KL0,2,2579
A38QMA26BG1KL0,3,2580
A38QMA26BG1KL0,4,2584
A38QMA26BG1KL0,5,2586
A38QMA26BG1KL0,6,2588
A38QMA26BG1KL0,7,2592
A38QMA26BG1KL0,8,2593
A38QMA26BG1KL0,9,2598
A3BYC6720RUMTY,0,1626
A3BYC6720RUMTY,1,1629
A3BYC6720RUMTY,2,1631
A3BYC6720RUMTY,3,1633
A3BYC6720RUMTY,4,1637
A3BYC6720RUMTY,5,1640
A3BYC6720RUMTY,6,1644
A3BYC6720RUMTY,7,1645
A3BYC6720RUMTY,8,1647
A3BYC6720RUMTY,9,1649
A3BZO7NGC7REGI,0,2555
A3BZO7NGC7REGI,1,2559
A3BZO7NGC7REGI,2,2562
A3BZO7NGC7REGI,3,2567
A3BZO7NGC7REGI,4,2570
A3BZO7NGC7REGI,5,2571
A3BZO7NGC7REGI,6,2572
A3BZO7NGC7REGI,7,2574
A3BZO7NGC7REGI,8,2581
A3BZO7NGC7REGI,9,2582
A3CFQYYFWI3U7D,0,532
A3CFQYYFWI3U7D,0,532
A3CFQYYFWI3U7D,1,535
A3CFQYYFWI3U7D,1,535
A3CFQYYFWI3U7D,2,537
A3CFQYYFWI3U7D,2,537
A3CFQYYFWI3U7D,3,538
A3CFQYYFWI3U7D,3,538
A3CFQYYFWI3U7D,4,542
A3CFQYYFWI3U7D,4,542
A3CFQYYFWI3U7D,5,544
A3CFQYYFWI3U7D,5,544
A3CFQYYFWI3U7D,6,546
A3CFQYYFWI3U7D,6,546
A3CFQYYFWI3U7D,7,574
A3CFQYYFWI3U7D,7,574
A3CFQYYFWI3U7D,8,577
A3CFQYYFWI3U7D,8,577
A3CFQYYFWI3U7D,9,579
A3CFQYYFWI3U7D,9,579
A3CX9UQ91LNQJJ,0,1133
A3CX9UQ91LNQJJ,1,1142
A3CX9UQ91LNQJJ,2,1152
A3CX9UQ91LNQJJ,3,1175
A3CX9UQ91LNQJJ,4,1189
A3CX9UQ91LNQJJ,5,1207
A3CX9UQ91LNQJJ,6,1216
A3CX9UQ91LNQJJ,7,1225
A3CX9UQ91LNQJJ,8,1228
A3CX9UQ91LNQJJ,9,1238
A3DPQ0TLVI85B7,0,956
A3DPQ0TLVI85B7,1,957
A3DPQ0TLVI85B7,2,958
A3DPQ0TLVI85B7,3,959
A3DPQ0TLVI85B7,4,960
A3DPQ0TLVI85B7,5,961
A3DPQ0TLVI85B7,6,962
A3DPQ0TLVI85B7,7,963
A3DPQ0TLVI85B7,8,964
A3DPQ0TLVI85B7,9,965
A3DRYZ95VDUDK,0,2207
A3DRYZ95VDUDK,1,2210
A3DRYZ95VDUDK,2,2217
A3DRYZ95VDUDK,3,2221
A3DRYZ95VDUDK,4,2223
A3DRYZ95VDUDK,5,2224
A3DRYZ95VDUDK,6,2230
A3DRYZ95VDUDK,7,2232
A3DRYZ95VDUDK,8,2234
A3DRYZ95VDUDK,9,2237
A3E4AKKZC1HWBR,0,2780
A3E4AKKZC1HWBR,1,2785
A3E4AKKZC1HWBR,2,2787
A3E4AKKZC1HWBR,3,2791
A3E4AKKZC1HWBR,4,2798
A3E4AKKZC1HWBR,5,2802
A3E4AKKZC1HWBR,6,2804
A3E4AKKZC1HWBR,7,2811
A3E4AKKZC1HWBR,8,2815
A3E4AKKZC1HWBR,9,2818
A3EBUBRYCKB6AF,0,19
A3EBUBRYCKB6AF,1,20
A3EBUBRYCKB6AF,2,21
A3EBUBRYCKB6AF,3,22
A3EBUBRYCKB6AF,4,24
A3EBUBRYCKB6AF,5,25
A3EBUBRYCKB6AF,6,27
A3EBUBRYCKB6AF,7,29
A3EBUBRYCKB6AF,8,31
A3EBUBRYCKB6AF,9,34
A3F4MH4QDLQMAY,0,2686
A3F4MH4QDLQMAY,1,2687
A3F4MH4QDLQMAY,2,2692
A3F4MH4QDLQMAY,3,2699
A3F4MH4QDLQMAY,4,2707
A3F4MH4QDLQMAY,5,2710
A3F4MH4QDLQMAY,6,2715
A3F4MH4QDLQMAY,7,2723
A3F4MH4QDLQMAY,8,2727
A3F4MH4QDLQMAY,9,2731
A3HVFSD8K94SOR,0,2022
A3HVFSD8K94SOR,1,2027
A3HVFSD8K94SOR,2,2032
A3HVFSD8K94SOR,3,2045
A3HVFSD8K94SOR,4,2057
A3HVFSD8K94SOR,5,2067
A3HVFSD8K94SOR,6,2075
A3HVFSD8K94SOR,7,2081
A3HVFSD8K94SOR,8,2082
A3HVFSD8K94SOR,9,2084
A3I1QHGTBXVCLZ,0,1960
A3I1QHGTBXVCLZ,1,1964
A3I1QHGTBXVCLZ,2,1967
A3I1QHGTBXVCLZ,3,1971
A3I1QHGTBXVCLZ,4,1973
A3I1QHGTBXVCLZ,5,1975
A3I1QHGTBXVCLZ,6,1979
A3I1QHGTBXVCLZ,7,1982
A3I1QHGTBXVCLZ,8,1984
A3I1QHGTBXVCLZ,9,1986
A3JIQMM9STO2X4,0,2770
A3JIQMM9STO2X4,1,2776
A3JIQMM9STO2X4,2,2779
A3JIQMM9STO2X4,3,2783
A3JIQMM9STO2X4,4,2788
A3JIQMM9STO2X4,5,2793
A3JIQMM9STO2X4,6,2794
A3JIQMM9STO2X4,7,2797
A3JIQMM9STO2X4,8,2800
A3JIQMM9STO2X4,9,2803
A3KFXDTW992SRO,0,2764
A3KFXDTW992SRO,1,2765
A3KFXDTW992SRO,2,2767
A3KFXDTW992SRO,3,2768
A3KFXDTW992SRO,4,2771
A3KFXDTW992SRO,5,2772
A3KFXDTW992SRO,6,2774
A3KFXDTW992SRO,7,2775
A3KFXDTW992SRO,8,2777
A3KFXDTW992SRO,9,2781
A3KHBRDIP0E72S,0,1391
A3KHBRDIP0E72S,0,1345
A3KHBRDIP0E72S,1,1397
A3KHBRDIP0E72S,1,1352
A3KHBRDIP0E72S,2,1402
A3KHBRDIP0E72S,2,1357
A3KHBRDIP0E72S,3,1407
A3KHBRDIP0E72S,3,1360
A3KHBRDIP0E72S,4,1411
A3KHBRDIP0E72S,4,1365
A3KHBRDIP0E72S,5,1413
A3KHBRDIP0E72S,5,1369
A3KHBRDIP0E72S,6,1417
A3KHBRDIP0E72S,6,1371
A3KHBRDIP0E72S,7,1421
A3KHBRDIP0E72S,7,1373
A3KHBRDIP0E72S,8,1423
A3KHBRDIP0E72S,8,1376
A3KHBRDIP0E72S,9,1425
A3KHBRDIP0E72S,9,1377
A3L5XFNSOY6QET,0,1875
A3L5XFNSOY6QET,0,1974
A3L5XFNSOY6QET,0,1940
A3L5XFNSOY6QET,0,1899
A3L5XFNSOY6QET,1,1877
A3L5XFNSOY6QET,1,1977
A3L5XFNSOY6QET,1,1944
A3L5XFNSOY6QET,1,1900
A3L5XFNSOY6QET,2,1883
A3L5XFNSOY6QET,2,1981
A3L5XFNSOY6QET,2,1945
A3L5XFNSOY6QET,2,1903
A3L5XFNSOY6QET,3,1886
A3L5XFNSOY6QET,3,1983
A3L5XFNSOY6QET,3,1947
A3L5XFNSOY6QET,3,1908
A3L5XFNSOY6QET,4,1888
A3L5XFNSOY6QET,4,1985
A3L5XFNSOY6QET,4,1949
A3L5XFNSOY6QET,4,1911
A3L5XFNSOY6QET,5,1889
A3L5XFNSOY6QET,5,1987
A3L5XFNSOY6QET,5,1950
A3L5XFNSOY6QET,5,1914
A3L5XFNSOY6QET,6,1891
A3L5XFNSOY6QET,6,1988
A3L5XFNSOY6QET,6,1952
A3L5XFNSOY6QET,6,1917
A3L5XFNSOY6QET,7,1892
A3L5XFNSOY6QET,7,1989
A3L5XFNSOY6QET,7,1956
A3L5XFNSOY6QET,7,1920
A3L5XFNSOY6QET,8,1895
A3L5XFNSOY6QET,8,1991
A3L5XFNSOY6QET,8,1957
A3L5XFNSOY6QET,8,1926
A3L5XFNSOY6QET,9,1897
A3L5XFNSOY6QET,9,1992
A3L5XFNSOY6QET,9,1959
A3L5XFNSOY6QET,9,1930
A3M6TIBELIT0GK,0,3023
A3M6TIBELIT0GK,1,3025
A3M6TIBELIT0GK,2,3028
A3M6TIBELIT0GK,3,3031
A3M6TIBELIT0GK,4,3032
A3M6TIBELIT0GK,5,3034
A3M6TIBELIT0GK,6,3035
A3M6TIBELIT0GK,7,3038
A3M6TIBELIT0GK,8,3041
A3M6TIBELIT0GK,9,3044
A3N8MC9JZWS4WX,0,114
A3N8MC9JZWS4WX,1,117
A3N8MC9JZWS4WX,2,118
A3N8MC9JZWS4WX,3,120
A3N8MC9JZWS4WX,4,121
A3N8MC9JZWS4WX,5,122
A3N8MC9JZWS4WX,6,123
A3N8MC9JZWS4WX,7,126
A3N8MC9JZWS4WX,8,130
A3N8MC9JZWS4WX,9,134
A3ORBLI24UT0SA,0,1406
A3ORBLI24UT0SA,1,1416
A3ORBLI24UT0SA,2,1427
A3ORBLI24UT0SA,3,1436
A3ORBLI24UT0SA,4,1449
A3ORBLI24UT0SA,5,1456
A3ORBLI24UT0SA,6,1465
A3ORBLI24UT0SA,7,1471
A3ORBLI24UT0SA,8,1481
A3ORBLI24UT0SA,9,1483
A3QDAGEBD0JZL9,0,2656
A3QDAGEBD0JZL9,1,2660
A3QDAGEBD0JZL9,2,2663
A3QDAGEBD0JZL9,3,2664
A3QDAGEBD0JZL9,4,2671
A3QDAGEBD0JZL9,5,2672
A3QDAGEBD0JZL9,6,2674
A3QDAGEBD0JZL9,7,2675
A3QDAGEBD0JZL9,8,2676
A3QDAGEBD0JZL9,9,2677
A3RRTVBTY0MMW7,0,2970
A3RRTVBTY0MMW7,1,2972
A3RRTVBTY0MMW7,2,2974
A3RRTVBTY0MMW7,3,2980
A3RRTVBTY0MMW7,4,2983
A3RRTVBTY0MMW7,5,2986
A3RRTVBTY0MMW7,6,2988
A3RRTVBTY0MMW7,7,2990
A3RRTVBTY0MMW7,8,2993
A3RRTVBTY0MMW7,9,3030
A3S1ZAX0W7Q5SV,0,2390
A3S1ZAX0W7Q5SV,0,2509
A3S1ZAX0W7Q5SV,0,2454
A3S1ZAX0W7Q5SV,1,2392
A3S1ZAX0W7Q5SV,1,2517
A3S1ZAX0W7Q5SV,1,2459
A3S1ZAX0W7Q5SV,2,2394
A3S1ZAX0W7Q5SV,2,2522
A3S1ZAX0W7Q5SV,2,2462
A3S1ZAX0W7Q5SV,3,2398
A3S1ZAX0W7Q5SV,3,2525
A3S1ZAX0W7Q5SV,3,2477
A3S1ZAX0W7Q5SV,4,2401
A3S1ZAX0W7Q5SV,4,2527
A3S1ZAX0W7Q5SV,4,2480
A3S1ZAX0W7Q5SV,5,2414
A3S1ZAX0W7Q5SV,5,2531
A3S1ZAX0W7Q5SV,5,2483
A3S1ZAX0W7Q5SV,6,2418
A3S1ZAX0W7Q5SV,6,2536
A3S1ZAX0W7Q5SV,6,2488
A3S1ZAX0W7Q5SV,7,2423
A3S1ZAX0W7Q5SV,7,2538
A3S1ZAX0W7Q5SV,7,2491
A3S1ZAX0W7Q5SV,8,2428
A3S1ZAX0W7Q5SV,8,2539
A3S1ZAX0W7Q5SV,8,2493
A3S1ZAX0W7Q5SV,9,2435
A3S1ZAX0W7Q5SV,9,2542
A3S1ZAX0W7Q5SV,9,2496
A3SH8GZMSSDNXQ,0,1403
A3SH8GZMSSDNXQ,1,1414
A3SH8GZMSSDNXQ,2,1424
A3SH8GZMSSDNXQ,3,1428
A3SH8GZMSSDNXQ,4,1434
A3SH8GZMSSDNXQ,5,1435
A3SH8GZMSSDNXQ,6,1443
A3SH8GZMSSDNXQ,7,1448
A3SH8GZMSSDNXQ,8,1460
A3SH8GZMSSDNXQ,9,1467
A3SST36IDLIZIZ,0,2095
A3SST36IDLIZIZ,0,2003
A3SST36IDLIZIZ,1,2099
A3SST36IDLIZIZ,1,2009
A3SST36IDLIZIZ,2,2101
A3SST36IDLIZIZ,2,2010
A3SST36IDLIZIZ,3,2104
A3SST36IDLIZIZ,3,2012
A3SST36IDLIZIZ,4,2107
A3SST36IDLIZIZ,4,2014
A3SST36IDLIZIZ,5,2112
A3SST36IDLIZIZ,5,2040
A3SST36IDLIZIZ,6,2117
A3SST36IDLIZIZ,6,2060
A3SST36IDLIZIZ,7,2122
A3SST36IDLIZIZ,7,2063
A3SST36IDLIZIZ,8,2124
A3SST36IDLIZIZ,8,2069
A3SST36IDLIZIZ,9,2130
A3SST36IDLIZIZ,9,2077
A3TQNW1OKQ2G6B,0,774
A3TQNW1OKQ2G6B,1,775
A3TQNW1OKQ2G6B,2,776
A3TQNW1OKQ2G6B,3,777
A3TQNW1OKQ2G6B,4,778
A3TQNW1OKQ2G6B,5,779
A3TQNW1OKQ2G6B,6,780
A3TQNW1OKQ2G6B,7,781
A3TQNW1OKQ2G6B,8,782
A3TQNW1OKQ2G6B,9,783
A3TWZEOWEH8KMM,0,1332
A3TWZEOWEH8KMM,0,1437
A3TWZEOWEH8KMM,0,1498
A3TWZEOWEH8KMM,1,1341
A3TWZEOWEH8KMM,1,1440
A3TWZEOWEH8KMM,1,1502
A3TWZEOWEH8KMM,2,1348
A3TWZEOWEH8KMM,2,1446
A3TWZEOWEH8KMM,2,1504
A3TWZEOWEH8KMM,3,1354
A3TWZEOWEH8KMM,3,1458
A3TWZEOWEH8KMM,3,1507
A3TWZEOWEH8KMM,4,1361
A3TWZEOWEH8KMM,4,1462
A3TWZEOWEH8KMM,4,1510
A3TWZEOWEH8KMM,5,1366
A3TWZEOWEH8KMM,5,1479
A3TWZEOWEH8KMM,5,1513
A3TWZEOWEH8KMM,6,1368
A3TWZEOWEH8KMM,6,1482
A3TWZEOWEH8KMM,6,1514
A3TWZEOWEH8KMM,7,1380
A3TWZEOWEH8KMM,7,1486
A3TWZEOWEH8KMM,7,1521
A3TWZEOWEH8KMM,8,1385
A3TWZEOWEH8KMM,8,1487
A3TWZEOWEH8KMM,8,1529
A3TWZEOWEH8KMM,9,1387
A3TWZEOWEH8KMM,9,1490
A3TWZEOWEH8KMM,9,1534
A3USAW0QFL8K58,0,2168
A3USAW0QFL8K58,1,2172
A3USAW0QFL8K58,2,2173
A3USAW0QFL8K58,3,2175
A3USAW0QFL8K58,4,2178
A3USAW0QFL8K58,5,2180
A3USAW0QFL8K58,6,2182
A3USAW0QFL8K58,7,2184
A3USAW0QFL8K58,8,2186
A3USAW0QFL8K58,9,2189
A3UV55HC87DO9C,0,271
A3UV55HC87DO9C,1,272
A3UV55HC87DO9C,2,273
A3UV55HC87DO9C,3,274
A3UV55HC87DO9C,4,275
A3UV55HC87DO9C,5,276
A3UV55HC87DO9C,6,277
A3UV55HC87DO9C,7,278
A3UV55HC87DO9C,8,279
A3UV55HC87DO9C,9,280
A4U7HX5SEFM8G,0,2200
A4U7HX5SEFM8G,1,2213
A4U7HX5SEFM8G,2,2218
A4U7HX5SEFM8G,3,2229
A4U7HX5SEFM8G,4,2231
A4U7HX5SEFM8G,5,2233
A4U7HX5SEFM8G,6,2235
A4U7HX5SEFM8G,7,2238
A4U7HX5SEFM8G,8,2240
A4U7HX5SEFM8G,9,2242
A5ERQ96L55H6V,0,102
A5ERQ96L55H6V,0,143
A5ERQ96L55H6V,1,106
A5ERQ96L55H6V,1,144
A5ERQ96L55H6V,2,107
A5ERQ96L55H6V,2,146
A5ERQ96L55H6V,3,109
A5ERQ96L55H6V,3,147
A5ERQ96L55H6V,4,110
A5ERQ96L55H6V,4,149
A5ERQ96L55H6V,5,111
A5ERQ96L55H6V,5,150
A5ERQ96L55H6V,6,112
A5ERQ96L55H6V,6,151
A5ERQ96L55H6V,7,113
A5ERQ96L55H6V,7,152
A5ERQ96L55H6V,8,115
A5ERQ96L55H6V,8,153
A5ERQ96L55H6V,9,116
A5ERQ96L55H6V,9,154
A5FPM57AUWVEO,0,2814
A5FPM57AUWVEO,1,2828
A5FPM57AUWVEO,2,2831
A5FPM57AUWVEO,3,2833
A5FPM57AUWVEO,4,2848
A5FPM57AUWVEO,5,2852
A5FPM57AUWVEO,6,2857
A5FPM57AUWVEO,7,2858
A5FPM57AUWVEO,8,2860
A5FPM57AUWVEO,9,2862
A5IELMRC1OIQO,0,250
A5IELMRC1OIQO,0,260
A5IELMRC1OIQO,0,220
A5IELMRC1OIQO,0,230
A5IELMRC1OIQO,1,251
A5IELMRC1OIQO,1,261
A5IELMRC1OIQO,1,221
A5IELMRC1OIQO,1,231
A5IELMRC1OIQO,2,252
A5IELMRC1OIQO,2,262
A5IELMRC1OIQO,2,222
A5IELMRC1OIQO,2,232
A5IELMRC1OIQO,3,253
A5IELMRC1OIQO,3,263
A5IELMRC1OIQO,3,223
A5IELMRC1OIQO,3,233
A5IELMRC1OIQO,4,254
A5IELMRC1OIQO,4,264
A5IELMRC1OIQO,4,224
A5IELMRC1OIQO,4,234
A5IELMRC1OIQO,5,255
A5IELMRC1OIQO,5,265
A5IELMRC1OIQO,5,225
A5IELMRC1OIQO,5,235
A5IELMRC1OIQO,6,256
A5IELMRC1OIQO,6,266
A5IELMRC1OIQO,6,226
A5IELMRC1OIQO,6,236
A5IELMRC1OIQO,7,257
A5IELMRC1OIQO,7,267
A5IELMRC1OIQO,7,227
A5IELMRC1OIQO,7,237
A5IELMRC1OIQO,8,258
A5IELMRC1OIQO,8,268
A5IELMRC1OIQO,8,228
A5IELMRC1OIQO,8,238
A5IELMRC1OIQO,9,259
A5IELMRC1OIQO,9,269
A5IELMRC1OIQO,9,229
A5IELMRC1OIQO,9,239
A5W81IOCLXK1E,0,1588
A5W81IOCLXK1E,0,1485
A5W81IOCLXK1E,1,1593
A5W81IOCLXK1E,1,1488
A5W81IOCLXK1E,2,1596
A5W81IOCLXK1E,2,1493
A5W81IOCLXK1E,3,1597
A5W81IOCLXK1E,3,1517
A5W81IOCLXK1E,4,1600
A5W81IOCLXK1E,4,1522
A5W81IOCLXK1E,5,1603
A5W81IOCLXK1E,5,1531
A5W81IOCLXK1E,6,1605
A5W81IOCLXK1E,6,1537
A5W81IOCLXK1E,7,1607
A5W81IOCLXK1E,7,1545
A5W81IOCLXK1E,8,1608
A5W81IOCLXK1E,8,1550
A5W81IOCLXK1E,9,1609
A5W81IOCLXK1E,9,1564
A5W81IOCLXK1E,10,1612
A5W81IOCLXK1E,11,1614
A5W81IOCLXK1E,12,1615
A62LZWGKLMBT2,0,11
A62LZWGKLMBT2,1,13
A62LZWGKLMBT2,2,15
A62LZWGKLMBT2,3,18
A62LZWGKLMBT2,4,23
A62LZWGKLMBT2,5,26
A62LZWGKLMBT2,6,35
A62LZWGKLMBT2,7,41
A62LZWGKLMBT2,8,47
A62LZWGKLMBT2,9,53
A6FMGGN74ZJ7C,0,434
A6FMGGN74ZJ7C,1,435
A6FMGGN74ZJ7C,2,436
A6FMGGN74ZJ7C,3,437
A6FMGGN74ZJ7C,4,438
A6FMGGN74ZJ7C,5,439
A6FMGGN74ZJ7C,6,440
A6FMGGN74ZJ7C,7,441
A6FMGGN74ZJ7C,8,442
A6FMGGN74ZJ7C,9,443
A7NFYN7TYSNHK,0,925
A7NFYN7TYSNHK,1,926
A7NFYN7TYSNHK,2,927
A7NFYN7TYSNHK,3,928
A7NFYN7TYSNHK,4,929
A7NFYN7TYSNHK,5,930
A7NFYN7TYSNHK,6,931
A7NFYN7TYSNHK,7,932
A7NFYN7TYSNHK,8,933
A7NFYN7TYSNHK,9,934
A7YDLXXU4HF5K,0,823
A7YDLXXU4HF5K,1,824
A7YDLXXU4HF5K,2,825
A7YDLXXU4HF5K,3,826
A7YDLXXU4HF5K,4,827
A7YDLXXU4HF5K,5,828
A7YDLXXU4HF5K,6,829
A7YDLXXU4HF5K,7,830
A7YDLXXU4HF5K,8,831
A7YDLXXU4HF5K,9,832
A8KXFPAZ57WY5,0,358
A8KXFPAZ57WY5,1,359
A8KXFPAZ57WY5,2,360
A8KXFPAZ57WY5,3,361
A8KXFPAZ57WY5,4,362
A8KXFPAZ57WY5,5,363
A8KXFPAZ57WY5,6,364
A8KXFPAZ57WY5,7,365
A8KXFPAZ57WY5,8,366
A8KXFPAZ57WY5,9,367
A9754EPKP763V,0,843
A9754EPKP763V,1,845
A9754EPKP763V,2,847
A9754EPKP763V,3,850
A9754EPKP763V,4,853
A9754EPKP763V,5,857
A9754EPKP763V,6,859
A9754EPKP763V,7,860
A9754EPKP763V,8,861
A9754EPKP763V,9,862
AAOEHS9LFB8KA,0,1276
AAOEHS9LFB8KA,1,1312
AAOEHS9LFB8KA,2,1319
AAOEHS9LFB8KA,3,1325
AAOEHS9LFB8KA,4,1339
AAOEHS9LFB8KA,5,1347
AAOEHS9LFB8KA,6,1351
AAOEHS9LFB8KA,7,1358
AAOEHS9LFB8KA,8,1362
AAOEHS9LFB8KA,9,1367
ABNNSRB6Y5EFR,0,2940
ABNNSRB6Y5EFR,0,2998
ABNNSRB6Y5EFR,0,2966
ABNNSRB6Y5EFR,1,2946
ABNNSRB6Y5EFR,1,3000
ABNNSRB6Y5EFR,1,2967
ABNNSRB6Y5EFR,2,2950
ABNNSRB6Y5EFR,2,3003
ABNNSRB6Y5EFR,2,2968
ABNNSRB6Y5EFR,3,2952
ABNNSRB6Y5EFR,3,3004
ABNNSRB6Y5EFR,3,2969
ABNNSRB6Y5EFR,4,2957
ABNNSRB6Y5EFR,4,3006
ABNNSRB6Y5EFR,4,2971
ABNNSRB6Y5EFR,5,2958
ABNNSRB6Y5EFR,5,3007
ABNNSRB6Y5EFR,5,2975
ABNNSRB6Y5EFR,6,2960
ABNNSRB6Y5EFR,6,3009
ABNNSRB6Y5EFR,6,2977
ABNNSRB6Y5EFR,7,2962
ABNNSRB6Y5EFR,7,3010
ABNNSRB6Y5EFR,7,2978
ABNNSRB6Y5EFR,8,2963
ABNNSRB6Y5EFR,8,3017
ABNNSRB6Y5EFR,8,2989
ABNNSRB6Y5EFR,9,2964
ABNNSRB6Y5EFR,9,3020
ABNNSRB6Y5EFR,9,2992
AC0BS4C41ND2D,0,444
AC0BS4C41ND2D,1,445
AC0BS4C41ND2D,2,446
AC0BS4C41ND2D,3,447
AC0BS4C41ND2D,4,448
AC0BS4C41ND2D,5,449
AC0BS4C41ND2D,6,450
AC0BS4C41ND2D,7,451
AC0BS4C41ND2D,8,452
AC0BS4C41ND2D,9,453
AF3FRMNPFKEG3,0,997
AF3FRMNPFKEG3,1,1000
AF3FRMNPFKEG3,2,1006
AF3FRMNPFKEG3,3,1008
AF3FRMNPFKEG3,4,1009
AF3FRMNPFKEG3,5,1011
AF3FRMNPFKEG3,6,1014
AF3FRMNPFKEG3,7,1020
AF3FRMNPFKEG3,8,1025
AF3FRMNPFKEG3,9,1040
AFIFVNL3CREJN,0,613
AFIFVNL3CREJN,1,616
AFIFVNL3CREJN,2,617
AFIFVNL3CREJN,3,618
AFIFVNL3CREJN,4,619
AFIFVNL3CREJN,5,620
AFIFVNL3CREJN,6,621
AFIFVNL3CREJN,7,626
AFIFVNL3CREJN,8,628
AFIFVNL3CREJN,9,631
AGEK5TH6YDHG1,0,2864
AGEK5TH6YDHG1,0,2806
AGEK5TH6YDHG1,1,2870
AGEK5TH6YDHG1,1,2807
AGEK5TH6YDHG1,2,2874
AGEK5TH6YDHG1,2,2821
AGEK5TH6YDHG1,3,2879
AGEK5TH6YDHG1,3,2826
AGEK5TH6YDHG1,4,2881
AGEK5TH6YDHG1,4,2829
AGEK5TH6YDHG1,5,2884
AGEK5TH6YDHG1,5,2836
AGEK5TH6YDHG1,6,2886
AGEK5TH6YDHG1,6,2844
AGEK5TH6YDHG1,7,2888
AGEK5TH6YDHG1,7,2847
AGEK5TH6YDHG1,8,2895
AGEK5TH6YDHG1,8,2850
AGEK5TH6YDHG1,9,2899
AGEK5TH6YDHG1,9,2855
AHPOOKYE7V04D,0,4703
AHPOOKYE7V04D,1,4709
AHPOOKYE7V04D,2,4716
AHPOOKYE7V04D,3,4719
AHPOOKYE7V04D,4,4723
AHPOOKYE7V04D,5,4728
AHPOOKYE7V04D,6,4733
AHPOOKYE7V04D,7,4735
AHPOOKYE7V04D,8,4739
AHPOOKYE7V04D,9,4749
AHT8HA3JRWVGV,0,2103
AHT8HA3JRWVGV,1,2106
AHT8HA3JRWVGV,2,2109
AHT8HA3JRWVGV,3,2113
AHT8HA3JRWVGV,4,2116
AHT8HA3JRWVGV,5,2119
AHT8HA3JRWVGV,6,2121
AHT8HA3JRWVGV,7,2125
AHT8HA3JRWVGV,8,2127
AHT8HA3JRWVGV,9,2128
AIUKYUC1Z5IYL,0,1838
AIUKYUC1Z5IYL,1,1845
AIUKYUC1Z5IYL,2,1848
AIUKYUC1Z5IYL,3,1849
AIUKYUC1Z5IYL,4,1851
AIUKYUC1Z5IYL,5,1852
AIUKYUC1Z5IYL,6,1854
AIUKYUC1Z5IYL,7,1858
AIUKYUC1Z5IYL,8,1860
AIUKYUC1Z5IYL,9,1863
AJE2GXXF7UMBN,0,2139
AJE2GXXF7UMBN,0,2177
AJE2GXXF7UMBN,0,2110
AJE2GXXF7UMBN,0,2031
AJE2GXXF7UMBN,1,2141
AJE2GXXF7UMBN,1,2179
AJE2GXXF7UMBN,1,2114
AJE2GXXF7UMBN,1,2039
AJE2GXXF7UMBN,2,2144
AJE2GXXF7UMBN,2,2183
AJE2GXXF7UMBN,2,2123
AJE2GXXF7UMBN,2,2049
AJE2GXXF7UMBN,3,2146
AJE2GXXF7UMBN,3,2187
AJE2GXXF7UMBN,3,2126
AJE2GXXF7UMBN,3,2086
AJE2GXXF7UMBN,4,2147
AJE2GXXF7UMBN,4,2193
AJE2GXXF7UMBN,4,2129
AJE2GXXF7UMBN,4,2088
AJE2GXXF7UMBN,5,2148
AJE2GXXF7UMBN,5,2196
AJE2GXXF7UMBN,5,2131
AJE2GXXF7UMBN,5,2090
AJE2GXXF7UMBN,6,2149
AJE2GXXF7UMBN,6,2202
AJE2GXXF7UMBN,6,2132
AJE2GXXF7UMBN,6,2092
AJE2GXXF7UMBN,7,2150
AJE2GXXF7UMBN,7,2204
AJE2GXXF7UMBN,7,2133
AJE2GXXF7UMBN,7,2093
AJE2GXXF7UMBN,8,2153
AJE2GXXF7UMBN,8,2205
AJE2GXXF7UMBN,8,2134
AJE2GXXF7UMBN,8,2094
AJE2GXXF7UMBN,9,2155
AJE2GXXF7UMBN,9,2209
AJE2GXXF7UMBN,9,2136
AJE2GXXF7UMBN,9,2098
AJFCCRG1TM3WT,0,1067
AJFCCRG1TM3WT,1,1070
AJFCCRG1TM3WT,2,1071
AJFCCRG1TM3WT,3,1076
AJFCCRG1TM3WT,4,1091
AJFCCRG1TM3WT,5,1093
AJFCCRG1TM3WT,6,1170
AJFCCRG1TM3WT,7,1230
AJFCCRG1TM3WT,8,1275
AJFCCRG1TM3WT,9,1290
AJJGCEEQ52BUS,0,2188
AJJGCEEQ52BUS,1,2192
AJJGCEEQ52BUS,2,2195
AJJGCEEQ52BUS,3,2199
AJJGCEEQ52BUS,4,2211
AJJGCEEQ52BUS,5,2215
AJJGCEEQ52BUS,6,2220
AJJGCEEQ52BUS,7,2222
AJJGCEEQ52BUS,8,2225
AJJGCEEQ52BUS,9,2228
AJZ9B93NZ2IST,0,551
AJZ9B93NZ2IST,1,568
AJZ9B93NZ2IST,2,571
AJZ9B93NZ2IST,3,576
AJZ9B93NZ2IST,4,580
AJZ9B93NZ2IST,5,583
AJZ9B93NZ2IST,6,585
AJZ9B93NZ2IST,7,588
AJZ9B93NZ2IST,8,593
AJZ9B93NZ2IST,9,2535
AKSJ3C5O3V9RB,0,1503
AKSJ3C5O3V9RB,1,1509
AKSJ3C5O3V9RB,2,1515
AKSJ3C5O3V9RB,3,1525
AKSJ3C5O3V9RB,4,1533
AKSJ3C5O3V9RB,5,1625
AKSJ3C5O3V9RB,6,1628
AKSJ3C5O3V9RB,7,1630
AKSJ3C5O3V9RB,8,1635
AKSJ3C5O3V9RB,9,1641
AKVLRZBXIK6N7,0,2997
AKVLRZBXIK6N7,0,3033
AKVLRZBXIK6N7,1,3002
AKVLRZBXIK6N7,1,3036
AKVLRZBXIK6N7,2,3005
AKVLRZBXIK6N7,2,3039
AKVLRZBXIK6N7,3,3008
AKVLRZBXIK6N7,3,3042
AKVLRZBXIK6N7,4,3011
AKVLRZBXIK6N7,4,3047
AKVLRZBXIK6N7,5,3013
AKVLRZBXIK6N7,5,3050
AKVLRZBXIK6N7,6,3016
AKVLRZBXIK6N7,6,3052
AKVLRZBXIK6N7,7,3018
AKVLRZBXIK6N7,7,3053
AKVLRZBXIK6N7,8,3022
AKVLRZBXIK6N7,8,3054
AKVLRZBXIK6N7,9,3029
AKVLRZBXIK6N7,9,3055
ALPMPJST62XIJ,0,2622
ALPMPJST62XIJ,1,2626
ALPMPJST62XIJ,2,2628
ALPMPJST62XIJ,3,2634
ALPMPJST62XIJ,4,2636
ALPMPJST62XIJ,5,2639
ALPMPJST62XIJ,6,2642
ALPMPJST62XIJ,7,2648
ALPMPJST62XIJ,8,2650
ALPMPJST62XIJ,9,2655
AM03OFEBTZ4EV,0,1642
AM03OFEBTZ4EV,1,1646
AM03OFEBTZ4EV,2,1650
AM03OFEBTZ4EV,3,1665
AM03OFEBTZ4EV,4,1668
AM03OFEBTZ4EV,5,1680
AM03OFEBTZ4EV,6,1682
AM03OFEBTZ4EV,7,1686
AM03OFEBTZ4EV,8,1690
AM03OFEBTZ4EV,9,1704
AMPMTF5IAAMK8,0,4627
AMPMTF5IAAMK8,1,4631
AMPMTF5IAAMK8,2,4635
AMPMTF5IAAMK8,3,4637
AMPMTF5IAAMK8,4,4638
AMPMTF5IAAMK8,5,4641
AMPMTF5IAAMK8,6,4649
AMPMTF5IAAMK8,7,4652
AMPMTF5IAAMK8,8,4655
AMPMTF5IAAMK8,9,4656
AMYLEM12JBY0S,0,726
AMYLEM12JBY0S,1,727
AMYLEM12JBY0S,2,728
AMYLEM12JBY0S,3,729
AMYLEM12JBY0S,4,730
AMYLEM12JBY0S,5,731
AMYLEM12JBY0S,6,732
AMYLEM12JBY0S,7,733
AMYLEM12JBY0S,8,734
AMYLEM12JBY0S,9,735
ANIRTJBXLLWKY,0,2596
ANIRTJBXLLWKY,1,2599
ANIRTJBXLLWKY,2,2601
ANIRTJBXLLWKY,3,2603
ANIRTJBXLLWKY,4,2605
ANIRTJBXLLWKY,5,2606
ANIRTJBXLLWKY,6,2608
ANIRTJBXLLWKY,7,2609
ANIRTJBXLLWKY,8,2614
ANIRTJBXLLWKY,9,2617
AOKU8VR3U72SB,0,1867
AOKU8VR3U72SB,1,1869
AOKU8VR3U72SB,2,1872
AOKU8VR3U72SB,3,1874
AOKU8VR3U72SB,4,1876
AOKU8VR3U72SB,5,1878
AOKU8VR3U72SB,6,1881
AOKU8VR3U72SB,7,1885
AOKU8VR3U72SB,8,1887
AOKU8VR3U72SB,9,1894
APDYS3I107RCX,0,2869
APDYS3I107RCX,1,2871
APDYS3I107RCX,2,2872
APDYS3I107RCX,3,2875
APDYS3I107RCX,4,2876
APDYS3I107RCX,5,2878
APDYS3I107RCX,6,2882
APDYS3I107RCX,7,2889
APDYS3I107RCX,8,2890
APDYS3I107RCX,9,2893
APIVWIKALPR2O,0,398
APIVWIKALPR2O,1,891
APIVWIKALPR2O,2,892
APIVWIKALPR2O,3,893
APIVWIKALPR2O,4,894
APIVWIKALPR2O,5,895
APIVWIKALPR2O,6,896
APIVWIKALPR2O,7,897
APIVWIKALPR2O,8,898
APIVWIKALPR2O,9,899
AQ8ZFQTBE4622,0,301
AQ8ZFQTBE4622,0,331
AQ8ZFQTBE4622,0,321
AQ8ZFQTBE4622,0,311
AQ8ZFQTBE4622,1,302
AQ8ZFQTBE4622,1,332
AQ8ZFQTBE4622,1,322
AQ8ZFQTBE4622,1,312
AQ8ZFQTBE4622,2,303
AQ8ZFQTBE4622,2,333
AQ8ZFQTBE4622,2,323
AQ8ZFQTBE4622,2,313
AQ8ZFQTBE4622,3,304
AQ8ZFQTBE4622,3,334
AQ8ZFQTBE4622,3,324
AQ8ZFQTBE4622,3,314
AQ8ZFQTBE4622,4,305
AQ8ZFQTBE4622,4,335
AQ8ZFQTBE4622,4,325
AQ8ZFQTBE4622,4,315
AQ8ZFQTBE4622,5,306
AQ8ZFQTBE4622,5,336
AQ8ZFQTBE4622,5,326
AQ8ZFQTBE4622,5,316
AQ8ZFQTBE4622,6,307
AQ8ZFQTBE4622,6,337
AQ8ZFQTBE4622,6,327
AQ8ZFQTBE4622,6,317
AQ8ZFQTBE4622,7,308
AQ8ZFQTBE4622,7,338
AQ8ZFQTBE4622,7,328
AQ8ZFQTBE4622,7,318
AQ8ZFQTBE4622,8,309
AQ8ZFQTBE4622,8,339
AQ8ZFQTBE4622,8,329
AQ8ZFQTBE4622,8,319
AQ8ZFQTBE4622,9,310
AQ8ZFQTBE4622,9,340
AQ8ZFQTBE4622,9,330321
AQ8ZFQTBE4622,9,320
AQ8ZFQTBE4622,10,322
AQ8ZFQTBE4622,11,323
AQ8ZFQTBE4622,12,324
AQ8ZFQTBE4622,13,325
AQ8ZFQTBE4622,14,326
AQ8ZFQTBE4622,15,327
AQ8ZFQTBE4622,16,328
AQ8ZFQTBE4622,17,329
AQ8ZFQTBE4622,18,330
AR8UD52ASM42W,0,1394
AR8UD52ASM42W,0,1689
AR8UD52ASM42W,0,1627
AR8UD52ASM42W,0,1739
AR8UD52ASM42W,1,1420
AR8UD52ASM42W,1,1695
AR8UD52ASM42W,1,1632
AR8UD52ASM42W,1,1741
AR8UD52ASM42W,2,1426
AR8UD52ASM42W,2,1699
AR8UD52ASM42W,2,1652
AR8UD52ASM42W,2,1742
AR8UD52ASM42W,3,1432
AR8UD52ASM42W,3,1702
AR8UD52ASM42W,3,1655
AR8UD52ASM42W,3,1743
AR8UD52ASM42W,4,1541
AR8UD52ASM42W,4,1708
AR8UD52ASM42W,4,1658
AR8UD52ASM42W,4,1745
AR8UD52ASM42W,5,1556
AR8UD52ASM42W,5,1710
AR8UD52ASM42W,5,1663
AR8UD52ASM42W,5,1750
AR8UD52ASM42W,6,1557
AR8UD52ASM42W,6,1713
AR8UD52ASM42W,6,1670
AR8UD52ASM42W,6,1754
AR8UD52ASM42W,7,1568
AR8UD52ASM42W,7,1715
AR8UD52ASM42W,7,1673
AR8UD52ASM42W,7,1760
AR8UD52ASM42W,8,1574
AR8UD52ASM42W,8,1719
AR8UD52ASM42W,8,1676
AR8UD52ASM42W,8,1761
AR8UD52ASM42W,9,1582
AR8UD52ASM42W,9,1730
AR8UD52ASM42W,9,1679
AR8UD52ASM42W,9,1764
AS0Q47RFF7G5S,0,554
AS0Q47RFF7G5S,1,558
AS0Q47RFF7G5S,2,559
AS0Q47RFF7G5S,3,561
AS0Q47RFF7G5S,4,563
AS0Q47RFF7G5S,5,565
AS0Q47RFF7G5S,6,566
AS0Q47RFF7G5S,7,567
AS0Q47RFF7G5S,8,569
AS0Q47RFF7G5S,9,570
ASY5W2HJPIPF4,0,1546
ASY5W2HJPIPF4,1,1551
ASY5W2HJPIPF4,2,1554
ASY5W2HJPIPF4,3,1561
ASY5W2HJPIPF4,4,1567
ASY5W2HJPIPF4,5,1570
ASY5W2HJPIPF4,6,1573
ASY5W2HJPIPF4,7,1576
ASY5W2HJPIPF4,8,1580
ASY5W2HJPIPF4,9,1585
ATOAZIAM04AXA,0,108
ATOAZIAM04AXA,1,119
ATOAZIAM04AXA,2,124
ATOAZIAM04AXA,3,127
ATOAZIAM04AXA,4,133
ATOAZIAM04AXA,5,140
ATOAZIAM04AXA,6,141
ATOAZIAM04AXA,7,142
ATOAZIAM04AXA,8,145
ATOAZIAM04AXA,9,148
AU2BLC4ST6485,0,1160
AU2BLC4ST6485,1,1180
AU2BLC4ST6485,2,1197
AU2BLC4ST6485,3,1292
AU2BLC4ST6485,4,1311
AU2BLC4ST6485,5,1314
AU2BLC4ST6485,6,1317
AU2BLC4ST6485,7,1328
AU2BLC4ST6485,8,1333
AU2BLC4ST6485,9,1337
AYI30J619VO21,0,1132
AYI30J619VO21,0,1430
AYI30J619VO21,0,1299
AYI30J619VO21,0,1355
AYI30J619VO21,1,1145
AYI30J619VO21,1,1438
AYI30J619VO21,1,1304
AYI30J619VO21,1,1363
AYI30J619VO21,2,1161
AYI30J619VO21,2,1445
AYI30J619VO21,2,1308
AYI30J619VO21,2,1374
AYI30J619VO21,3,1171
AYI30J619VO21,3,1451
AYI30J619VO21,3,1313
AYI30J619VO21,3,1382
AYI30J619VO21,4,1233
AYI30J619VO21,4,1457
AYI30J619VO21,4,1315
AYI30J619VO21,4,1384
AYI30J619VO21,5,1248
AYI30J619VO21,5,1469
AYI30J619VO21,5,1320
AYI30J619VO21,5,1388
AYI30J619VO21,6,1253
AYI30J619VO21,6,1473
AYI30J619VO21,6,1321
AYI30J619VO21,6,1400
AYI30J619VO21,7,1262
AYI30J619VO21,7,1475
AYI30J619VO21,7,1329
AYI30J619VO21,7,1404
AYI30J619VO21,8,1274
AYI30J619VO21,8,1478
AYI30J619VO21,8,1330
AYI30J619VO21,8,1409
AYI30J619VO21,9,1281
AYI30J619VO21,9,1484
AYI30J619VO21,9,1336
AYI30J619VO21,9,1412
AYUREWGFQG5JV,0,590
AYUREWGFQG5JV,1,592
AYUREWGFQG5JV,2,594
AYUREWGFQG5JV,3,597
AYUREWGFQG5JV,4,598
AYUREWGFQG5JV,5,599
AYUREWGFQG5JV,6,600
AYUREWGFQG5JV,7,601
AYUREWGFQG5JV,8,603
AYUREWGFQG5JV,9,604
AZ57GKYAAO7T6,0,2285
AZ57GKYAAO7T6,1,2290
AZ57GKYAAO7T6,2,2295
AZ57GKYAAO7T6,3,2299
AZ57GKYAAO7T6,4,2306
AZ57GKYAAO7T6,5,2308
AZ57GKYAAO7T6,6,2310
AZ57GKYAAO7T6,7,2311
AZ57GKYAAO7T6,8,2312
AZ57GKYAAO7T6,9,2319
AZ7U05NKZRK8Z,0,2486
AZ7U05NKZRK8Z,1,2494
AZ7U05NKZRK8Z,2,2500
AZ7U05NKZRK8Z,3,2529
AZ7U05NKZRK8Z,4,2530
AZ7U05NKZRK8Z,5,2534
AZ7U05NKZRK8Z,6,2543
AZ7U05NKZRK8Z,7,2544
AZ7U05NKZRK8Z,8,2546
AZ7U05NKZRK8Z,9,2548
AZPK9A81SG0WX,0,705
AZPK9A81SG0WX,1,706
AZPK9A81SG0WX,2,707
AZPK9A81SG0WX,3,708
AZPK9A81SG0WX,4,709
AZPK9A81SG0WX,5,710
AZPK9A81SG0WX,6,711
AZPK9A81SG0WX,7,712
AZPK9A81SG0WX,8,713
AZPK9A81SG0WX,9,714
AZZDXA6TV6737,0,1106
AZZDXA6TV6737,1,1118
AZZDXA6TV6737,2,1128
AZZDXA6TV6737,3,1182
AZZDXA6TV6737,4,1203
AZZDXA6TV6737,5,1213
AZZDXA6TV6737,6,1222
AZZDXA6TV6737,7,1251
AZZDXA6TV6737,8,1260
AZZDXA6TV6737,9,1277
