experiment,subj_id,seed_id,message_id,word,word_category,question_type,choice_id,choice_category,is_correct
pilot,A002160837SWJFPIAI7L7,41,522,sheah,tear,category,34,glass,0
pilot,A002160837SWJFPIAI7L7,47,377,veep,zipper,exact,47,zipper,1
pilot,A002160837SWJFPIAI7L7,39,560,a chechyu,tear,exact,39,tear,1
pilot,A002160837SWJFPIAI7L7,49,505,iszit,zipper,category,39,tear,0
pilot,A002160837SWJFPIAI7L7,45,466,glongglong,water,category,42,water,1
pilot,A002160837SWJFPIAI7L7,34,566,dahduhda,glass,exact,34,glass,1
pilot,A002160837SWJFPIAI7L7,35,502,gorecto,glass,category,47,zipper,0
pilot,A002160837SWJFPIAI7L7,42,563,chewscutcutsew,water,exact,39,tear,0
pilot,A11FBJMD5UHH39,39,560,a-chitch-shu,tear,exact,34,glass,0
pilot,A11FBJMD5UHH39,41,522,sheyah,tear,category,47,zipper,0
pilot,A11FBJMD5UHH39,42,563,Chicochicochicochico,water,exact,34,glass,0
pilot,A11FBJMD5UHH39,49,505,Izzzit,zipper,category,47,zipper,1
pilot,A11FBJMD5UHH39,34,566,dundundah,glass,exact,34,glass,1
pilot,A11FBJMD5UHH39,45,466,glongglong,water,category,42,water,1
pilot,A11FBJMD5UHH39,35,502,goracto,glass,category,34,glass,1
pilot,A11FBJMD5UHH39,47,377,veeb,zipper,exact,47,zipper,1
pilot,A1497L153RMH2L,49,505,izit,zipper,exact,49,zipper,1
pilot,A1497L153RMH2L,35,502,Goracto,glass,exact,35,glass,1
pilot,A1497L153RMH2L,42,563,chewscutcutsew,water,category,41,tear,0
pilot,A1497L153RMH2L,34,566,dundunduh,glass,category,35,glass,1
pilot,A1497L153RMH2L,45,466,glonglong,water,exact,45,water,1
pilot,A1497L153RMH2L,47,377,veeb,zipper,category,49,zipper,1
pilot,A1497L153RMH2L,41,522,cheea,tear,exact,41,tear,1
pilot,A1497L153RMH2L,39,560,a chechyu,tear,category,41,tear,1
pilot,A1A3TGZ7DKJWRW,42,563,chewchewshewa,water,exact,42,water,1
pilot,A1A3TGZ7DKJWRW,34,566,dahduhda,glass,exact,34,glass,1
pilot,A1A3TGZ7DKJWRW,49,505,iszit,zipper,category,39,tear,0
pilot,A1A3TGZ7DKJWRW,45,466,glonglong,water,category,34,glass,0
pilot,A1A3TGZ7DKJWRW,47,377,veeb,zipper,exact,47,zipper,1
pilot,A1A3TGZ7DKJWRW,41,522,cheea,tear,category,39,tear,1
pilot,A1A3TGZ7DKJWRW,39,560,a-chitch-shu,tear,exact,39,tear,1
pilot,A1A3TGZ7DKJWRW,35,502,gorecto,glass,category,42,water,0
pilot,A1GF29TP5AVQ49,45,466,glongglong,water,category,39,tear,0
pilot,A1GF29TP5AVQ49,49,505,Izzzit,zipper,category,39,tear,0
pilot,A1GF29TP5AVQ49,41,522,cheea,tear,category,39,tear,1
pilot,A1GF29TP5AVQ49,42,563,Chicochicochicochico,water,exact,34,glass,0
pilot,A1GF29TP5AVQ49,47,377,veep,zipper,exact,47,zipper,1
pilot,A1GF29TP5AVQ49,35,502,goracto,glass,category,42,water,0
pilot,A1GF29TP5AVQ49,39,560,a-chitch-shu,tear,exact,47,zipper,0
pilot,A1GF29TP5AVQ49,34,566,dahduhda,glass,exact,34,glass,1
pilot,A1HH2KZIFLXRJL,35,502,gorecto,glass,category,39,tear,0
pilot,A1HH2KZIFLXRJL,42,563,chewscutcutsew,water,exact,39,tear,0
pilot,A1HH2KZIFLXRJL,45,466,glonglong,water,category,34,glass,0
pilot,A1HH2KZIFLXRJL,34,566,dahduhda,glass,exact,34,glass,1
pilot,A1HH2KZIFLXRJL,41,522,sheah,tear,category,39,tear,1
pilot,A1HH2KZIFLXRJL,39,560,a-chitch-shu,tear,exact,39,tear,1
pilot,A1HH2KZIFLXRJL,47,377,veeb,zipper,exact,47,zipper,1
pilot,A1HH2KZIFLXRJL,49,505,izzit,zipper,category,39,tear,0
pilot,A1HKYY6XI2OHO1,45,466,galonggalong,water,category,42,water,1
pilot,A1HKYY6XI2OHO1,41,522,cheea,tear,category,39,tear,1
pilot,A1HKYY6XI2OHO1,34,566,dundunduh,glass,exact,34,glass,1
pilot,A1HKYY6XI2OHO1,35,502,Goracto,glass,category,34,glass,1
pilot,A1HKYY6XI2OHO1,42,563,Chicochicochicochico,water,exact,34,glass,0
pilot,A1HKYY6XI2OHO1,49,505,izzit,zipper,category,47,zipper,1
pilot,A1HKYY6XI2OHO1,47,377,veeb,zipper,exact,39,tear,0
pilot,A1HKYY6XI2OHO1,39,560,a chechyu,tear,exact,34,glass,0
pilot,A1JRTUDSDO6TQF,47,377,veep,zipper,category,49,zipper,1
pilot,A1JRTUDSDO6TQF,42,563,chewscutcutsew,water,category,41,tear,0
pilot,A1JRTUDSDO6TQF,34,566,dundunduh,glass,category,45,water,0
pilot,A1JRTUDSDO6TQF,41,522,sheyah,tear,exact,41,tear,1
pilot,A1JRTUDSDO6TQF,39,560,a-chitch-shu,tear,category,41,tear,1
pilot,A1JRTUDSDO6TQF,45,466,glongglong,water,exact,45,water,1
pilot,A1JRTUDSDO6TQF,35,502,goracto,glass,exact,49,zipper,0
pilot,A1JRTUDSDO6TQF,49,505,Izzzit,zipper,exact,49,zipper,1
pilot,A1KFK92GEFQ9F5,45,466,galonggalong,water,exact,45,water,1
pilot,A1KFK92GEFQ9F5,39,560,a-chitch-shu,tear,category,45,water,0
pilot,A1KFK92GEFQ9F5,47,377,veeb,zipper,category,35,glass,0
pilot,A1KFK92GEFQ9F5,34,566,dundunda,glass,category,45,water,0
pilot,A1KFK92GEFQ9F5,49,505,Izzzit,zipper,exact,49,zipper,1
pilot,A1KFK92GEFQ9F5,42,563,chewchewshewa,water,category,41,tear,0
pilot,A1KFK92GEFQ9F5,41,522,cheea,tear,exact,35,glass,0
pilot,A1KFK92GEFQ9F5,35,502,gorecto,glass,exact,41,tear,0
pilot,A1TARNH07A75CG,35,502,goracto,glass,exact,41,tear,0
pilot,A1TARNH07A75CG,34,566,dundunda,glass,category,49,zipper,0
pilot,A1TARNH07A75CG,39,560,a chechyu,tear,category,45,water,0
pilot,A1TARNH07A75CG,49,505,Izzzit,zipper,exact,35,glass,0
pilot,A1TARNH07A75CG,45,466,glonglong,water,exact,49,zipper,0
pilot,A1TARNH07A75CG,41,522,shiyah,tear,exact,49,zipper,0
pilot,A1TARNH07A75CG,42,563,chewscutcutsew,water,category,41,tear,0
pilot,A1TARNH07A75CG,47,377,veeb,zipper,category,41,tear,0
pilot,A23B9UVYZ52CL0,35,502,goracto,glass,category,39,tear,0
pilot,A23B9UVYZ52CL0,39,560,a chechyu,tear,exact,39,tear,1
pilot,A23B9UVYZ52CL0,49,505,Izzzit,zipper,category,47,zipper,1
pilot,A23B9UVYZ52CL0,47,377,veeb,zipper,exact,34,glass,0
pilot,A23B9UVYZ52CL0,34,566,dundunduh,glass,exact,42,water,0
pilot,A23B9UVYZ52CL0,42,563,chewchewshewa,water,exact,42,water,1
pilot,A23B9UVYZ52CL0,41,522,shiyah,tear,category,39,tear,1
pilot,A23B9UVYZ52CL0,45,466,galonggalong,water,category,39,tear,0
pilot,A27OZ504B5JU63,34,566,dundundah,glass,category,45,water,0
pilot,A27OZ504B5JU63,49,505,izzit,zipper,exact,41,tear,0
pilot,A27OZ504B5JU63,45,466,glongglong,water,exact,45,water,1
pilot,A27OZ504B5JU63,35,502,goracto,glass,exact,35,glass,1
pilot,A27OZ504B5JU63,41,522,cheea,tear,exact,35,glass,0
pilot,A27OZ504B5JU63,39,560,a chechyu,tear,category,45,water,0
pilot,A27OZ504B5JU63,47,377,veeb,zipper,category,49,zipper,1
pilot,A27OZ504B5JU63,42,563,chewscutcutsew,water,category,35,glass,0
pilot,A29C62CNQKDT34,41,522,sheah,tear,category,47,zipper,0
pilot,A29C62CNQKDT34,35,502,gorecto,glass,category,47,zipper,0
pilot,A29C62CNQKDT34,42,563,chewchewshewa,water,exact,39,tear,0
pilot,A29C62CNQKDT34,49,505,izzit,zipper,category,47,zipper,1
pilot,A29C62CNQKDT34,34,566,dundunduh,glass,exact,34,glass,1
pilot,A29C62CNQKDT34,45,466,galonggalong,water,category,42,water,1
pilot,A29C62CNQKDT34,39,560,a chechyu,tear,exact,34,glass,0
pilot,A29C62CNQKDT34,47,377,veep,zipper,exact,47,zipper,1
pilot,A2A27TLFWKDXUW,34,566,dundundah,glass,category,45,water,0
pilot,A2A27TLFWKDXUW,47,377,veep,zipper,category,49,zipper,1
pilot,A2A27TLFWKDXUW,39,560,a chechyu,tear,category,35,glass,0
pilot,A2A27TLFWKDXUW,42,563,Chicochicochicochico,water,category,35,glass,0
pilot,A2A27TLFWKDXUW,45,466,glonglong,water,exact,45,water,1
pilot,A2A27TLFWKDXUW,41,522,cheea,tear,exact,41,tear,1
pilot,A2A27TLFWKDXUW,35,502,gorecto,glass,exact,45,water,0
pilot,A2A27TLFWKDXUW,49,505,iszit,zipper,exact,49,zipper,1
pilot,A2BEIT9EBFVBRE,39,560,a chechyu,tear,category,49,zipper,0
pilot,A2BEIT9EBFVBRE,41,522,cheea,tear,exact,41,tear,1
pilot,A2BEIT9EBFVBRE,49,505,izit,zipper,exact,41,tear,0
pilot,A2BEIT9EBFVBRE,45,466,glonglong,water,exact,45,water,1
pilot,A2BEIT9EBFVBRE,35,502,gorecto,glass,exact,45,water,0
pilot,A2BEIT9EBFVBRE,47,377,veeb,zipper,category,49,zipper,1
pilot,A2BEIT9EBFVBRE,42,563,chewscutcutsew,water,category,41,tear,0
pilot,A2BEIT9EBFVBRE,34,566,dundundah,glass,category,35,glass,1
pilot,A2UF2FRGVW4T89,47,377,veeb,zipper,category,49,zipper,1
pilot,A2UF2FRGVW4T89,34,566,dahduhda,glass,category,45,water,0
pilot,A2UF2FRGVW4T89,42,563,Chicochicochicochico,water,category,35,glass,0
pilot,A2UF2FRGVW4T89,49,505,izit,zipper,exact,35,glass,0
pilot,A2UF2FRGVW4T89,35,502,Goracto,glass,exact,41,tear,0
pilot,A2UF2FRGVW4T89,41,522,sheyah,tear,exact,41,tear,1
pilot,A2UF2FRGVW4T89,45,466,glonglong,water,exact,45,water,1
pilot,A2UF2FRGVW4T89,39,560,a chechyu,tear,category,49,zipper,0
pilot,A320ID8MMZLOXH,42,563,chewscutcutsew,water,category,41,tear,0
pilot,A320ID8MMZLOXH,49,505,izzit,zipper,exact,49,zipper,1
pilot,A320ID8MMZLOXH,34,566,dundunda,glass,category,35,glass,1
pilot,A320ID8MMZLOXH,41,522,cheea,tear,exact,41,tear,1
pilot,A320ID8MMZLOXH,35,502,gorecto,glass,exact,49,zipper,0
pilot,A320ID8MMZLOXH,45,466,galonggalong,water,exact,45,water,1
pilot,A320ID8MMZLOXH,47,377,veep,zipper,category,49,zipper,1
pilot,A320ID8MMZLOXH,39,560,a chechyu,tear,category,41,tear,1
pilot,A3CVX7GHF3B65Q,47,377,veep,zipper,category,49,zipper,1
pilot,A3CVX7GHF3B65Q,49,505,iszit,zipper,exact,35,glass,0
pilot,A3CVX7GHF3B65Q,45,466,galonggalong,water,exact,45,water,1
pilot,A3CVX7GHF3B65Q,42,563,chewchewshewa,water,category,41,tear,0
pilot,A3CVX7GHF3B65Q,34,566,dundundah,glass,category,45,water,0
pilot,A3CVX7GHF3B65Q,35,502,goracto,glass,exact,35,glass,1
pilot,A3CVX7GHF3B65Q,41,522,cheea,tear,exact,41,tear,1
pilot,A3CVX7GHF3B65Q,39,560,a-chitch-shu,tear,category,41,tear,1
pilot,A3FUW3458K3KO,39,560,a chechyu,tear,category,49,zipper,0
pilot,A3FUW3458K3KO,34,566,dundunduh,glass,category,35,glass,1
pilot,A3FUW3458K3KO,42,563,chewchewshewa,water,category,41,tear,0
pilot,A3FUW3458K3KO,47,377,veeb,zipper,category,49,zipper,1
pilot,A3FUW3458K3KO,41,522,cheea,tear,exact,41,tear,1
pilot,A3FUW3458K3KO,49,505,izzit,zipper,exact,45,water,0
pilot,A3FUW3458K3KO,35,502,gorecto,glass,exact,49,zipper,0
pilot,A3FUW3458K3KO,45,466,galonggalong,water,exact,35,glass,0
pilot,A3KOVCQYR8K3HY,49,505,izit,zipper,exact,49,zipper,1
pilot,A3KOVCQYR8K3HY,41,522,sheyah,tear,exact,49,zipper,0
pilot,A3KOVCQYR8K3HY,42,563,Chicochicochicochico,water,category,35,glass,0
pilot,A3KOVCQYR8K3HY,34,566,dahduhda,glass,category,35,glass,1
pilot,A3KOVCQYR8K3HY,45,466,galonggalong,water,exact,45,water,1
pilot,A3KOVCQYR8K3HY,35,502,Goracto,glass,exact,41,tear,0
pilot,A3KOVCQYR8K3HY,39,560,a chechyu,tear,category,41,tear,1
pilot,A3KOVCQYR8K3HY,47,377,veep,zipper,category,41,tear,0
pilot,A3QW4L1GMGZVQ0,42,563,Chicochicochicochico,water,exact,42,water,1
pilot,A3QW4L1GMGZVQ0,45,466,glonglong,water,category,34,glass,0
pilot,A3QW4L1GMGZVQ0,47,377,veeb,zipper,exact,39,tear,0
pilot,A3QW4L1GMGZVQ0,35,502,gorecto,glass,category,42,water,0
pilot,A3QW4L1GMGZVQ0,34,566,dundunduh,glass,exact,39,tear,0
pilot,A3QW4L1GMGZVQ0,41,522,shiyah,tear,category,39,tear,1
pilot,A3QW4L1GMGZVQ0,39,560,a chechyu,tear,exact,34,glass,0
pilot,A3QW4L1GMGZVQ0,49,505,izit,zipper,category,47,zipper,1
pilot,A3U0A3LP7Q38JC,47,377,veeb,zipper,exact,39,tear,0
pilot,A3U0A3LP7Q38JC,42,563,chewscutcutsew,water,exact,42,water,1
pilot,A3U0A3LP7Q38JC,49,505,iszit,zipper,category,47,zipper,1
pilot,A3U0A3LP7Q38JC,34,566,dundunduh,glass,exact,34,glass,1
pilot,A3U0A3LP7Q38JC,45,466,galonggalong,water,category,34,glass,0
pilot,A3U0A3LP7Q38JC,35,502,Goracto,glass,category,47,zipper,0
pilot,A3U0A3LP7Q38JC,41,522,sheah,tear,category,39,tear,1
pilot,A3U0A3LP7Q38JC,39,560,a-chitch-shu,tear,exact,34,glass,0
pilot,AD368A1RHHRC3,47,377,veeb,zipper,category,35,glass,0
pilot,AD368A1RHHRC3,49,505,iszit,zipper,exact,49,zipper,1
pilot,AD368A1RHHRC3,41,522,cheea,tear,exact,49,zipper,0
pilot,AD368A1RHHRC3,35,502,gorecto,glass,exact,41,tear,0
pilot,AD368A1RHHRC3,45,466,glongglong,water,exact,45,water,1
pilot,AD368A1RHHRC3,42,563,chewscutcutsew,water,category,49,zipper,0
pilot,AD368A1RHHRC3,39,560,a chechyu,tear,category,41,tear,1
pilot,AD368A1RHHRC3,34,566,dahduhda,glass,category,41,tear,0
pilot,AOVB3KCIIJLRJ,49,505,iszit,zipper,category,39,tear,0
pilot,AOVB3KCIIJLRJ,47,377,veep,zipper,exact,34,glass,0
pilot,AOVB3KCIIJLRJ,45,466,glonglong,water,category,34,glass,0
pilot,AOVB3KCIIJLRJ,34,566,dundunduh,glass,exact,34,glass,1
pilot,AOVB3KCIIJLRJ,42,563,chewscutcutsew,water,exact,39,tear,0
pilot,AOVB3KCIIJLRJ,39,560,a chechyu,tear,exact,47,zipper,0
pilot,AOVB3KCIIJLRJ,35,502,gorecto,glass,category,39,tear,0
pilot,AOVB3KCIIJLRJ,41,522,sheyah,tear,category,47,zipper,0
pilot,ARYGQ46IMW8AU,41,522,sheah,tear,exact,49,zipper,0
pilot,ARYGQ46IMW8AU,49,505,izit,zipper,exact,49,zipper,1
pilot,ARYGQ46IMW8AU,34,566,dundunda,glass,category,35,glass,1
pilot,ARYGQ46IMW8AU,42,563,chewchewshewa,water,category,41,tear,0
pilot,ARYGQ46IMW8AU,45,466,glongglong,water,exact,45,water,1
pilot,ARYGQ46IMW8AU,39,560,a chechyu,tear,category,41,tear,1
pilot,ARYGQ46IMW8AU,47,377,veep,zipper,category,35,glass,0
pilot,ARYGQ46IMW8AU,35,502,Goracto,glass,exact,35,glass,1
pilot,AVOF14300525D,47,377,veeb,zipper,category,49,zipper,1
pilot,AVOF14300525D,49,505,Izzzit,zipper,exact,49,zipper,1
pilot,AVOF14300525D,41,522,shiyah,tear,exact,35,glass,0
pilot,AVOF14300525D,34,566,dundunduh,glass,category,49,zipper,0
pilot,AVOF14300525D,35,502,gorecto,glass,exact,41,tear,0
pilot,AVOF14300525D,42,563,chewscutcutsew,water,category,35,glass,0
pilot,AVOF14300525D,39,560,a-chitch-shu,tear,category,35,glass,0
pilot,AVOF14300525D,45,466,galonggalong,water,exact,45,water,1
pilot,AYCHPTQRYDT7G,41,522,shiyah,tear,category,42,water,0
pilot,AYCHPTQRYDT7G,35,502,gorecto,glass,category,47,zipper,0
pilot,AYCHPTQRYDT7G,45,466,galonggalong,water,category,47,zipper,0
pilot,AYCHPTQRYDT7G,34,566,dahduhda,glass,exact,42,water,0
pilot,AYCHPTQRYDT7G,49,505,iszit,zipper,category,34,glass,0
pilot,AYCHPTQRYDT7G,42,563,Chicochicochicochico,water,exact,34,glass,0
pilot,AYCHPTQRYDT7G,47,377,veep,zipper,exact,39,tear,0
pilot,AYCHPTQRYDT7G,39,560,a chechyu,tear,exact,47,zipper,0
A,,41,41,chraw,tear,category,47,zipper,0
A,,41,41,chraw,tear,category,47,zipper,0
A,,41,41,chraw,tear,category,47,zipper,0
A,,41,41,chraw,tear,category,47,zipper,0
A,,41,41,chraw,tear,category,47,zipper,0
A,,41,41,chraw,tear,category,47,zipper,0
A,,41,41,chraw,tear,category,39,tear,1
A,,41,41,chraw,tear,category,42,water,0
A,,47,377,veeeep,zipper,exact,47,zipper,1
A,,47,377,veeeep,zipper,exact,47,zipper,1
A,,47,377,veeeep,zipper,exact,47,zipper,1
A,,47,377,veeeep,zipper,exact,47,zipper,1
A,,47,377,veeeep,zipper,exact,47,zipper,1
A,,47,377,veeeep,zipper,exact,39,tear,0
A,,47,377,veeeep,zipper,exact,39,tear,0
A,,49,505,izzit,zipper,category,47,zipper,1
A,,49,505,izzit,zipper,category,47,zipper,1
A,,49,505,izzit,zipper,category,47,zipper,1
A,,49,505,izzit,zipper,category,47,zipper,1
A,,49,505,izzit,zipper,category,47,zipper,1
A,,49,505,izzit,zipper,category,39,tear,0
A,,49,505,izzit,zipper,category,39,tear,0
A,,49,505,izzit,zipper,category,39,tear,0
A,,47,377,veeb,zipper,exact,47,zipper,1
A,,47,377,veeb,zipper,exact,47,zipper,1
A,,47,377,veeb,zipper,exact,47,zipper,1
A,,47,377,veeb,zipper,exact,34,glass,0
A,,47,377,veeb,zipper,exact,39,tear,0
A,,47,377,veeb,zipper,exact,39,tear,0
A,,49,505,izzip,zipper,category,47,zipper,1
A,,49,505,izzip,zipper,category,47,zipper,1
A,,49,505,izzip,zipper,category,47,zipper,1
A,,49,505,izzip,zipper,category,47,zipper,1
A,,49,505,izzip,zipper,category,47,zipper,1
A,,49,505,izzip,zipper,category,47,zipper,1
A,,49,505,izzip,zipper,category,47,zipper,1
A,,49,505,izzip,zipper,category,39,tear,0
A,,49,505,izzip,zipper,category,39,tear,0
A,,49,505,izzip,zipper,category,39,tear,0
A,,41,522,cheea,tear,category,47,zipper,0
A,,41,522,cheea,tear,category,47,zipper,0
A,,41,522,cheea,tear,category,39,tear,1
A,,47,47,fizzim,zipper,exact,47,zipper,1
A,,47,47,fizzim,zipper,exact,47,zipper,1
A,,47,47,fizzim,zipper,exact,47,zipper,1
A,,47,47,fizzim,zipper,exact,34,glass,0
A,,47,47,fizzim,zipper,exact,39,tear,0
A,,47,47,fizzim,zipper,exact,39,tear,0
A,,47,47,fizzim,zipper,exact,39,tear,0
A,,47,47,fizzim,zipper,exact,39,tear,0
A,,41,522,sheah,tear,category,47,zipper,0
A,,41,522,sheah,tear,category,47,zipper,0
A,,41,522,sheah,tear,category,39,tear,1
A,,41,522,sheah,tear,category,39,tear,1
A,,41,522,sheah,tear,category,39,tear,1
A,,41,522,sheah,tear,category,39,tear,1
A,,41,522,sheah,tear,category,39,tear,1
A,,41,522,sheah,tear,category,42,water,0
A,,41,522,sheah,tear,category,42,water,0
A,,49,49,pfiph,zipper,category,47,zipper,1
A,,49,49,pfiph,zipper,category,47,zipper,1
A,,49,49,pfiph,zipper,category,47,zipper,1
A,,49,49,pfiph,zipper,category,47,zipper,1
A,,49,49,pfiph,zipper,category,39,tear,0
A,,49,49,pfiph,zipper,category,39,tear,0
A,,49,49,pfiph,zipper,category,39,tear,0
A,,49,49,pfiph,zipper,category,42,water,0
A,,49,505,izit,zipper,category,47,zipper,1
A,,49,505,izit,zipper,category,47,zipper,1
A,,49,505,izit,zipper,category,47,zipper,1
A,,49,505,izit,zipper,category,39,tear,0
A,,49,505,izit,zipper,category,39,tear,0
A,,49,505,izit,zipper,category,39,tear,0
A,,49,505,izit,zipper,category,42,water,0
A,,47,47,growwff,zipper,exact,47,zipper,1
A,,47,47,growwff,zipper,exact,47,zipper,1
A,,47,47,growwff,zipper,exact,47,zipper,1
A,,47,47,growwff,zipper,exact,47,zipper,1
A,,47,47,growwff,zipper,exact,47,zipper,1
A,,47,47,growwff,zipper,exact,47,zipper,1
A,,47,47,growwff,zipper,exact,47,zipper,1
A,,47,47,growwff,zipper,exact,39,tear,0
A,,49,49,bahvup,zipper,category,47,zipper,1
A,,49,49,bahvup,zipper,category,47,zipper,1
A,,49,49,bahvup,zipper,category,47,zipper,1
A,,49,49,bahvup,zipper,category,34,glass,0
A,,49,49,bahvup,zipper,category,39,tear,0
A,,49,49,bahvup,zipper,category,42,water,0
A,,49,49,bahvup,zipper,category,42,water,0
A,,41,522,sheyah,tear,category,47,zipper,0
A,,41,522,sheyah,tear,category,47,zipper,0
A,,41,522,sheyah,tear,category,47,zipper,0
A,,41,522,sheyah,tear,category,34,glass,0
A,,41,522,sheyah,tear,category,39,tear,1
A,,41,522,sheyah,tear,category,39,tear,1
A,,41,522,sheyah,tear,category,39,tear,1
A,,41,522,sheyah,tear,category,39,tear,1
A,,41,522,sheyah,tear,category,42,water,0
A,,49,49,fft,zipper,category,47,zipper,1
A,,49,49,fft,zipper,category,47,zipper,1
A,,49,49,fft,zipper,category,39,tear,0
A,,49,49,fft,zipper,category,39,tear,0
A,,49,49,fft,zipper,category,39,tear,0
A,,49,49,fft,zipper,category,39,tear,0
A,,49,49,fft,zipper,category,39,tear,0
A,,49,49,fft,zipper,category,39,tear,0
A,,47,377,bveeeeeep,zipper,exact,47,zipper,1
A,,47,377,bveeeeeep,zipper,exact,47,zipper,1
A,,47,377,bveeeeeep,zipper,exact,47,zipper,1
A,,47,377,bveeeeeep,zipper,exact,47,zipper,1
A,,47,377,bveeeeeep,zipper,exact,47,zipper,1
A,,47,377,bveeeeeep,zipper,exact,47,zipper,1
A,,47,377,bveeeeeep,zipper,exact,34,glass,0
A,,47,377,bveeeeeep,zipper,exact,39,tear,0
A,,39,560,a-chitch-shu,tear,exact,47,zipper,0
A,,39,560,a-chitch-shu,tear,exact,47,zipper,0
A,,39,560,a-chitch-shu,tear,exact,34,glass,0
A,,39,560,a-chitch-shu,tear,exact,39,tear,1
A,,39,560,a-chitch-shu,tear,exact,42,water,0
A,,49,49,brip,zipper,category,47,zipper,1
A,,49,49,brip,zipper,category,47,zipper,1
A,,49,49,brip,zipper,category,47,zipper,1
A,,49,49,brip,zipper,category,47,zipper,1
A,,42,42,blorgh,water,exact,47,zipper,0
A,,42,42,blorgh,water,exact,47,zipper,0
A,,42,42,blorgh,water,exact,39,tear,0
A,,42,42,blorgh,water,exact,42,water,1
A,,42,42,blorgh,water,exact,42,water,1
A,,42,42,blorgh,water,exact,42,water,1
A,,42,42,blorgh,water,exact,42,water,1
A,,42,42,blorgh,water,exact,42,water,1
A,,47,47,brrip,zipper,exact,47,zipper,1
A,,47,47,brrip,zipper,exact,47,zipper,1
A,,47,47,brrip,zipper,exact,47,zipper,1
A,,47,47,brrip,zipper,exact,34,glass,0
A,,47,47,brrip,zipper,exact,34,glass,0
A,,47,47,brrip,zipper,exact,39,tear,0
A,,47,47,brrip,zipper,exact,39,tear,0
A,,47,47,brrip,zipper,exact,42,water,0
A,,35,502,directo,glass,category,47,zipper,0
A,,35,502,directo,glass,category,47,zipper,0
A,,35,502,directo,glass,category,47,zipper,0
A,,35,502,directo,glass,category,47,zipper,0
A,,35,502,directo,glass,category,39,tear,0
A,,39,560,a chechyu,tear,exact,47,zipper,0
A,,39,560,a chechyu,tear,exact,34,glass,0
A,,39,560,a chechyu,tear,exact,34,glass,0
A,,39,560,a chechyu,tear,exact,34,glass,0
A,,39,560,a chechyu,tear,exact,39,tear,1
A,,39,560,a chechyu,tear,exact,39,tear,1
A,,39,560,a chechyu,tear,exact,42,water,0
A,,47,47,breep,zipper,exact,47,zipper,1
A,,47,47,breep,zipper,exact,47,zipper,1
A,,47,47,breep,zipper,exact,47,zipper,1
A,,47,47,breep,zipper,exact,47,zipper,1
A,,47,47,breep,zipper,exact,34,glass,0
A,,47,47,breep,zipper,exact,39,tear,0
A,,47,47,breep,zipper,exact,39,tear,0
A,,47,47,breep,zipper,exact,39,tear,0
A,,47,47,breep,zipper,exact,42,water,0
A,,39,560,achechchu,tear,exact,47,zipper,0
A,,39,560,achechchu,tear,exact,47,zipper,0
A,,39,560,achechchu,tear,exact,47,zipper,0
A,,39,560,achechchu,tear,exact,47,zipper,0
A,,39,560,achechchu,tear,exact,47,zipper,0
A,,39,560,achechchu,tear,exact,39,tear,1
A,,39,560,achechchu,tear,exact,39,tear,1
A,,39,560,achechchu,tear,exact,39,tear,1
A,,39,560,achechchu,tear,exact,42,water,0
A,,47,377,ceep,zipper,exact,47,zipper,1
A,,47,377,ceep,zipper,exact,47,zipper,1
A,,47,377,ceep,zipper,exact,34,glass,0
A,,47,377,ceep,zipper,exact,34,glass,0
A,,47,377,ceep,zipper,exact,39,tear,0
A,,47,377,ceep,zipper,exact,39,tear,0
A,,39,560,achechew,tear,exact,47,zipper,0
A,,39,560,achechew,tear,exact,47,zipper,0
A,,39,560,achechew,tear,exact,47,zipper,0
A,,39,560,achechew,tear,exact,34,glass,0
A,,39,560,achechew,tear,exact,34,glass,0
A,,39,560,achechew,tear,exact,34,glass,0
A,,39,560,achechew,tear,exact,34,glass,0
A,,39,560,achechew,tear,exact,39,tear,1
A,,39,560,achechew,tear,exact,39,tear,1
A,,39,560,achechew,tear,exact,42,water,0
A,,35,35,cribbett,glass,category,47,zipper,0
A,,35,35,cribbett,glass,category,34,glass,1
A,,35,35,cribbett,glass,category,34,glass,1
A,,35,35,cribbett,glass,category,34,glass,1
A,,35,35,cribbett,glass,category,39,tear,0
A,,35,35,cribbett,glass,category,42,water,0
A,,39,39,kitzee,tear,exact,47,zipper,0
A,,39,39,kitzee,tear,exact,47,zipper,0
A,,39,39,kitzee,tear,exact,47,zipper,0
A,,39,39,kitzee,tear,exact,34,glass,0
A,,39,39,kitzee,tear,exact,39,tear,1
A,,39,39,kitzee,tear,exact,39,tear,1
A,,39,39,kitzee,tear,exact,39,tear,1
A,,39,39,kitzee,tear,exact,39,tear,1
A,,39,39,kitzee,tear,exact,39,tear,1
A,,39,39,kitzee,tear,exact,39,tear,1
A,,39,39,kitzee,tear,exact,39,tear,1
A,,41,41,frarr,tear,category,47,zipper,0
A,,41,41,frarr,tear,category,47,zipper,0
A,,41,41,frarr,tear,category,42,water,0
A,,45,45,buhlorghorgh,water,category,47,zipper,0
A,,45,45,buhlorghorgh,water,category,34,glass,0
A,,45,45,buhlorghorgh,water,category,34,glass,0
A,,45,45,buhlorghorgh,water,category,34,glass,0
A,,45,45,buhlorghorgh,water,category,42,water,1
A,,45,45,buhlorghorgh,water,category,42,water,1
A,,45,45,buhlorghorgh,water,category,42,water,1
A,,45,45,buhlorghorgh,water,category,42,water,1
A,,45,45,buhlorghorgh,water,category,42,water,1
A,,45,45,buhlorghorgh,water,category,42,water,1
A,,45,45,buhlorghorgh,water,category,42,water,1
A,,-1,-1,Attention check: Pick the third option.,catch_trial,catch_trial,47,zipper,0
A,,-1,-1,Attention check: Pick the third option.,catch_trial,catch_trial,42,water,1
A,,-1,-1,Attention check: Pick the third option.,catch_trial,catch_trial,42,water,1
A,,-1,-1,Attention check: Pick the third option.,catch_trial,catch_trial,42,water,1
A,,-1,-1,Attention check: Pick the third option.,catch_trial,catch_trial,42,water,1
A,,-1,-1,Attention check: Pick the third option.,catch_trial,catch_trial,42,water,1
A,,-1,-1,Attention check: Pick the third option.,catch_trial,catch_trial,42,water,1
A,,-1,-1,Attention check: Pick the third option.,catch_trial,catch_trial,42,water,1
A,,-1,-1,Attention check: Pick the third option.,catch_trial,catch_trial,42,water,1
A,,-1,-1,Attention check: Pick the third option.,catch_trial,catch_trial,42,water,1
A,,-1,-1,Attention check: Pick the third option.,catch_trial,catch_trial,42,water,1
A,,-1,-1,Attention check: Pick the third option.,catch_trial,catch_trial,42,water,1
A,,-1,-1,Attention check: Pick the third option.,catch_trial,catch_trial,42,water,1
A,,-1,-1,Attention check: Pick the third option.,catch_trial,catch_trial,42,water,1
A,,-1,-1,Attention check: Pick the third option.,catch_trial,catch_trial,42,water,1
A,,-1,-1,Attention check: Pick the third option.,catch_trial,catch_trial,42,water,1
A,,-1,-1,Attention check: Pick the third option.,catch_trial,catch_trial,42,water,1
A,,-1,-1,Attention check: Pick the third option.,catch_trial,catch_trial,42,water,1
A,,-1,-1,Attention check: Pick the third option.,catch_trial,catch_trial,42,water,1
A,,-1,-1,Attention check: Pick the third option.,catch_trial,catch_trial,42,water,1
A,,-1,-1,Attention check: Pick the third option.,catch_trial,catch_trial,42,water,1
A,,-1,-1,Attention check: Pick the third option.,catch_trial,catch_trial,42,water,1
A,,-1,-1,Attention check: Pick the third option.,catch_trial,catch_trial,42,water,1
A,,-1,-1,Attention check: Pick the third option.,catch_trial,catch_trial,42,water,1
A,,-1,-1,Attention check: Pick the third option.,catch_trial,catch_trial,42,water,1
A,,-1,-1,Attention check: Pick the third option.,catch_trial,catch_trial,42,water,1
A,,-1,-1,Attention check: Pick the third option.,catch_trial,catch_trial,42,water,1
A,,-1,-1,Attention check: Pick the third option.,catch_trial,catch_trial,42,water,1
A,,-1,-1,Attention check: Pick the third option.,catch_trial,catch_trial,42,water,1
A,,-1,-1,Attention check: Pick the third option.,catch_trial,catch_trial,42,water,1
A,,-1,-1,Attention check: Pick the third option.,catch_trial,catch_trial,42,water,1
A,,-1,-1,Attention check: Pick the third option.,catch_trial,catch_trial,42,water,1
A,,-1,-1,Attention check: Pick the third option.,catch_trial,catch_trial,42,water,1
A,,-1,-1,Attention check: Pick the third option.,catch_trial,catch_trial,42,water,1
A,,-1,-1,Attention check: Pick the third option.,catch_trial,catch_trial,42,water,1
A,,-1,-1,Attention check: Pick the third option.,catch_trial,catch_trial,42,water,1
A,,-1,-1,Attention check: Pick the third option.,catch_trial,catch_trial,42,water,1
A,,-1,-1,Attention check: Pick the third option.,catch_trial,catch_trial,42,water,1
A,,-1,-1,Attention check: Pick the third option.,catch_trial,catch_trial,42,water,1
A,,-1,-1,Attention check: Pick the third option.,catch_trial,catch_trial,42,water,1
A,,-1,-1,Attention check: Pick the third option.,catch_trial,catch_trial,42,water,1
A,,-1,-1,Attention check: Pick the third option.,catch_trial,catch_trial,42,water,1
A,,-1,-1,Attention check: Pick the third option.,catch_trial,catch_trial,42,water,1
A,,-1,-1,Attention check: Pick the third option.,catch_trial,catch_trial,42,water,1
A,,-1,-1,Attention check: Pick the third option.,catch_trial,catch_trial,42,water,1
A,,-1,-1,Attention check: Pick the third option.,catch_trial,catch_trial,42,water,1
A,,-1,-1,Attention check: Pick the third option.,catch_trial,catch_trial,42,water,1
A,,-1,-1,Attention check: Pick the third option.,catch_trial,catch_trial,42,water,1
A,,-1,-1,Attention check: Pick the third option.,catch_trial,catch_trial,42,water,1
A,,-1,-1,Attention check: Pick the third option.,catch_trial,catch_trial,42,water,1
A,,-1,-1,Attention check: Pick the third option.,catch_trial,catch_trial,42,water,1
A,,-1,-1,Attention check: Pick the third option.,catch_trial,catch_trial,42,water,1
A,,-1,-1,Attention check: Pick the third option.,catch_trial,catch_trial,42,water,1
A,,-1,-1,Attention check: Pick the third option.,catch_trial,catch_trial,42,water,1
A,,-1,-1,Attention check: Pick the third option.,catch_trial,catch_trial,42,water,1
A,,41,522,shiyah,tear,category,47,zipper,0
A,,41,522,shiyah,tear,category,47,zipper,0
A,,41,522,shiyah,tear,category,47,zipper,0
A,,41,522,shiyah,tear,category,47,zipper,0
A,,41,522,shiyah,tear,category,47,zipper,0
A,,41,522,shiyah,tear,category,39,tear,1
A,,41,522,shiyah,tear,category,42,water,0
A,,41,522,shiyah,tear,category,42,water,0
A,,41,41,chrrrrup,tear,category,47,zipper,0
A,,41,41,chrrrrup,tear,category,47,zipper,0
A,,41,41,chrrrrup,tear,category,47,zipper,0
A,,41,41,chrrrrup,tear,category,47,zipper,0
A,,41,41,chrrrrup,tear,category,39,tear,1
A,,41,41,chrrrrup,tear,category,39,tear,1
A,,41,41,chrrrrup,tear,category,42,water,0
A,,41,41,chrrrrup,tear,category,42,water,0
A,,49,505,iszit,zipper,category,47,zipper,1
A,,49,505,iszit,zipper,category,47,zipper,1
A,,49,505,iszit,zipper,category,47,zipper,1
A,,49,505,iszit,zipper,category,39,tear,0
A,,49,505,iszit,zipper,category,39,tear,0
A,,49,505,iszit,zipper,category,39,tear,0
A,,49,505,iszit,zipper,category,42,water,0
A,,35,502,gorecto,glass,category,47,zipper,0
A,,35,502,gorecto,glass,category,34,glass,1
A,,35,502,gorecto,glass,category,34,glass,1
A,,35,502,gorecto,glass,category,34,glass,1
A,,35,502,gorecto,glass,category,39,tear,0
A,,35,502,gorecto,glass,category,39,tear,0
A,,35,502,gorecto,glass,category,42,water,0
A,,35,502,goracto,glass,category,47,zipper,0
A,,35,502,goracto,glass,category,34,glass,1
A,,35,502,goracto,glass,category,34,glass,1
A,,35,502,goracto,glass,category,34,glass,1
A,,35,502,goracto,glass,category,39,tear,0
A,,35,502,goracto,glass,category,39,tear,0
A,,35,502,goracto,glass,category,39,tear,0
A,,35,502,goracto,glass,category,39,tear,0
A,,35,502,goracto,glass,category,39,tear,0
A,,35,502,goracto,glass,category,42,water,0
A,,35,502,goracto,glass,category,42,water,0
A,,45,466,glonglong,water,category,47,zipper,0
A,,45,466,glonglong,water,category,34,glass,0
A,,45,466,glonglong,water,category,34,glass,0
A,,45,466,glonglong,water,category,34,glass,0
A,,45,466,glonglong,water,category,34,glass,0
A,,45,466,glonglong,water,category,34,glass,0
A,,45,466,glonglong,water,category,34,glass,0
A,,45,466,glonglong,water,category,34,glass,0
A,,45,466,glonglong,water,category,34,glass,0
A,,45,466,glonglong,water,category,39,tear,0
A,,45,466,glonglong,water,category,42,water,1
A,,45,466,glonglong,water,category,42,water,1
A,,45,466,glong-glong,water,category,47,zipper,0
A,,45,466,glong-glong,water,category,34,glass,0
A,,45,466,glong-glong,water,category,34,glass,0
A,,45,466,glong-glong,water,category,34,glass,0
A,,45,466,glong-glong,water,category,34,glass,0
A,,45,466,glong-glong,water,category,34,glass,0
A,,45,466,glong-glong,water,category,42,water,1
A,,41,41,crish,tear,category,47,zipper,0
A,,41,41,crish,tear,category,39,tear,1
A,,41,41,crish,tear,category,39,tear,1
A,,41,41,crish,tear,category,39,tear,1
A,,41,41,crish,tear,category,39,tear,1
A,,41,41,crish,tear,category,39,tear,1
A,,41,41,crish,tear,category,39,tear,1
A,,41,41,crish,tear,category,42,water,0
A,,41,41,crish,tear,category,42,water,0
A,,39,39,crisshhh,tear,exact,47,zipper,0
A,,39,39,crisshhh,tear,exact,34,glass,0
A,,39,39,crisshhh,tear,exact,39,tear,1
A,,39,39,crisshhh,tear,exact,39,tear,1
A,,39,39,crisshhh,tear,exact,39,tear,1
A,,39,39,crisshhh,tear,exact,39,tear,1
A,,39,39,crisshhh,tear,exact,39,tear,1
A,,39,39,crisshhh,tear,exact,39,tear,1
A,,39,39,crisshhh,tear,exact,39,tear,1
A,,39,39,crisshhh,tear,exact,39,tear,1
A,,39,39,crisshhh,tear,exact,39,tear,1
A,,39,39,crisshhh,tear,exact,39,tear,1
A,,39,39,crisshhh,tear,exact,42,water,0
A,,39,39,clickadrag,tear,exact,47,zipper,0
A,,39,39,clickadrag,tear,exact,34,glass,0
A,,39,39,clickadrag,tear,exact,34,glass,0
A,,39,39,clickadrag,tear,exact,34,glass,0
A,,39,39,clickadrag,tear,exact,39,tear,1
A,,39,39,clickadrag,tear,exact,39,tear,1
A,,39,39,clickadrag,tear,exact,39,tear,1
A,,34,566,dundunduh,glass,exact,34,glass,1
A,,34,566,dundunduh,glass,exact,34,glass,1
A,,34,566,dundunduh,glass,exact,34,glass,1
A,,34,566,dundunduh,glass,exact,34,glass,1
A,,34,566,dundunduh,glass,exact,34,glass,1
A,,34,566,dundunduh,glass,exact,34,glass,1
A,,34,566,dundunduh,glass,exact,34,glass,1
A,,35,35,clinket,glass,category,34,glass,1
A,,35,35,clinket,glass,category,34,glass,1
A,,35,35,clinket,glass,category,34,glass,1
A,,35,35,clinket,glass,category,34,glass,1
A,,35,35,clinket,glass,category,34,glass,1
A,,35,35,clinket,glass,category,34,glass,1
A,,35,35,clinket,glass,category,34,glass,1
A,,35,35,clinket,glass,category,34,glass,1
A,,35,35,clinket,glass,category,39,tear,0
A,,35,35,clappun,glass,category,34,glass,1
A,,35,35,clappun,glass,category,34,glass,1
A,,35,35,clappun,glass,category,34,glass,1
A,,35,35,clappun,glass,category,34,glass,1
A,,35,35,clappun,glass,category,34,glass,1
A,,35,35,clappun,glass,category,34,glass,1
A,,35,35,clappun,glass,category,34,glass,1
A,,35,35,clappun,glass,category,42,water,0
A,,34,566,dahduhda,glass,exact,34,glass,1
A,,34,566,dahduhda,glass,exact,34,glass,1
A,,34,566,dahduhda,glass,exact,34,glass,1
A,,34,566,dahduhda,glass,exact,39,tear,0
A,,34,566,dahduhda,glass,exact,39,tear,0
A,,34,566,dahduhda,glass,exact,42,water,0
A,,42,563,chicochicochicochico,water,exact,34,glass,0
A,,42,563,chicochicochicochico,water,exact,34,glass,0
A,,42,563,chicochicochicochico,water,exact,34,glass,0
A,,42,563,chicochicochicochico,water,exact,34,glass,0
A,,42,563,chicochicochicochico,water,exact,34,glass,0
A,,42,563,chicochicochicochico,water,exact,34,glass,0
A,,42,563,chicochicochicochico,water,exact,34,glass,0
A,,42,563,chicochicochicochico,water,exact,34,glass,0
A,,42,563,chicochicochicochico,water,exact,34,glass,0
A,,42,563,chicochicochicochico,water,exact,34,glass,0
A,,42,563,chicochicochicochico,water,exact,39,tear,0
A,,42,563,chicochicochicochico,water,exact,39,tear,0
A,,42,563,chicochicochicochico,water,exact,39,tear,0
A,,42,563,chicochicochicochico,water,exact,42,water,1
A,,34,34,bugongong,glass,exact,34,glass,1
A,,34,34,bugongong,glass,exact,34,glass,1
A,,34,34,bugongong,glass,exact,34,glass,1
A,,34,34,bugongong,glass,exact,34,glass,1
A,,34,34,bugongong,glass,exact,34,glass,1
A,,34,34,bugongong,glass,exact,34,glass,1
A,,34,34,bugongong,glass,exact,34,glass,1
A,,39,39,cliflika,tear,exact,34,glass,0
A,,39,39,cliflika,tear,exact,34,glass,0
A,,39,39,cliflika,tear,exact,34,glass,0
A,,34,34,atinga,glass,exact,34,glass,1
A,,34,34,atinga,glass,exact,34,glass,1
A,,34,34,atinga,glass,exact,34,glass,1
A,,34,34,atinga,glass,exact,34,glass,1
A,,34,34,atinga,glass,exact,34,glass,1
A,,34,34,atinga,glass,exact,34,glass,1
A,,34,34,atinga,glass,exact,34,glass,1
A,,34,34,atinga,glass,exact,34,glass,1
A,,34,34,atinga,glass,exact,34,glass,1
A,,34,34,atinga,glass,exact,34,glass,1
A,,34,34,atinga,glass,exact,39,tear,0
A,,34,34,atinga,glass,exact,42,water,0
A,,42,563,chochocchoocho,water,exact,34,glass,0
A,,42,563,chochocchoocho,water,exact,34,glass,0
A,,42,563,chochocchoocho,water,exact,34,glass,0
A,,42,563,chochocchoocho,water,exact,39,tear,0
A,,42,563,chochocchoocho,water,exact,39,tear,0
A,,42,563,chochocchoocho,water,exact,39,tear,0
A,,42,563,chochocchoocho,water,exact,39,tear,0
A,,35,502,correcto,glass,category,34,glass,1
A,,35,502,correcto,glass,category,34,glass,1
A,,35,502,correcto,glass,category,34,glass,1
A,,35,502,correcto,glass,category,39,tear,0
A,,35,502,correcto,glass,category,39,tear,0
A,,35,502,correcto,glass,category,39,tear,0
A,,34,566,dundundah,glass,exact,34,glass,1
A,,34,566,dundundah,glass,exact,34,glass,1
A,,34,566,dundundah,glass,exact,39,tear,0
A,,34,566,dundundah,glass,exact,39,tear,0
A,,34,34,clipapap,glass,exact,34,glass,1
A,,34,34,clipapap,glass,exact,34,glass,1
A,,34,34,clipapap,glass,exact,34,glass,1
A,,34,34,clipapap,glass,exact,34,glass,1
A,,34,34,clipapap,glass,exact,34,glass,1
A,,34,34,clipapap,glass,exact,34,glass,1
A,,34,34,clipapap,glass,exact,34,glass,1
A,,34,34,clipapap,glass,exact,34,glass,1
A,,34,34,clipapap,glass,exact,42,water,0
A,,34,34,clipapap,glass,exact,42,water,0
A,,34,34,clipapap,glass,exact,42,water,0
A,,34,34,clipapap,glass,exact,42,water,0
A,,45,466,glong glong,water,category,34,glass,0
A,,45,466,glong glong,water,category,34,glass,0
A,,45,466,glong glong,water,category,34,glass,0
A,,45,466,glong glong,water,category,34,glass,0
A,,45,466,glong glong,water,category,34,glass,0
A,,45,466,glong glong,water,category,34,glass,0
A,,45,466,glong glong,water,category,34,glass,0
A,,45,466,glong glong,water,category,42,water,1
A,,34,34,bubtedew,glass,exact,34,glass,1
A,,34,34,bubtedew,glass,exact,34,glass,1
A,,34,34,bubtedew,glass,exact,34,glass,1
A,,34,34,bubtedew,glass,exact,34,glass,1
A,,34,34,bubtedew,glass,exact,34,glass,1
A,,34,34,bubtedew,glass,exact,39,tear,0
A,,34,34,bubtedew,glass,exact,42,water,0
A,,34,34,bubtedew,glass,exact,42,water,0
A,,34,34,bubtedew,glass,exact,42,water,0
A,,45,45,balooshboosh,water,category,34,glass,0
A,,45,45,balooshboosh,water,category,34,glass,0
A,,45,45,balooshboosh,water,category,42,water,1
A,,45,45,balooshboosh,water,category,42,water,1
A,,45,45,balooshboosh,water,category,42,water,1
A,,45,45,balooshboosh,water,category,42,water,1
A,,45,45,balooshboosh,water,category,42,water,1
A,,45,45,balooshboosh,water,category,42,water,1
A,,45,45,balooshboosh,water,category,42,water,1
A,,45,45,balooshboosh,water,category,42,water,1
A,,42,563,chewscutcutsew,water,exact,34,glass,0
A,,42,563,chewscutcutsew,water,exact,39,tear,0
A,,42,563,chewscutcutsew,water,exact,39,tear,0
A,,42,563,chewscutcutsew,water,exact,39,tear,0
A,,42,563,chewscutcutsew,water,exact,39,tear,0
A,,42,563,chewscutcutsew,water,exact,39,tear,0
A,,42,563,chewscutcutsew,water,exact,42,water,1
A,,42,563,chewchewshewa,water,exact,34,glass,0
A,,42,563,chewchewshewa,water,exact,39,tear,0
A,,42,563,chewchewshewa,water,exact,39,tear,0
A,,42,563,chewchewshewa,water,exact,39,tear,0
A,,42,563,chewchewshewa,water,exact,39,tear,0
A,,42,563,chewchewshewa,water,exact,39,tear,0
A,,42,563,chewchewshewa,water,exact,39,tear,0
A,,42,563,chewchewshewa,water,exact,42,water,1
A,,35,35,breetu,glass,category,34,glass,1
A,,35,35,breetu,glass,category,39,tear,0
A,,35,35,breetu,glass,category,39,tear,0
A,,35,35,breetu,glass,category,42,water,0
A,,35,35,breetu,glass,category,42,water,0
A,,45,466,glongglong,water,category,34,glass,0
A,,45,466,glongglong,water,category,34,glass,0
A,,45,466,glongglong,water,category,34,glass,0
A,,45,466,glongglong,water,category,34,glass,0
A,,45,466,glongglong,water,category,34,glass,0
A,,45,466,glongglong,water,category,34,glass,0
A,,34,566,dundunda,glass,exact,34,glass,1
A,,34,566,dundunda,glass,exact,34,glass,1
A,,34,566,dundunda,glass,exact,34,glass,1
A,,34,566,dundunda,glass,exact,34,glass,1
A,,45,45,atrishown,water,category,34,glass,0
A,,45,45,atrishown,water,category,34,glass,0
A,,45,45,atrishown,water,category,34,glass,0
A,,45,45,atrishown,water,category,39,tear,0
A,,45,45,atrishown,water,category,39,tear,0
A,,45,45,atrishown,water,category,39,tear,0
A,,45,45,atrishown,water,category,39,tear,0
A,,45,45,atrishown,water,category,42,water,1
A,,45,45,atrishown,water,category,42,water,1
A,,45,45,atrishown,water,category,42,water,1
A,,42,42,foovo,water,exact,34,glass,0
A,,42,42,foovo,water,exact,39,tear,0
A,,42,42,foovo,water,exact,39,tear,0
A,,42,42,foovo,water,exact,39,tear,0
A,,42,42,foovo,water,exact,39,tear,0
A,,45,45,blowosh,water,category,39,tear,0
A,,45,45,blowosh,water,category,42,water,1
A,,45,45,blowosh,water,category,42,water,1
A,,45,45,blowosh,water,category,42,water,1
A,,45,45,blowosh,water,category,42,water,1
A,,45,45,blowosh,water,category,42,water,1
A,,45,45,blowosh,water,category,42,water,1
A,,45,45,blowosh,water,category,42,water,1
A,,45,45,blowosh,water,category,42,water,1
A,,42,42,pushawater,water,exact,39,tear,0
A,,42,42,pushawater,water,exact,42,water,1
A,,42,42,pushawater,water,exact,42,water,1
A,,42,42,pushawater,water,exact,42,water,1
A,,42,42,pushawater,water,exact,42,water,1
A,,42,42,pushawater,water,exact,42,water,1
A,,42,42,pushawater,water,exact,42,water,1
A,,42,42,pushawater,water,exact,42,water,1
A,,42,42,pushawater,water,exact,42,water,1
A,,42,42,pushawater,water,exact,42,water,1
A,,42,42,pushawater,water,exact,42,water,1
A,,42,42,ploosh,water,exact,42,water,1
A,,42,42,ploosh,water,exact,42,water,1
A,,42,42,ploosh,water,exact,42,water,1
A,,39,560,a chechyu,tear,category,45,water,0
A,,39,560,a chechyu,tear,category,41,tear,1
A,,39,560,a chechyu,tear,category,41,tear,1
A,,39,560,a chechyu,tear,category,41,tear,1
A,,39,560,a chechyu,tear,category,41,tear,1
A,,39,560,a chechyu,tear,category,41,tear,1
A,,39,560,a chechyu,tear,category,35,glass,0
A,,45,45,buhlorghorgh,water,exact,45,water,1
A,,45,45,buhlorghorgh,water,exact,45,water,1
A,,45,45,buhlorghorgh,water,exact,45,water,1
A,,45,45,buhlorghorgh,water,exact,45,water,1
A,,45,45,buhlorghorgh,water,exact,45,water,1
A,,45,45,buhlorghorgh,water,exact,45,water,1
A,,45,45,buhlorghorgh,water,exact,45,water,1
A,,45,45,buhlorghorgh,water,exact,41,tear,0
A,,45,45,buhlorghorgh,water,exact,41,tear,0
A,,45,45,buhlorghorgh,water,exact,41,tear,0
A,,45,45,buhlorghorgh,water,exact,41,tear,0
A,,45,45,buhlorghorgh,water,exact,35,glass,0
A,,45,45,buhlorghorgh,water,exact,35,glass,0
A,,45,45,buhlorghorgh,water,exact,35,glass,0
A,,45,45,balooshboosh,water,exact,45,water,1
A,,45,45,balooshboosh,water,exact,45,water,1
A,,45,45,balooshboosh,water,exact,45,water,1
A,,45,45,balooshboosh,water,exact,45,water,1
A,,45,45,balooshboosh,water,exact,45,water,1
A,,45,45,balooshboosh,water,exact,45,water,1
A,,45,45,balooshboosh,water,exact,45,water,1
A,,45,45,balooshboosh,water,exact,45,water,1
A,,45,45,balooshboosh,water,exact,41,tear,0
A,,45,45,balooshboosh,water,exact,41,tear,0
A,,45,466,glong-glong,water,exact,45,water,1
A,,45,466,glong-glong,water,exact,45,water,1
A,,45,466,glong-glong,water,exact,45,water,1
A,,45,466,glong-glong,water,exact,45,water,1
A,,45,466,glong-glong,water,exact,45,water,1
A,,45,466,glong-glong,water,exact,45,water,1
A,,45,466,glong-glong,water,exact,45,water,1
A,,45,466,glong-glong,water,exact,45,water,1
A,,45,466,glong-glong,water,exact,45,water,1
A,,45,466,glong-glong,water,exact,45,water,1
A,,45,466,glong-glong,water,exact,35,glass,0
A,,45,466,glongglong,water,exact,45,water,1
A,,45,466,glongglong,water,exact,45,water,1
A,,45,466,glongglong,water,exact,45,water,1
A,,45,466,glongglong,water,exact,45,water,1
A,,45,466,glongglong,water,exact,45,water,1
A,,45,466,glongglong,water,exact,35,glass,0
A,,-1,-1,Attention check: Pick the third option.,catch_trial,catch_trial,45,water,1
A,,-1,-1,Attention check: Pick the third option.,catch_trial,catch_trial,45,water,1
A,,-1,-1,Attention check: Pick the third option.,catch_trial,catch_trial,45,water,1
A,,-1,-1,Attention check: Pick the third option.,catch_trial,catch_trial,45,water,1
A,,-1,-1,Attention check: Pick the third option.,catch_trial,catch_trial,45,water,1
A,,-1,-1,Attention check: Pick the third option.,catch_trial,catch_trial,45,water,1
A,,-1,-1,Attention check: Pick the third option.,catch_trial,catch_trial,45,water,1
A,,-1,-1,Attention check: Pick the third option.,catch_trial,catch_trial,45,water,1
A,,-1,-1,Attention check: Pick the third option.,catch_trial,catch_trial,45,water,1
A,,-1,-1,Attention check: Pick the third option.,catch_trial,catch_trial,45,water,1
A,,-1,-1,Attention check: Pick the third option.,catch_trial,catch_trial,45,water,1
A,,-1,-1,Attention check: Pick the third option.,catch_trial,catch_trial,45,water,1
A,,-1,-1,Attention check: Pick the third option.,catch_trial,catch_trial,45,water,1
A,,-1,-1,Attention check: Pick the third option.,catch_trial,catch_trial,45,water,1
A,,-1,-1,Attention check: Pick the third option.,catch_trial,catch_trial,45,water,1
A,,-1,-1,Attention check: Pick the third option.,catch_trial,catch_trial,45,water,1
A,,-1,-1,Attention check: Pick the third option.,catch_trial,catch_trial,45,water,1
A,,-1,-1,Attention check: Pick the third option.,catch_trial,catch_trial,45,water,1
A,,-1,-1,Attention check: Pick the third option.,catch_trial,catch_trial,45,water,1
A,,-1,-1,Attention check: Pick the third option.,catch_trial,catch_trial,45,water,1
A,,-1,-1,Attention check: Pick the third option.,catch_trial,catch_trial,45,water,1
A,,-1,-1,Attention check: Pick the third option.,catch_trial,catch_trial,45,water,1
A,,-1,-1,Attention check: Pick the third option.,catch_trial,catch_trial,45,water,1
A,,-1,-1,Attention check: Pick the third option.,catch_trial,catch_trial,45,water,1
A,,-1,-1,Attention check: Pick the third option.,catch_trial,catch_trial,45,water,1
A,,-1,-1,Attention check: Pick the third option.,catch_trial,catch_trial,45,water,1
A,,-1,-1,Attention check: Pick the third option.,catch_trial,catch_trial,45,water,1
A,,-1,-1,Attention check: Pick the third option.,catch_trial,catch_trial,45,water,1
A,,-1,-1,Attention check: Pick the third option.,catch_trial,catch_trial,45,water,1
A,,-1,-1,Attention check: Pick the third option.,catch_trial,catch_trial,45,water,1
A,,-1,-1,Attention check: Pick the third option.,catch_trial,catch_trial,45,water,1
A,,-1,-1,Attention check: Pick the third option.,catch_trial,catch_trial,45,water,1
A,,-1,-1,Attention check: Pick the third option.,catch_trial,catch_trial,45,water,1
A,,-1,-1,Attention check: Pick the third option.,catch_trial,catch_trial,45,water,1
A,,-1,-1,Attention check: Pick the third option.,catch_trial,catch_trial,45,water,1
A,,-1,-1,Attention check: Pick the third option.,catch_trial,catch_trial,45,water,1
A,,-1,-1,Attention check: Pick the third option.,catch_trial,catch_trial,45,water,1
A,,-1,-1,Attention check: Pick the third option.,catch_trial,catch_trial,45,water,1
A,,-1,-1,Attention check: Pick the third option.,catch_trial,catch_trial,45,water,1
A,,-1,-1,Attention check: Pick the third option.,catch_trial,catch_trial,45,water,1
A,,-1,-1,Attention check: Pick the third option.,catch_trial,catch_trial,45,water,1
A,,-1,-1,Attention check: Pick the third option.,catch_trial,catch_trial,45,water,1
A,,-1,-1,Attention check: Pick the third option.,catch_trial,catch_trial,45,water,1
A,,-1,-1,Attention check: Pick the third option.,catch_trial,catch_trial,45,water,1
A,,-1,-1,Attention check: Pick the third option.,catch_trial,catch_trial,45,water,1
A,,-1,-1,Attention check: Pick the third option.,catch_trial,catch_trial,45,water,1
A,,-1,-1,Attention check: Pick the third option.,catch_trial,catch_trial,45,water,1
A,,-1,-1,Attention check: Pick the third option.,catch_trial,catch_trial,45,water,1
A,,-1,-1,Attention check: Pick the third option.,catch_trial,catch_trial,45,water,1
A,,-1,-1,Attention check: Pick the third option.,catch_trial,catch_trial,45,water,1
A,,-1,-1,Attention check: Pick the third option.,catch_trial,catch_trial,45,water,1
A,,-1,-1,Attention check: Pick the third option.,catch_trial,catch_trial,45,water,1
A,,-1,-1,Attention check: Pick the third option.,catch_trial,catch_trial,45,water,1
A,,-1,-1,Attention check: Pick the third option.,catch_trial,catch_trial,41,tear,0
A,,34,566,dundunduh,glass,category,45,water,0
A,,34,566,dundunduh,glass,category,45,water,0
A,,34,566,dundunduh,glass,category,45,water,0
A,,34,566,dundunduh,glass,category,41,tear,0
A,,34,566,dundunduh,glass,category,41,tear,0
A,,34,566,dundunduh,glass,category,49,zipper,0
A,,34,566,dundunduh,glass,category,35,glass,1
A,,34,566,dundunduh,glass,category,35,glass,1
A,,34,566,dundunduh,glass,category,35,glass,1
A,,45,466,glong glong,water,exact,45,water,1
A,,45,466,glong glong,water,exact,45,water,1
A,,45,466,glong glong,water,exact,45,water,1
A,,45,466,glong glong,water,exact,45,water,1
A,,45,466,glong glong,water,exact,45,water,1
A,,45,466,glong glong,water,exact,45,water,1
A,,45,466,glong glong,water,exact,45,water,1
A,,45,466,glong glong,water,exact,35,glass,0
A,,45,45,atrishown,water,exact,45,water,1
A,,45,45,atrishown,water,exact,45,water,1
A,,45,45,atrishown,water,exact,45,water,1
A,,45,45,atrishown,water,exact,41,tear,0
A,,45,45,atrishown,water,exact,41,tear,0
A,,45,45,atrishown,water,exact,41,tear,0
A,,45,45,atrishown,water,exact,49,zipper,0
A,,45,45,atrishown,water,exact,35,glass,0
A,,45,466,glonglong,water,exact,45,water,1
A,,45,466,glonglong,water,exact,45,water,1
A,,45,466,glonglong,water,exact,45,water,1
A,,45,466,glonglong,water,exact,45,water,1
A,,45,466,glonglong,water,exact,45,water,1
A,,45,466,glonglong,water,exact,45,water,1
A,,45,466,glonglong,water,exact,35,glass,0
A,,45,466,glonglong,water,exact,35,glass,0
A,,45,466,glonglong,water,exact,35,glass,0
A,,45,466,glonglong,water,exact,35,glass,0
A,,45,466,glonglong,water,exact,35,glass,0
A,,41,41,chraw,tear,exact,45,water,0
A,,41,41,chraw,tear,exact,45,water,0
A,,41,41,chraw,tear,exact,41,tear,1
A,,41,41,chraw,tear,exact,41,tear,1
A,,41,41,chraw,tear,exact,41,tear,1
A,,41,41,chraw,tear,exact,41,tear,1
A,,41,41,chraw,tear,exact,35,glass,0
A,,34,34,bugongong,glass,category,45,water,0
A,,34,34,bugongong,glass,category,45,water,0
A,,34,34,bugongong,glass,category,45,water,0
A,,34,34,bugongong,glass,category,45,water,0
A,,34,34,bugongong,glass,category,45,water,0
A,,42,42,blorgh,water,category,45,water,1
A,,42,42,blorgh,water,category,45,water,1
A,,42,42,blorgh,water,category,45,water,1
A,,42,42,blorgh,water,category,45,water,1
A,,42,42,blorgh,water,category,41,tear,0
A,,42,42,blorgh,water,category,41,tear,0
A,,42,42,blorgh,water,category,49,zipper,0
A,,42,42,blorgh,water,category,49,zipper,0
A,,34,566,dundunda,glass,category,45,water,0
A,,34,566,dundunda,glass,category,45,water,0
A,,34,566,dundunda,glass,category,45,water,0
A,,34,566,dundunda,glass,category,45,water,0
A,,34,566,dundunda,glass,category,45,water,0
A,,34,566,dundunda,glass,category,41,tear,0
A,,34,566,dundunda,glass,category,35,glass,1
A,,34,566,dundunda,glass,category,35,glass,1
A,,34,566,dundunda,glass,category,35,glass,1
A,,34,566,dundundah,glass,category,45,water,0
A,,34,566,dundundah,glass,category,45,water,0
A,,34,566,dundundah,glass,category,45,water,0
A,,34,566,dundundah,glass,category,45,water,0
A,,34,566,dundundah,glass,category,35,glass,1
A,,34,566,dundundah,glass,category,35,glass,1
A,,34,566,dundundah,glass,category,35,glass,1
A,,34,566,dundundah,glass,category,35,glass,1
A,,39,39,kitzee,tear,category,45,water,0
A,,39,39,kitzee,tear,category,41,tear,1
A,,39,39,kitzee,tear,category,41,tear,1
A,,39,39,kitzee,tear,category,49,zipper,0
A,,39,39,kitzee,tear,category,49,zipper,0
A,,39,39,kitzee,tear,category,35,glass,0
A,,39,39,kitzee,tear,category,35,glass,0
A,,35,35,breetu,glass,exact,45,water,0
A,,35,35,breetu,glass,exact,41,tear,0
A,,35,35,breetu,glass,exact,49,zipper,0
A,,35,35,breetu,glass,exact,35,glass,1
A,,35,35,breetu,glass,exact,35,glass,1
A,,35,35,breetu,glass,exact,35,glass,1
A,,35,35,breetu,glass,exact,35,glass,1
A,,35,35,breetu,glass,exact,35,glass,1
A,,34,566,dahduhda,glass,category,45,water,0
A,,34,566,dahduhda,glass,category,45,water,0
A,,34,566,dahduhda,glass,category,41,tear,0
A,,34,566,dahduhda,glass,category,41,tear,0
A,,34,566,dahduhda,glass,category,41,tear,0
A,,34,566,dahduhda,glass,category,35,glass,1
A,,35,35,cribbett,glass,exact,45,water,0
A,,35,35,cribbett,glass,exact,41,tear,0
A,,35,35,cribbett,glass,exact,41,tear,0
A,,35,35,cribbett,glass,exact,35,glass,1
A,,35,35,cribbett,glass,exact,35,glass,1
A,,35,502,goracto,glass,exact,45,water,0
A,,35,502,goracto,glass,exact,41,tear,0
A,,35,502,goracto,glass,exact,41,tear,0
A,,35,502,goracto,glass,exact,49,zipper,0
A,,35,502,goracto,glass,exact,49,zipper,0
A,,35,502,goracto,glass,exact,49,zipper,0
A,,35,502,goracto,glass,exact,49,zipper,0
A,,35,502,goracto,glass,exact,35,glass,1
A,,35,502,goracto,glass,exact,35,glass,1
A,,42,563,chicochicochicochico,water,category,45,water,1
A,,42,563,chicochicochicochico,water,category,45,water,1
A,,42,563,chicochicochicochico,water,category,45,water,1
A,,42,563,chicochicochicochico,water,category,45,water,1
A,,42,563,chicochicochicochico,water,category,41,tear,0
A,,42,563,chicochicochicochico,water,category,35,glass,0
A,,42,563,chicochicochicochico,water,category,35,glass,0
A,,41,522,cheea,tear,exact,45,water,0
A,,41,522,cheea,tear,exact,41,tear,1
A,,41,522,cheea,tear,exact,41,tear,1
A,,41,522,cheea,tear,exact,41,tear,1
A,,41,522,cheea,tear,exact,41,tear,1
A,,41,522,cheea,tear,exact,49,zipper,0
A,,41,522,cheea,tear,exact,35,glass,0
A,,41,522,cheea,tear,exact,35,glass,0
A,,41,522,cheea,tear,exact,35,glass,0
A,,35,502,correcto,glass,exact,45,water,0
A,,35,502,correcto,glass,exact,41,tear,0
A,,35,502,correcto,glass,exact,49,zipper,0
A,,35,502,correcto,glass,exact,49,zipper,0
A,,35,502,correcto,glass,exact,49,zipper,0
A,,35,502,correcto,glass,exact,35,glass,1
A,,35,502,correcto,glass,exact,35,glass,1
A,,35,502,correcto,glass,exact,35,glass,1
A,,35,502,correcto,glass,exact,35,glass,1
A,,42,563,chewchewshewa,water,category,45,water,1
A,,42,563,chewchewshewa,water,category,45,water,1
A,,42,563,chewchewshewa,water,category,41,tear,0
A,,42,563,chewchewshewa,water,category,41,tear,0
A,,42,563,chewchewshewa,water,category,41,tear,0
A,,42,563,chewchewshewa,water,category,41,tear,0
A,,42,563,chewchewshewa,water,category,41,tear,0
A,,42,563,chewchewshewa,water,category,41,tear,0
A,,42,563,chewchewshewa,water,category,41,tear,0
A,,42,563,chewchewshewa,water,category,41,tear,0
A,,42,563,chewchewshewa,water,category,41,tear,0
A,,47,47,growwff,zipper,category,45,water,0
A,,47,47,growwff,zipper,category,45,water,0
A,,47,47,growwff,zipper,category,41,tear,0
A,,47,47,growwff,zipper,category,41,tear,0
A,,47,47,growwff,zipper,category,49,zipper,1
A,,47,47,growwff,zipper,category,49,zipper,1
A,,47,47,growwff,zipper,category,49,zipper,1
A,,47,47,growwff,zipper,category,49,zipper,1
A,,47,47,growwff,zipper,category,49,zipper,1
A,,42,42,pushawater,water,category,45,water,1
A,,42,42,pushawater,water,category,45,water,1
A,,42,42,pushawater,water,category,45,water,1
A,,42,42,pushawater,water,category,45,water,1
A,,42,42,pushawater,water,category,49,zipper,0
A,,42,563,chochocchoocho,water,category,45,water,1
A,,42,563,chochocchoocho,water,category,45,water,1
A,,42,563,chochocchoocho,water,category,41,tear,0
A,,42,563,chochocchoocho,water,category,49,zipper,0
A,,42,563,chochocchoocho,water,category,49,zipper,0
A,,42,563,chochocchoocho,water,category,35,glass,0
A,,34,34,bubtedew,glass,category,45,water,0
A,,34,34,bubtedew,glass,category,45,water,0
A,,34,34,bubtedew,glass,category,45,water,0
A,,34,34,bubtedew,glass,category,45,water,0
A,,34,34,bubtedew,glass,category,41,tear,0
A,,34,34,bubtedew,glass,category,41,tear,0
A,,34,34,bubtedew,glass,category,41,tear,0
A,,34,34,bubtedew,glass,category,35,glass,1
A,,49,49,brip,zipper,exact,45,water,0
A,,49,49,brip,zipper,exact,45,water,0
A,,49,49,brip,zipper,exact,45,water,0
A,,49,49,brip,zipper,exact,45,water,0
A,,49,49,brip,zipper,exact,41,tear,0
A,,49,49,brip,zipper,exact,41,tear,0
A,,49,49,brip,zipper,exact,49,zipper,1
A,,49,49,brip,zipper,exact,35,glass,0
A,,35,35,clappun,glass,exact,45,water,0
A,,35,35,clappun,glass,exact,45,water,0
A,,35,35,clappun,glass,exact,35,glass,1
A,,35,35,clappun,glass,exact,35,glass,1
A,,35,35,clappun,glass,exact,35,glass,1
A,,35,35,clappun,glass,exact,35,glass,1
A,,35,35,clappun,glass,exact,35,glass,1
A,,34,34,clipapap,glass,category,45,water,0
A,,34,34,clipapap,glass,category,41,tear,0
A,,34,34,clipapap,glass,category,49,zipper,0
A,,34,34,clipapap,glass,category,49,zipper,0
A,,34,34,clipapap,glass,category,35,glass,1
A,,34,34,clipapap,glass,category,35,glass,1
A,,34,34,clipapap,glass,category,35,glass,1
A,,34,34,clipapap,glass,category,35,glass,1
A,,35,502,gorecto,glass,exact,45,water,0
A,,35,502,gorecto,glass,exact,41,tear,0
A,,35,502,gorecto,glass,exact,49,zipper,0
A,,35,502,gorecto,glass,exact,49,zipper,0
A,,35,502,gorecto,glass,exact,49,zipper,0
A,,35,502,gorecto,glass,exact,35,glass,1
A,,35,502,gorecto,glass,exact,35,glass,1
A,,35,502,gorecto,glass,exact,35,glass,1
A,,35,502,gorecto,glass,exact,35,glass,1
A,,42,42,ploosh,water,category,45,water,1
A,,42,42,ploosh,water,category,45,water,1
A,,42,42,ploosh,water,category,41,tear,0
A,,42,42,ploosh,water,category,49,zipper,0
A,,39,560,achechew,tear,category,45,water,0
A,,39,560,achechew,tear,category,45,water,0
A,,39,560,achechew,tear,category,41,tear,1
A,,39,560,achechew,tear,category,41,tear,1
A,,39,560,achechew,tear,category,41,tear,1
A,,39,560,achechew,tear,category,41,tear,1
A,,39,560,achechew,tear,category,41,tear,1
A,,39,560,achechew,tear,category,35,glass,0
A,,47,47,fizzim,zipper,category,45,water,0
A,,47,47,fizzim,zipper,category,45,water,0
A,,47,47,fizzim,zipper,category,45,water,0
A,,47,47,fizzim,zipper,category,41,tear,0
A,,47,47,fizzim,zipper,category,41,tear,0
A,,47,47,fizzim,zipper,category,49,zipper,1
A,,47,47,fizzim,zipper,category,49,zipper,1
A,,47,47,fizzim,zipper,category,49,zipper,1
A,,47,47,fizzim,zipper,category,49,zipper,1
A,,47,47,fizzim,zipper,category,49,zipper,1
A,,47,47,fizzim,zipper,category,49,zipper,1
A,,47,47,fizzim,zipper,category,49,zipper,1
A,,47,47,fizzim,zipper,category,49,zipper,1
A,,47,47,brrip,zipper,category,45,water,0
A,,47,47,brrip,zipper,category,41,tear,0
A,,47,47,brrip,zipper,category,49,zipper,1
A,,47,47,brrip,zipper,category,49,zipper,1
A,,47,47,brrip,zipper,category,49,zipper,1
A,,47,47,brrip,zipper,category,49,zipper,1
A,,47,47,brrip,zipper,category,49,zipper,1
A,,47,47,brrip,zipper,category,49,zipper,1
A,,47,47,brrip,zipper,category,49,zipper,1
A,,47,47,brrip,zipper,category,49,zipper,1
A,,47,47,brrip,zipper,category,49,zipper,1
A,,47,47,brrip,zipper,category,35,glass,0
A,,45,45,blowosh,water,exact,45,water,1
A,,45,45,blowosh,water,exact,45,water,1
A,,45,45,blowosh,water,exact,41,tear,0
A,,45,45,blowosh,water,exact,41,tear,0
A,,45,45,blowosh,water,exact,41,tear,0
A,,45,45,blowosh,water,exact,49,zipper,0
A,,39,560,a-chitch-shu,tear,category,45,water,0
A,,39,560,a-chitch-shu,tear,category,41,tear,1
A,,39,560,a-chitch-shu,tear,category,41,tear,1
A,,39,560,a-chitch-shu,tear,category,41,tear,1
A,,39,560,a-chitch-shu,tear,category,41,tear,1
A,,39,560,a-chitch-shu,tear,category,49,zipper,0
A,,39,560,a-chitch-shu,tear,category,35,glass,0
A,,39,560,a-chitch-shu,tear,category,35,glass,0
A,,42,42,foovo,water,category,45,water,1
A,,42,42,foovo,water,category,41,tear,0
A,,42,42,foovo,water,category,41,tear,0
A,,42,42,foovo,water,category,41,tear,0
A,,42,42,foovo,water,category,41,tear,0
A,,42,42,foovo,water,category,49,zipper,0
A,,42,42,foovo,water,category,49,zipper,0
A,,42,42,foovo,water,category,35,glass,0
A,,42,42,foovo,water,category,35,glass,0
A,,39,39,crisshhh,tear,category,45,water,0
A,,39,39,crisshhh,tear,category,41,tear,1
A,,39,39,crisshhh,tear,category,41,tear,1
A,,39,39,crisshhh,tear,category,49,zipper,0
A,,39,39,crisshhh,tear,category,35,glass,0
A,,39,39,crisshhh,tear,category,35,glass,0
A,,49,49,pfiph,zipper,exact,45,water,0
A,,49,49,pfiph,zipper,exact,41,tear,0
A,,49,49,pfiph,zipper,exact,41,tear,0
A,,49,49,pfiph,zipper,exact,41,tear,0
A,,49,49,pfiph,zipper,exact,41,tear,0
A,,49,49,pfiph,zipper,exact,49,zipper,1
A,,49,49,pfiph,zipper,exact,49,zipper,1
A,,49,49,pfiph,zipper,exact,49,zipper,1
A,,49,49,pfiph,zipper,exact,35,glass,0
A,,34,34,atinga,glass,category,45,water,0
A,,34,34,atinga,glass,category,49,zipper,0
A,,34,34,atinga,glass,category,49,zipper,0
A,,34,34,atinga,glass,category,49,zipper,0
A,,34,34,atinga,glass,category,49,zipper,0
A,,34,34,atinga,glass,category,35,glass,1
A,,34,34,atinga,glass,category,35,glass,1
A,,34,34,atinga,glass,category,35,glass,1
A,,34,34,atinga,glass,category,35,glass,1
A,,34,34,atinga,glass,category,35,glass,1
A,,41,41,chrrrrup,tear,exact,41,tear,1
A,,41,41,chrrrrup,tear,exact,41,tear,1
A,,41,41,chrrrrup,tear,exact,49,zipper,0
A,,49,49,fft,zipper,exact,41,tear,0
A,,49,49,fft,zipper,exact,41,tear,0
A,,49,49,fft,zipper,exact,41,tear,0
A,,49,49,fft,zipper,exact,41,tear,0
A,,49,49,fft,zipper,exact,41,tear,0
A,,49,49,fft,zipper,exact,49,zipper,1
A,,49,49,bahvup,zipper,exact,41,tear,0
A,,49,49,bahvup,zipper,exact,49,zipper,1
A,,49,49,bahvup,zipper,exact,35,glass,0
A,,49,49,bahvup,zipper,exact,35,glass,0
A,,41,522,shiyah,tear,exact,41,tear,1
A,,41,522,shiyah,tear,exact,41,tear,1
A,,41,522,shiyah,tear,exact,41,tear,1
A,,41,522,shiyah,tear,exact,35,glass,0
A,,41,522,sheah,tear,exact,41,tear,1
A,,41,522,sheah,tear,exact,41,tear,1
A,,41,522,sheah,tear,exact,41,tear,1
A,,41,522,sheah,tear,exact,41,tear,1
A,,41,522,sheah,tear,exact,41,tear,1
A,,41,522,sheah,tear,exact,49,zipper,0
A,,39,560,achechchu,tear,category,41,tear,1
A,,39,560,achechchu,tear,category,41,tear,1
A,,39,560,achechchu,tear,category,41,tear,1
A,,39,560,achechchu,tear,category,41,tear,1
A,,39,560,achechchu,tear,category,41,tear,1
A,,47,377,bveeeeeep,zipper,category,41,tear,0
A,,47,377,bveeeeeep,zipper,category,49,zipper,1
A,,47,377,bveeeeeep,zipper,category,49,zipper,1
A,,47,377,bveeeeeep,zipper,category,49,zipper,1
A,,47,377,bveeeeeep,zipper,category,35,glass,0
A,,47,377,bveeeeeep,zipper,category,35,glass,0
A,,47,377,bveeeeeep,zipper,category,35,glass,0
A,,47,377,veeeep,zipper,category,41,tear,0
A,,47,377,veeeep,zipper,category,41,tear,0
A,,47,377,veeeep,zipper,category,49,zipper,1
A,,47,377,veeeep,zipper,category,49,zipper,1
A,,47,377,veeeep,zipper,category,49,zipper,1
A,,47,377,veeeep,zipper,category,49,zipper,1
A,,47,377,veeeep,zipper,category,49,zipper,1
A,,47,377,veeeep,zipper,category,35,glass,0
A,,41,522,sheyah,tear,exact,41,tear,1
A,,41,522,sheyah,tear,exact,41,tear,1
A,,41,522,sheyah,tear,exact,41,tear,1
A,,41,522,sheyah,tear,exact,41,tear,1
A,,41,522,sheyah,tear,exact,41,tear,1
A,,41,522,sheyah,tear,exact,41,tear,1
A,,41,522,sheyah,tear,exact,41,tear,1
A,,41,522,sheyah,tear,exact,41,tear,1
A,,41,522,sheyah,tear,exact,49,zipper,0
A,,41,522,sheyah,tear,exact,35,glass,0
A,,41,41,crish,tear,exact,41,tear,1
A,,41,41,crish,tear,exact,41,tear,1
A,,41,41,crish,tear,exact,41,tear,1
A,,41,41,crish,tear,exact,41,tear,1
A,,41,41,crish,tear,exact,41,tear,1
A,,41,41,crish,tear,exact,41,tear,1
A,,41,41,crish,tear,exact,41,tear,1
A,,41,41,crish,tear,exact,49,zipper,0
A,,41,41,crish,tear,exact,35,glass,0
A,,41,41,crish,tear,exact,35,glass,0
A,,41,41,crish,tear,exact,35,glass,0
A,,42,563,chewscutcutsew,water,category,41,tear,0
A,,42,563,chewscutcutsew,water,category,41,tear,0
A,,42,563,chewscutcutsew,water,category,41,tear,0
A,,42,563,chewscutcutsew,water,category,41,tear,0
A,,42,563,chewscutcutsew,water,category,41,tear,0
A,,42,563,chewscutcutsew,water,category,35,glass,0
A,,41,41,frarr,tear,exact,41,tear,1
A,,41,41,frarr,tear,exact,41,tear,1
A,,41,41,frarr,tear,exact,41,tear,1
A,,41,41,frarr,tear,exact,41,tear,1
A,,41,41,frarr,tear,exact,49,zipper,0
A,,41,41,frarr,tear,exact,49,zipper,0
A,,39,39,clickadrag,tear,category,41,tear,1
A,,39,39,clickadrag,tear,category,41,tear,1
A,,39,39,clickadrag,tear,category,49,zipper,0
A,,39,39,clickadrag,tear,category,49,zipper,0
A,,39,39,clickadrag,tear,category,49,zipper,0
A,,39,39,clickadrag,tear,category,49,zipper,0
A,,39,39,clickadrag,tear,category,49,zipper,0
A,,39,39,clickadrag,tear,category,35,glass,0
A,,39,39,clickadrag,tear,category,35,glass,0
A,,39,39,clickadrag,tear,category,35,glass,0
A,,47,377,veeb,zipper,category,41,tear,0
A,,47,377,veeb,zipper,category,49,zipper,1
A,,47,377,veeb,zipper,category,49,zipper,1
A,,47,377,veeb,zipper,category,49,zipper,1
A,,49,505,izit,zipper,exact,41,tear,0
A,,49,505,izit,zipper,exact,49,zipper,1
A,,49,505,izit,zipper,exact,49,zipper,1
A,,49,505,izit,zipper,exact,49,zipper,1
A,,49,505,izit,zipper,exact,49,zipper,1
A,,49,505,izit,zipper,exact,49,zipper,1
A,,49,505,izit,zipper,exact,49,zipper,1
A,,49,505,izit,zipper,exact,49,zipper,1
A,,35,502,directo,glass,exact,41,tear,0
A,,35,502,directo,glass,exact,49,zipper,0
A,,35,502,directo,glass,exact,49,zipper,0
A,,35,502,directo,glass,exact,49,zipper,0
A,,35,502,directo,glass,exact,49,zipper,0
A,,35,502,directo,glass,exact,49,zipper,0
A,,35,502,directo,glass,exact,49,zipper,0
A,,35,502,directo,glass,exact,49,zipper,0
A,,35,35,clinket,glass,exact,41,tear,0
A,,35,35,clinket,glass,exact,49,zipper,0
A,,35,35,clinket,glass,exact,35,glass,1
A,,35,35,clinket,glass,exact,35,glass,1
A,,35,35,clinket,glass,exact,35,glass,1
A,,35,35,clinket,glass,exact,35,glass,1
A,,35,35,clinket,glass,exact,35,glass,1
A,,35,35,clinket,glass,exact,35,glass,1
A,,35,35,clinket,glass,exact,35,glass,1
A,,35,35,clinket,glass,exact,35,glass,1
A,,47,47,breep,zipper,category,49,zipper,1
A,,47,47,breep,zipper,category,49,zipper,1
A,,47,47,breep,zipper,category,49,zipper,1
A,,47,47,breep,zipper,category,35,glass,0
A,,47,47,breep,zipper,category,35,glass,0
A,,49,505,izzip,zipper,exact,49,zipper,1
A,,49,505,izzip,zipper,exact,49,zipper,1
A,,49,505,izzip,zipper,exact,49,zipper,1
A,,49,505,izzip,zipper,exact,49,zipper,1
A,,49,505,izzip,zipper,exact,49,zipper,1
A,,49,505,izzip,zipper,exact,49,zipper,1
A,,49,505,izzip,zipper,exact,49,zipper,1
A,,49,505,izzip,zipper,exact,49,zipper,1
A,,49,505,izzip,zipper,exact,35,glass,0
A,,49,505,iszit,zipper,exact,49,zipper,1
A,,49,505,iszit,zipper,exact,49,zipper,1
A,,49,505,iszit,zipper,exact,49,zipper,1
A,,49,505,iszit,zipper,exact,35,glass,0
A,,49,505,iszit,zipper,exact,35,glass,0
A,,49,505,izzit,zipper,exact,49,zipper,1
A,,49,505,izzit,zipper,exact,49,zipper,1
A,,49,505,izzit,zipper,exact,49,zipper,1
A,,49,505,izzit,zipper,exact,35,glass,0
A,,49,505,izzit,zipper,exact,35,glass,0
A,,49,505,izzit,zipper,exact,35,glass,0
A,,49,505,izzit,zipper,exact,35,glass,0
A,,39,39,cliflika,tear,category,35,glass,0
A,,39,39,cliflika,tear,category,35,glass,0
A,,39,39,cliflika,tear,category,35,glass,0
A,,39,39,cliflika,tear,category,35,glass,0
A,,39,39,cliflika,tear,category,35,glass,0
A,,39,39,cliflika,tear,category,35,glass,0
A,,39,39,cliflika,tear,category,35,glass,0
A,,47,377,ceep,zipper,category,35,glass,0
