V2,V3,V4,V5,V6,V7,V8,V9,V10,V11,V12,V13,V14,V15,V16,V17,V18,V19,V20,V21,V22,V23,V24,V25,V26,V27,V28,V29,V30,V31,V32,V33,V34,V35,V36,V37,V38,V39,V40,V41,Unnamed: 41
ResponseSet,Name,ExternalDataReference,EmailAddress,IPAddress,Status,StartDate,EndDate,Finished,workerId,survey,assignmentId,instructions,odd_one_out (1),odd_one_out (2),odd_one_out (3),odd_one_out (4),odd_one_out (5),odd_one_out (6),odd_one_out (7),odd_one_out (8),describe (1),describe (2),describe (3),describe (4),describe (5),describe (6),describe (7),describe (8),problems (1),problems (2),problems (3),problems (4),problems (5),problems (6),problems (7),problems (8),odd_one_out_catch,describe_catch,problems_catch,
Default Response Set,Anonymous,,,67.175.41.147,0,2016-02-29 10:38:09,2016-02-29 10:43:42,1,A1DD220SSDU5Q9,,,1,2,3,4,2,2,3,4,1,a coin or something dropping,popping sound,glasses hitting each other,car horn,phone ringing,paper ripping,water splashing around,zipper,,,,,,,,,6,piano,,
Default Response Set,Anonymous,,,24.119.10.20,0,2016-02-29 10:40:34,2016-02-29 10:44:00,1,A3D3NEQ158WUB0,,,1,2,4,4,1,2,2,4,4,coin drop,pop,hitting bottles,car horn,phone ring,tearing paper,water splash,zipper,,,,,,,,,6,piano,,
Default Response Set,Anonymous,,,75.168.90.249,0,2016-02-29 10:38:22,2016-02-29 10:45:58,1,A1WQWR5Z0J2Y42,,,1,2,3,4,2,2,1,4,4,coin drop,uncorking a bottle,bottles clanking,car horns,ringing phone,tearing paper,water splashing,zippers,,,,,,,,,6,piano,,
Default Response Set,Anonymous,,,99.21.65.32,0,2016-02-29 10:44:02,2016-02-29 10:47:01,1,A1CHC8M7CWC254,,,1,2,3,1,1,3,1,3,1,coin drop,popping bottle,glass sound,car horn,ringtone,tearing paper,water sound,a longer zip sound,,,,,,,,,6,piano,,
Default Response Set,Anonymous,,,107.15.157.110,0,2016-02-29 10:45:42,2016-02-29 10:49:36,1,A1NKBXOTZAI1YK,,,1,2,1,2,1,2,1,2,1,coin rattle,popping sounds,glasses clanking,honk,phone ring,tearing,splashing,zipping,,,,,,,,,6,banging on a pot,,
Default Response Set,Anonymous,,,71.226.54.205,0,2016-02-29 10:40:43,2016-02-29 10:52:12,1,A3US3R22I0W1QE,,,1,2,3,1,2,3,4,2,1,coin dropping,popping,clinking glass,beep,phone,tape ripping,water,zippinh,,,,,,,,,6,piano,,
Default Response Set,Anonymous,,,107.214.204.47,0,2016-02-29 10:51:46,2016-02-29 10:57:45,1,A2HSFJ1STZZGM5,,,1,1,3,1,4,2,2,4,1,something being dropped,bloops,something dropped in a glass,car horns,cell phone rings,paper being ripped,something dropped in water,zipper,,,,,,,,,6,something hitting metal,,
Default Response Set,Anonymous,,,108.38.106.188,0,2016-02-29 11:00:18,2016-02-29 11:07:44,1,A55CXM7QR7R0N,,,1,4,4,1,1,3,1,3,3,money and a ball bouncing,flick sound,something dropping in a glass,car horn,phone ring,paper ripping,splash and a thump in water,zipper,,,,,,,,,6,metal bang sound on 3 and the word piano on 1,,
Default Response Set,Anonymous,,,50.37.166.187,0,2016-02-29 11:11:20,2016-02-29 11:14:55,1,AU6ZURVHX4KPT,,,1,2,1,4,4,3,3,3,3,coins dropping,lid pop,bottles clinking,horns honking,ringing,paper tearing,water sloshing,zipper,,,,,,,,,6,piano,,
Default Response Set,Anonymous,,,66.191.92.36,0,2016-02-29 12:01:32,2016-02-29 12:05:55,1,A2RDNYV4SH5E89,,,1,2,3,2,1,3,1,4,3,Coins dropping,Popping,Bottles clattering,Car horns,Phone ringing,Paper ripping,Water,Zipper,,,,,,,,,6,Piano,,
Default Response Set,Anonymous,,,198.176.80.33,0,2016-02-29 12:04:16,2016-02-29 12:10:14,1,A2CF2BD4Q0ZDJN,,,1,2,2,4,1,2,2,3,3,coins,sounds like bottles,percussive sounds,car horns,telephone rings,scrapping,water,zippers,,,,,,,,,,piano,,
Default Response Set,Anonymous,,,108.78.220.97,0,2016-02-29 12:04:05,2016-02-29 12:10:21,1,A3N3GGRTTDFKLF,,,1,2,3,2,4,2,1,4,3,coin toss,"""popping"" sounds",jar sounds,car horns,telephones rings,scrape or tear,water sounds,zipper sounds,,,,,,,,,6,piano,,
Default Response Set,Anonymous,,,134.193.200.28,0,2016-02-29 12:08:24,2016-02-29 12:11:29,1,A2G6074KBB11TH,,,1,2,3,3,4,2,2,4,4,coin drop,cork pop,glass bottle,car horn,phone ring,tearing,water sploosh,zipper,,,,,,,,,6,piano,,
Default Response Set,Anonymous,,,128.122.70.174,0,2016-02-29 12:08:43,2016-02-29 12:12:40,1,ALXDRX72JN55G,,,1,2,1,2,2,2,1,4,3,coin dropping,pings,glass clanking,car horns,phones ringing,scraping,water splashing,zippers,1,,,,,,,,6,piano,,
Default Response Set,Anonymous,,,63.157.105.226,0,2016-02-29 12:07:00,2016-02-29 12:13:30,1,AY3JWZ1R4XVJD,,,1,3,1,1,1,3,1,2,3,coins landing,pop,glass bottles,car horns,ringtone,paper tearing,splashing water,zipper,,,,,,,,,6,piano,,
Default Response Set,Anonymous,,,107.219.126.149,0,2016-02-29 12:09:43,2016-02-29 12:13:53,1,A2YGAEODJ5SSF6,,,1,2,3,4,1,2,2,3,1,coins falling,sound effects,dropping coin in bottle,car horns,old fashioned telephone ring,tearing paper,splashing water,dogs barking,,,,,,,,,6,piano,,
Default Response Set,Anonymous,,,74.94.85.1,0,2016-02-29 12:09:59,2016-02-29 12:17:24,1,A2E746SZEOVYXS,,,1,2,1,1,2,2,4,3,2,Coins falling on a table,bottle corks,Bottles being struck,Horns,ringetones,Tearing paper,splashing water,zippers,,,,,,,,,,Piano,,
Default Response Set,Anonymous,,,73.199.237.169,0,2016-02-29 12:14:01,2016-02-29 12:17:55,1,A90JBLDKW71DX,,,1,4,3,3,4,3,4,4,4,coin drop,pop,"glasses ""clinking""",car horns,telephone ring,something ripping,water moving,zipper,,,,,,,,,6,piano,,
Default Response Set,Anonymous,,,173.163.65.1,0,2016-02-29 12:18:06,2016-02-29 12:22:26,1,A1KZRSLKACHL4D,,,1,2,3,1,1,2,3,2,2,coin drop,bounce noise,clanging,Horns blowing,phones ringing,tearing,splashing,zipper,,,,,,,,,6,piano,,
Default Response Set,Anonymous,,,207.244.76.210,0,2016-02-29 12:03:08,2016-02-29 12:22:42,1,A10H1H4FU0S098,,,1,2,3,2,2,3,4,4,3,a coin ,drum stick  sound,A toast drinks,A car horn,phone ring,tearing paper,Water splashing,a zipper,,,,,,,,,6,piano,,
Default Response Set,Anonymous,,,108.200.41.181,0,2016-02-29 12:20:09,2016-02-29 12:24:55,1,A3V55QSFT7MLRX,,,1,2,1,4,4,2,3,2,1,coins being dropped,mouth making a popping noise,pans being hit with something?,car horns,ringing,ripping paper,splashing,zipper,,,,,,,,,6,piano,,
Default Response Set,Anonymous,,,67.253.157.3,0,2016-02-29 12:24:21,2016-02-29 12:28:59,1,AUOT6UI205EDN,,,1,2,3,1,1,2,1,3,3,Coins dropping,popping corks,glasses clanking,horns honking,phones ringing,Cutting/Ripping,Waves of water,zippers,,,,,,,,,6,piano,,
Default Response Set,Anonymous,,,99.122.60.15,0,2016-02-29 12:24:52,2016-02-29 12:29:32,1,A1ZOFPPZVYQ0Z8,,,1,2,3,1,4,3,1,2,3,coin dropping,pop,ice in a glass,horn,phone ringing,ripping paper,water splashing,zipper,,,,,,,,,6,plunk,,
Default Response Set,Anonymous,,,50.46.142.162,0,2016-02-29 12:28:27,2016-02-29 12:31:22,1,A2E3TO92MCQ9XU,,,1,2,2,1,1,2,3,3,1,coin hitting a dull surface,pop,glass hitting something,car honk,phone ringing,tearing paper,water splashing,zippers,,,,,,,,,6,piano,,
Default Response Set,Anonymous,,,74.215.65.206,0,2016-02-29 12:25:33,2016-02-29 12:32:23,1,A3CVX7GHF3B65Q,,,1,2,1,2,1,2,1,3,2,dropping a coin on a table,making a popping sound with one's cheek,striking a metal object,car horns,ring tones,ripping paper,sloshing water,zipping a zipper,1,1,1,1,1,1,1,1,6,piano,,
Default Response Set,Anonymous,,,24.17.55.250,0,2016-02-29 13:04:11,2016-02-29 13:06:57,1,A3LKPARORDKLWT,,,1,2,3,1,1,2,1,3,1,dropping coins,popping bottles,rolling bottles,car horns,ringing phones,ripping paper,water and a rock dropped in water,zippers,,,,,,,,,6,someone tapping something and someone saying piano,,
Default Response Set,Anonymous,,,71.11.74.248,0,2016-02-29 13:05:08,2016-02-29 13:10:07,1,A194HYD53ONJOY,,,1,3,3,4,4,2,1,3,1,Coins hiting a hard surface.,Cork being poped,clonking,Honking,Ringing,Taping being removed.,Water splashing,Zipper,,,,,,,,,6,Piano,,
Default Response Set,Anonymous,,,72.135.108.104,0,2016-02-29 13:07:45,2016-02-29 13:10:55,1,A1X5IZPCRLL0Z7,,,1,2,1,4,4,2,3,3,3,Coins dropping,Cap popping,Glass bottles,Honking,Phone Ringing,Paper tearing,Water splashing,Zipper,,,,,,,,,6,piano,,
Default Response Set,Anonymous,,,71.121.240.127,0,2016-02-29 13:06:51,2016-02-29 13:13:23,1,A108C88FDYFHTA,,,1,2,3,2,4,2,1,3,3,coin,bottle pop,bottle,horn,phone ring,tear,water splash,zipper,,,,,,,,,6,piano,,
Default Response Set,Anonymous,,,24.55.109.96,0,2016-02-29 13:11:10,2016-02-29 13:15:38,1,A1L8EDNM7HZZAX,,,1,2,4,2,1,2,2,4,3,Coin dropped closer to the floor,Opening Cork,Trinket,Distant horns,Analog Phone,n/a,n/a,n/a,,,,,,1,1,1,6,n/a,1,
Default Response Set,Anonymous,,,198.255.145.106,0,2016-02-29 13:10:34,2016-02-29 13:15:43,1,AI73488LTDOU0,,,1,2,3,2,2,2,2,4,1,coin drop,pop,clink,horn,phone ring,paper tear,splash,zipper,,,1,,,,,,6,piano,,
Default Response Set,Anonymous,,,73.230.81.157,0,2016-02-29 13:09:31,2016-02-29 13:16:48,1,ARR3UJTM2ZGK4,,,1,2,1,1,4,2,2,3,3,a coin dropping,popping or bottle opening,something being droppin in a metal jar,horn beeping,phone ringing,paper ripping,water splashing,a zipper,,,,,,,,,6,piano,,
Default Response Set,Anonymous,,,23.252.185.196,0,2016-02-29 13:10:09,2016-02-29 13:17:51,1,A25SL6XK7FJ0OD,,,1,2,3,2,4,2,1,3,4,coin being dropped,thumpop,glass jar with marble inside,car horn,phone ringing,paper tearing,water splashing,cat hiss,,,,,,,,1,6,tinging noise,,
Default Response Set,Anonymous,,,208.87.234.202,0,2016-02-29 13:24:27,2016-02-29 13:28:09,1,A1RDRK3QTM7U96,,,1,2,3,4,1,3,1,3,1,coin dropping,bottle popping,bottle,horn,phone ringing,paper tearing,water splashing,zipper,,,,,,,,1,6,piano,,
