"chain_name","seed_id","imitation_id","text","n","is_english"
"glass",34,34,"atinga",1,0
"glass",34,34,"bubtedew",1,0
"glass",34,34,"bugongong",1,0
"glass",34,34,"clipapap",1,0
"glass",34,34,"cluclaclut",1,0
"glass",34,34,"didingdink",1,0
"glass",34,34,"oqueo",1,0
"glass",34,34,"patinka",1,0
"glass",34,34,"ta-ting-go",1,0
"glass",34,34,"ting-ding",1,0
"glass",34,34,"tintanging",1,0
"glass",34,34,"uheehu",1,0
"glass",34,524,"damnanin",1,0
"glass",34,524,"danamaynaynay",1,0
"glass",34,524,"danamememe",1,0
"glass",34,524,"dananamimi",1,0
"glass",34,524,"dananananaaann",1,0
"glass",34,524,"dananananeigh",1,0
"glass",34,524,"dananananie",1,0
"glass",34,524,"danananee",1,0
"glass",34,524,"dananeenanee",1,0
"glass",34,524,"dannananee",1,0
"glass",34,524,"dannenenene",1,0
"glass",34,524,"danninanime",1,0
"glass",34,524,"dannnnannnannmay",1,0
"glass",34,524,"daynahnaynaynay",1,0
"glass",34,524,"dehnininee",1,0
"glass",34,524,"demaningningning",1,0
"glass",34,524,"denenene",1,0
"glass",34,524,"denenenene",1,0
"glass",34,524,"denuhnuh-nehneh",1,0
"glass",34,524,"dn-n-n-nee-nee",1,0
"glass",34,533,"dundunda",3,0
"glass",34,533,"da da da",1,0
"glass",34,533,"dadada",1,0
"glass",34,533,"dadadaaa",1,0
"glass",34,533,"dududah",1,0
"glass",34,533,"duh duh daw",1,0
"glass",34,533,"duhduhduh",1,0
"glass",34,533,"duhnduhnda",1,0
"glass",34,533,"dumbdat",1,0
"glass",34,533,"dumdunta",1,0
"glass",34,533,"dumpty",1,0
"glass",34,533,"dun dun da",1,0
"glass",34,533,"dun-dun-dah",1,0
"glass",34,533,"dun-dun-duh",1,0
"glass",34,533,"dunduh",1,0
"glass",34,533,"dundundah",1,0
"glass",34,533,"dundundao",1,0
"glass",34,533,"dundunduh",1,0
"glass",34,533,"dundunta",1,0
"glass",34,538,"da-ti-ti-tic",1,0
"glass",34,538,"daatt tiitititititi",1,0
"glass",34,538,"datadta",1,0
"glass",34,538,"deetdedededeet",1,0
"glass",34,538,"detetete",1,0
"glass",34,538,"didedede",1,0
"glass",34,538,"didududi",1,0
"glass",34,538,"dihdihdihdih",1,0
"glass",34,538,"dit dededit",1,0
"glass",34,538,"ditclchclchclchclch",1,0
"glass",34,538,"ditdidididiw",1,0
"glass",34,538,"ditditiditditdit",1,0
"glass",34,538,"ditduthiditdit",1,0
"glass",34,538,"dootditditdootdit",1,0
"glass",34,538,"duttatooto",1,0
"glass",34,538,"ghut",1,0
"glass",34,538,"gkkk",1,0
"glass",34,538,"gutututut",1,0
"glass",34,538,"kehtshehtshetshehtsheh",1,0
"glass",34,538,"qwuckdikadikick",1,0
"glass",34,538,"suhdidid",1,0
"glass",34,538,"tahtatatata",1,0
"glass",34,538,"teh tuhtuhtuh teh",1,0
"glass",34,538,"tic-kiki-kiki",1,0
"glass",34,538,"tich",1,0
"glass",34,538,"too-tu-tu-tu-tu",1,0
"glass",34,544,"blahblahblah",2,0
"glass",34,544,"ablablablablah",1,0
"glass",34,544,"blablabla",1,0
"glass",34,544,"blablablablabla",1,0
"glass",34,544,"blahabang",1,0
"glass",34,544,"blahblahblahblahblah",1,0
"glass",34,544,"blay",1,0
"glass",34,544,"bluh bluh bluh bluh bluh",1,0
"glass",34,544,"bluhbluhbluhbluhbluh",1,0
"glass",34,544,"chchrayblablablablablaheytoldyatapethelapdogreadytogo",1,0
"glass",34,544,"falithayblahblahblahblah",1,0
"glass",34,544,"fff pla blah blah blah blah",1,0
"glass",34,544,"fray-blahh",1,0
"glass",34,544,"fwishfwishmayblahblahblahblah",1,0
"glass",34,544,"heyblablablablaheytoldyououtsidelotdogreadytogo",1,0
"glass",34,544,"heyshhhblablablabla",1,0
"glass",34,544,"maah blababablaba",1,0
"glass",34,544,"mayblablabla",1,0
"glass",34,544,"meeehhh bla bla bla bla",1,0
"glass",34,544,"meh babla-wawa",1,0
"glass",34,544,"mehhh blah blah blah",1,0
"glass",34,544,"pffreebeepblahblablablablatowtrucksattheloty'allreadytogo",1,0
"glass",34,544,"rorbababago",1,0
"glass",34,566,"dundunda",9,0
"glass",34,566,"dundundah",2,0
"glass",34,566,"dundunduh",2,0
"glass",34,566,"dahduhda",1,0
"glass",34,566,"duh duh dah",1,0
"glass",34,566,"dun dun dah",1,0
"glass",34,566,"dun-du-dah",1,0
"glass",34,566,"dunduhduh",1,0
"glass",34,566,"dundunta",1,0
"glass",34,566,"tantata",1,0
"glass",34,566,"temthemda",1,0
"glass",34,566,"tunduntah",1,0
"glass",35,35,"breetu",1,0
"glass",35,35,"clappun",1,0
"glass",35,35,"clinket",1,0
"glass",35,35,"cribbett",1,0
"glass",35,35,"eeka",1,0
"glass",35,35,"grink",1,0
"glass",35,35,"ka-tick",1,0
"glass",35,35,"katink",1,0
"glass",35,35,"klak",1,0
"glass",35,35,"klickitt",1,0
"glass",35,35,"klika",1,0
"glass",35,35,"kricht",1,0
"glass",35,35,"likop",1,0
"glass",35,502,"goracto",5,0
"glass",35,502,"gorecto",3,0
"glass",35,502,"correcto",2,0
"glass",35,502,"directo",2,0
"glass",35,502,"dorakdo",1,0
"glass",35,502,"garecto",1,0
"glass",35,502,"garratto",1,0
"glass",35,502,"garrotto",1,0
"glass",35,502,"gorakdoh",1,0
"glass",35,502,"gorato",1,0
"glass",35,502,"gorcto",1,0
"glass",35,502,"gordato",1,0
"glass",35,502,"gorracto",1,0
"glass",35,502,"roracto",1,0
"glass",35,502,"ygoradtdo",1,0
"glass",35,516,"chrech droawl",1,0
"glass",35,516,"ckriii- kkkraaa",1,0
"glass",35,516,"creacrooww",1,0
"glass",35,516,"creekahh",1,0
"glass",35,516,"creik ya",1,0
"glass",35,516,"crkt drrauh",1,0
"glass",35,516,"crunchah",1,0
"glass",35,516,"grrrcraah",1,0
"glass",35,516,"kehwaahan",1,0
"glass",35,516,"kroar",1,0
"glass",35,516,"pft-wraat",1,0
"glass",35,516,"psshgraa",1,0
"glass",35,516,"pwilk-plah",1,0
"glass",35,516,"rackgluhuh",1,0
"glass",35,516,"reverse lugy spit",1,0
"glass",35,520,"mmmmmmmm",2,0
"glass",35,520,"ehn",1,0
"glass",35,520,"emmmmmm",1,0
"glass",35,520,"mhmm",1,0
"glass",35,520,"mmgh",1,0
"glass",35,520,"mmm",1,0
"glass",35,520,"mmmmh",1,0
"glass",35,520,"mmmmm",1,0
"glass",35,520,"mmmmmm",1,0
"glass",35,520,"mmmmmmmmmm",1,0
"glass",35,520,"mmmmmmmmmmmm",1,0
"glass",35,520,"mmmmmmmmmmmmum",1,0
"glass",35,520,"mmmuhuh",1,0
"glass",35,520,"mmunm",1,0
"glass",35,520,"mrrrrreerrr",1,0
"glass",35,520,"nmmmnnn",1,0
"glass",35,520,"nnnn",1,0
"glass",35,520,"nnnng",1,0
"glass",35,520,"nnnnnn",1,0
"glass",35,520,"nnnnnuh",1,0
"glass",35,520,"saydasausageummmum",1,0
"glass",35,520,"tinkn",1,0
"glass",35,520,"uhnnnnn",1,0
"glass",35,520,"ummmmmm",1,0
"glass",35,520,"ummum",1,0
"glass",35,520,"unnnnmmm",1,0
"glass",35,554,"rantant",2,0
"glass",35,554,"reh-eh",2,0
"glass",35,554,"reheh",2,0
"glass",35,554,"brah-ant",1,0
"glass",35,554,"losenoise",1,0
"glass",35,554,"raaaant-aaant",1,0
"glass",35,554,"rah-eh",1,0
"glass",35,554,"rahe",1,0
"glass",35,554,"raheuh",1,0
"glass",35,554,"rahh-ahh",1,0
"glass",35,554,"rant-ant",1,0
"glass",35,554,"re-eh",1,0
"glass",35,554,"reanean",1,0
"glass",35,554,"reant ent",1,0
"glass",35,554,"redit",1,0
"glass",35,554,"reenteent",1,0
"glass",35,554,"reh eh",1,0
"glass",35,554,"reheanhh",1,0
"glass",35,554,"reint",1,0
"glass",35,554,"renit",1,0
"glass",35,554,"rentehh",1,0
"glass",35,554,"ri-ih",1,0
"glass",35,554,"riheh",1,0
"glass",35,554,"rit it",1,0
"glass",35,554,"weye-eh",1,0
"glass",35,554,"wret-et",1,0
"glass",36,36,"tink",2,0
"glass",36,36,"chank",1,0
"glass",36,36,"cleek",1,0
"glass",36,36,"cliq",1,0
"glass",36,36,"cucked",1,0
"glass",36,36,"dink",1,0
"glass",36,36,"glassbonk",1,0
"glass",36,36,"kading",1,0
"glass",36,36,"kaplink",1,0
"glass",36,36,"kerk",1,0
"glass",36,36,"titit",1,0
"glass",36,36,"tl",1,0
"glass",36,36,"tling",1,0
"glass",36,36,"tlink",1,0
"glass",36,36,"tsink",1,0
"glass",36,556,"weeoo",2,0
"glass",36,556,"weeooh",2,0
"glass",36,556,"weyou",2,0
"glass",36,556,"wayew",1,0
"glass",36,556,"wayio",1,0
"glass",36,556,"wayo",1,0
"glass",36,556,"wayoh",1,0
"glass",36,556,"wayoo",1,0
"glass",36,556,"wayyo",1,0
"glass",36,556,"wee-eew",1,0
"glass",36,556,"weeoh",1,0
"glass",36,556,"weeohhh",1,0
"glass",36,556,"weewoo",1,0
"glass",36,556,"weeyo",1,0
"glass",36,556,"weeyoo",1,0
"glass",36,556,"weeyou",1,0
"glass",36,556,"weiyo",1,0
"glass",36,556,"wheeoooh",1,0
"glass",36,556,"wiyou",1,0
"glass",37,37,"dink",2,0
"glass",37,37,"tink",2,0
"glass",37,37,"buink",1,0
"glass",37,37,"claink",1,0
"glass",37,37,"climpk",1,0
"glass",37,37,"clinksha",1,0
"glass",37,37,"diunk",1,0
"glass",37,37,"glink",1,0
"glass",37,37,"ignk",1,0
"glass",37,37,"kling",1,0
"glass",37,37,"pingg",1,0
"glass",37,37,"tingk",1,0
"glass",37,37,"tronk",1,0
"glass",37,37,"tunck",1,0
"glass",37,562,"guroak",2,0
"glass",37,562,"baroke",1,0
"glass",37,562,"bbbrrrroookkkee",1,0
"glass",37,562,"betwoolrullelk",1,0
"glass",37,562,"brrroke",1,0
"glass",37,562,"brrrokuh",1,0
"glass",37,562,"brrrr-oke",1,0
"glass",37,562,"brrrr-roke",1,0
"glass",37,562,"brrrrroke",1,0
"glass",37,562,"brrrrrrroke",1,0
"glass",37,562,"burroke",1,0
"glass",37,562,"grrohak",1,0
"glass",37,562,"mrope",1,0
"glass",37,562,"orump",1,0
"glass",37,562,"tuh urwoah tuh",1,0
"glass",37,562,"varroak",1,0
"glass",37,562,"veroke",1,0
"glass",37,562,"vrrroke",1,0
"glass",37,562,"weroake",1,0
"glass",37,562,"werrock",1,0
"glass",37,562,"whurrult",1,0
"tear",38,38,"bishuw",1,0
"tear",38,38,"buyik",1,0
"tear",38,38,"creech",1,0
"tear",38,38,"crizzz",1,0
"tear",38,38,"crrrick",1,0
"tear",38,38,"crruuuh",1,0
"tear",38,38,"iip",1,0
"tear",38,38,"kafrip",1,0
"tear",38,38,"knssss",1,0
"tear",38,38,"korowhe-re",1,0
"tear",38,38,"kqui",1,0
"tear",38,38,"phhhhhhiiiiii",1,0
"tear",38,38,"pllllllllllllll",1,0
"tear",38,38,"psuu-uhit",1,0
"tear",38,38,"qwwurrrp",1,0
"tear",38,38,"skarp",1,0
"tear",38,38,"skrit",1,0
"tear",38,38,"ssssrrip",1,0
"tear",38,38,"tdizuuit",1,0
"tear",38,38,"wrrrrrruuurrrrrrrrrrrrrriiippppppppppp",1,0
"tear",38,38,"zazee",1,0
"tear",38,38,"ztlulllra",1,0
"tear",38,38,"zzzzip",1,0
"tear",38,38,"zzzzuhrrrip",1,0
"tear",38,552,"chh chh",2,0
"tear",38,552,"ch-shhh ch-shhh",1,0
"tear",38,552,"chchh",1,0
"tear",38,552,"cheecheea",1,0
"tear",38,552,"cheehcheeh",1,0
"tear",38,552,"chh-chh",1,0
"tear",38,552,"chhchh",1,0
"tear",38,552,"chhhee chhhee",1,0
"tear",38,552,"chhhhchhhh",1,0
"tear",38,552,"chhhheatchhhheat",1,0
"tear",38,552,"chhhhtchhhht",1,0
"tear",38,552,"schee",1,0
"tear",38,552,"schuit",1,0
"tear",38,552,"shish",1,0
"tear",38,552,"shishi",1,0
"tear",38,552,"shtcht",1,0
"tear",38,552,"steambrake",1,0
"tear",38,552,"tashhht",1,0
"tear",39,39,"clickadrag",1,0
"tear",39,39,"cliflika",1,0
"tear",39,39,"crisshhh",1,0
"tear",39,39,"kitzee",1,0
"tear",39,39,"kizzle",1,0
"tear",39,39,"kuhssssssuit",1,0
"tear",39,39,"kuhzip",1,0
"tear",39,39,"kureep",1,0
"tear",39,39,"kushhh",1,0
"tear",39,39,"kuuhuhuu",1,0
"tear",39,39,"richipit",1,0
"tear",39,39,"shrish",1,0
"tear",39,39,"stusstt",1,0
"tear",39,39,"tarip",1,0
"tear",39,39,"tashir",1,0
"tear",39,510,"*click*ah-chh-chh-chhooo",1,0
"tear",39,510,"a-ch-ch-ewwwww",1,0
"tear",39,510,"ach-ch-choew",1,0
"tear",39,510,"achechecheww",1,0
"tear",39,510,"acheecheeoooo",1,0
"tear",39,510,"achew",1,0
"tear",39,510,"achhh shhh shhuuuu",1,0
"tear",39,510,"achichechou",1,0
"tear",39,510,"achichish",1,0
"tear",39,510,"achooachooachooachoo",1,0
"tear",39,510,"achoochooshooo",1,0
"tear",39,510,"achoshoo",1,0
"tear",39,510,"ahchuchuchuu",1,0
"tear",39,510,"ahtscheetscheeeoooo",1,0
"tear",39,510,"aschooschooschooh",1,0
"tear",39,510,"bademachechesheueu",1,0
"tear",39,510,"echhuuu chuuuu chuuuuu",1,0
"tear",39,510,"hachoochoochoooo",1,0
"tear",39,510,"huchuchuew",1,0
"tear",39,510,"huh-cheh-cheh-sheeoohw",1,0
"tear",39,510,"kadunkacshooshoooo",1,0
"tear",39,510,"phutta-achoochoochoooo",1,0
"tear",39,537,"chouchouchouchou",1,0
"tear",39,537,"clchclchclchclchww",1,0
"tear",39,537,"crkshrooshrooshroo",1,0
"tear",39,537,"fuiwuiwuiwui",1,0
"tear",39,537,"ktchktchktchktch",1,0
"tear",39,537,"kwkwekwkwkwe",1,0
"tear",39,537,"mouthgunshots",1,0
"tear",39,537,"pewpewpew",1,0
"tear",39,537,"phewphewphew",1,0
"tear",39,537,"pish",1,0
"tear",39,537,"piwilwilwil",1,0
"tear",39,537,"pshewpshewpshewpshew",1,0
"tear",39,537,"pshpshpshpshew",1,0
"tear",39,537,"qqqqqsh",1,0
"tear",39,537,"quish",1,0
"tear",39,537,"scrcrcrcr",1,0
"tear",39,537,"shoshosho",1,0
"tear",39,537,"whewhewhewheww",1,0
"tear",39,537,"whishy-washy",1,0
"tear",39,543,"cheeoooo",1,0
"tear",39,543,"cheeuyoooough",1,0
"tear",39,543,"cheume",1,0
"tear",39,543,"chewallll",1,0
"tear",39,543,"chhh-kkoooooo",1,0
"tear",39,543,"chhooo",1,0
"tear",39,543,"chooah",1,0
"tear",39,543,"choooo",1,0
"tear",39,543,"chooooq",1,0
"tear",39,543,"choow",1,0
"tear",39,543,"choowww",1,0
"tear",39,543,"chou",1,0
"tear",39,543,"chouce",1,0
"tear",39,543,"chouroue",1,0
"tear",39,543,"chouuuw",1,0
"tear",39,543,"chuuuu",1,0
"tear",39,543,"kkkaachoooo",1,0
"tear",39,543,"phew-phew",1,0
"tear",39,543,"qqcchhooooo",1,0
"tear",39,543,"scheeew",1,0
"tear",39,543,"schoock",1,0
"tear",39,543,"schooooo",1,0
"tear",39,543,"schrooohhhhh",1,0
"tear",39,543,"schwooooosh",1,0
"tear",39,543,"sheekooh",1,0
"tear",39,543,"shhhhhewwwwww",1,0
"tear",39,543,"shoosht",1,0
"tear",39,543,"shrooom",1,0
"tear",39,543,"sqqrrr",1,0
"tear",39,543,"tchew",1,0
"tear",39,543,"tchooohh",1,0
"tear",39,543,"tchyuuuhuuu",1,0
"tear",39,543,"tschoooh",1,0
"tear",39,543,"tschwooooooooo",1,0
"tear",39,543,"tsuuunquuuu",1,0
"tear",39,560,"a chechyu",1,0
"tear",39,560,"a-chitch-shu",1,0
"tear",39,560,"achechchu",1,0
"tear",39,560,"achechew",1,0
"tear",39,560,"achechhh-shu",1,0
"tear",39,560,"achechsshshshshoooo",1,0
"tear",39,560,"achechu",1,0
"tear",39,560,"achedtshhhooo",1,0
"tear",39,560,"achetshooo",1,0
"tear",39,560,"achetshue",1,0
"tear",39,560,"achetssue",1,0
"tear",39,560,"achichoo",1,0
"tear",39,560,"achichuwe",1,0
"tear",39,560,"achishoe",1,0
"tear",39,560,"achitchu",1,0
"tear",39,560,"ahchich-choo",1,0
"tear",39,560,"ashechechu",1,0
"tear",39,560,"atitchoo",1,0
"tear",39,560,"attetchuw",1,0
"tear",39,560,"ititchum",1,0
"tear",39,560,"pachechu",1,0
"tear",40,40,"slup",2,0
"tear",40,40,"*crrrrrrrrck*",1,0
"tear",40,40,"cree",1,0
"tear",40,40,"fipt",1,0
"tear",40,40,"meoupp",1,0
"tear",40,40,"palith",1,0
"tear",40,40,"qrrrrpp",1,0
"tear",40,40,"rappp",1,0
"tear",40,40,"rrrppppppppppp",1,0
"tear",40,40,"schlooip",1,0
"tear",40,40,"scrit",1,0
"tear",40,40,"shripp",1,0
"tear",40,40,"shweee",1,0
"tear",40,40,"shwert",1,0
"tear",40,40,"shwoi",1,0
"tear",40,40,"slurss",1,0
"tear",40,40,"visssh",1,0
"tear",40,559,"schoo",2,0
"tear",40,559,"cheoo",1,0
"tear",40,559,"chhhhhheeeeeee-oo",1,0
"tear",40,559,"chhhhhhewwwe",1,0
"tear",40,559,"chiew",1,0
"tear",40,559,"schew",1,0
"tear",40,559,"schooo",1,0
"tear",40,559,"schoop",1,0
"tear",40,559,"schwish",1,0
"tear",40,559,"sheeeeeooowwooo",1,0
"tear",40,559,"sheeew",1,0
"tear",40,559,"sheeou",1,0
"tear",40,559,"sheero",1,0
"tear",40,559,"sheuw",1,0
"tear",40,559,"shhhew",1,0
"tear",40,559,"shhhheww",1,0
"tear",40,559,"shhhhheeeeooow",1,0
"tear",40,559,"shhhhhoooooooo",1,0
"tear",40,559,"shiiiiiyew",1,0
"tear",40,559,"shirw",1,0
"tear",40,559,"sssshhhhhheeeeeeoooo",1,0
"tear",40,559,"ssssssssshhhhhooooooo",1,0
"tear",40,559,"ticshew",1,0
"tear",40,559,"whooser",1,0
"tear",40,567,"bdumdum schweww dum",1,0
"tear",40,567,"heyeew",1,0
"tear",40,567,"hwuh",1,0
"tear",40,567,"kheeyouh",1,0
"tear",40,567,"kkkaou",1,0
"tear",40,567,"pheew",1,0
"tear",40,567,"phshhhhho",1,0
"tear",40,567,"sheeow",1,0
"tear",40,567,"shewp",1,0
"tear",40,567,"sssheeeoooh",1,0
"tear",40,567,"thunk thum sheeeooowh",1,0
"tear",40,567,"weefwweeeooo",1,0
"tear",40,567,"wheeeeeew",1,0
"tear",40,567,"wheuw",1,0
"tear",40,567,"whewww",1,0
"tear",40,567,"whihhhh",1,0
"tear",40,567,"whoo",1,0
"tear",40,567,"woohhhhh",1,0
"tear",41,41,"chraw",1,0
"tear",41,41,"chrrrrup",1,0
"tear",41,41,"crish",1,0
"tear",41,41,"frarr",1,0
"tear",41,41,"gweeshhhht",1,0
"tear",41,41,"huhwish",1,0
"tear",41,41,"pfff",1,0
"tear",41,41,"pufft",1,0
"tear",41,41,"rrrrip",1,0
"tear",41,41,"schwoo",1,0
"tear",41,41,"sheerk",1,0
"tear",41,41,"shhhher",1,0
"tear",41,41,"shrash",1,0
"tear",41,41,"ssscrrriii",1,0
"tear",41,41,"zeeeep",1,0
"tear",41,514,"saowoh",1,0
"tear",41,514,"sewww",1,0
"tear",41,514,"soahoooo",1,0
"tear",41,514,"sohhh",1,0
"tear",41,514,"sooo....",1,0
"tear",41,514,"sooooo",1,0
"tear",41,514,"soooooh",1,0
"tear",41,514,"sooooooo",1,0
"tear",41,514,"sooow",1,0
"tear",41,514,"suhn",1,0
"tear",41,514,"summ",1,0
"tear",41,514,"suub",1,0
"tear",41,522,"sheah",3,0
"tear",41,522,"sheyah",2,0
"tear",41,522,"shiyah",2,0
"tear",41,522,"cheea",1,0
"tear",41,522,"cheeaa",1,0
"tear",41,522,"cheeyah",1,0
"tear",41,522,"chia",1,0
"tear",41,522,"schiya",1,0
"tear",41,522,"sheay",1,0
"tear",41,522,"sheeaa",1,0
"tear",41,522,"sheeeaaah",1,0
"tear",41,522,"sheeya",1,0
"tear",41,522,"sheeyaa",1,0
"tear",41,522,"sheya",1,0
"tear",41,522,"shiiaap",1,0
"tear",41,522,"shiyaab",1,0
"tear",41,522,"tchiah",1,0
"tear",41,527,"shhhh",3,0
"tear",41,527,"shhhhh",3,0
"tear",41,527,"shhhhhh",3,0
"tear",41,527,"shhhhhhh",2,0
"tear",41,527,"shhhhhhhhhhh",2,0
"tear",41,527,"pshuh",1,0
"tear",41,527,"psshhhh",1,0
"tear",41,527,"sheeshee",1,0
"tear",41,527,"shhe",1,0
"tear",41,527,"shhh",1,0
"tear",41,527,"shhhhhhhhh",1,0
"tear",41,527,"shhhhhhhhhhhh",1,0
"tear",41,527,"shhhhhhhhhhhhhh",1,0
"tear",41,527,"shshshshshshshshs",1,0
"tear",41,527,"sshhhh",1,0
"tear",41,527,"sssshhh",1,0
"tear",41,527,"ssssshhhhhh",1,0
"tear",41,546,"dum tss dum",1,0
"tear",41,546,"dunkszs",1,0
"tear",41,546,"ffef",1,0
"tear",41,546,"fussshhh",1,0
"tear",41,546,"hassses",1,0
"tear",41,546,"hissy",1,0
"tear",41,546,"shishshi",1,0
"tear",41,546,"shsas",1,0
"tear",41,546,"sii",1,0
"tear",41,546,"sisss",1,0
"tear",41,546,"sizs",1,0
"tear",41,546,"sprizzle",1,0
"tear",41,546,"ssekk",1,0
"tear",41,546,"ssss",1,0
"tear",41,546,"ssssss",1,0
"tear",41,546,"sssssssss",1,0
"tear",41,546,"ssssssssss",1,0
"tear",41,546,"sssssssstttppp",1,0
"tear",41,546,"ssssst",1,0
"tear",41,546,"su-iss",1,0
"tear",41,546,"suddip",1,0
"tear",41,546,"suhhhh",1,0
"tear",41,546,"suss",1,0
"tear",41,546,"tshhh",1,0
"tear",41,546,"tss",1,0
"tear",41,546,"tsssssp",1,0
"tear",41,546,"tsssssseeee",1,0
"tear",41,546,"tssssssss",1,0
"water",42,42,"blorgh",1,0
"water",42,42,"foovo",1,0
"water",42,42,"ploosh",1,0
"water",42,42,"pushawater",1,0
"water",42,42,"shplush",1,0
"water",42,42,"splooaoo",1,0
"water",42,42,"sploonge",1,0
"water",42,42,"splowsh",1,0
"water",42,42,"spluush",1,0
"water",42,42,"uluup",1,0
"water",42,42,"wellow",1,0
"water",42,42,"wishaz",1,0
"water",42,518,"everlutia",2,0
"water",42,518,"inverlusia",2,0
"water",42,518,"eaverlusha",1,0
"water",42,518,"eeverlusha",1,0
"water",42,518,"eeverlutier",1,0
"water",42,518,"evalusha",1,0
"water",42,518,"everlucia",1,0
"water",42,518,"everlusha",1,0
"water",42,518,"evolusha",1,0
"water",42,518,"evolutia",1,0
"water",42,518,"inverlusha",1,0
"water",42,518,"inverlushia",1,0
"water",42,531,"ahvuurh",1,0
"water",42,531,"aluhuhuh",1,0
"water",42,531,"ammmmrrr",1,0
"water",42,531,"amnolaww",1,0
"water",42,531,"amorp",1,0
"water",42,531,"amuutt",1,0
"water",42,531,"amvrr",1,0
"water",42,531,"arguma",1,0
"water",42,531,"brrrrp",1,0
"water",42,531,"cadnou",1,0
"water",42,531,"cuturrup",1,0
"water",42,531,"hummnurrurrurrh",1,0
"water",42,531,"i'm nurut",1,0
"water",42,531,"murrrp",1,0
"water",42,531,"omnamah",1,0
"water",42,531,"omnerver",1,0
"water",42,563,"chewchewshewa",1,0
"water",42,563,"chewscutcutsew",1,0
"water",42,563,"chicochicochicochico",1,0
"water",42,563,"chochocchoocho",1,0
"water",42,563,"chochochocho",1,0
"water",42,563,"chockakaka",1,0
"water",42,563,"chogugoshcheoo",1,0
"water",42,563,"choochoochoochoo",1,0
"water",42,563,"choooo chooo chooo choooo",1,0
"water",42,563,"chooskoochoo",1,0
"water",42,563,"chu-chu-chu-chu",1,0
"water",42,563,"chuchuchuchu",1,0
"water",42,563,"chuckchuckchukchu",1,0
"water",42,563,"chunshumchunshum",1,0
"water",42,563,"gshoogshoogshoogshoo",1,0
"water",42,563,"luck ju ju ju ju luck",1,0
"water",42,563,"schgoschgoschgoscho",1,0
"water",42,563,"shoshopchuchu",1,0
"water",42,563,"shuckchuchuyukchu",1,0
"water",42,563,"yodumbdumbshoe",1,0
"water",42,563,"zhoezhoezhoezhoe",1,0
"water",43,43,"*splishsplashsplishsplishsplash*",1,0
"water",43,43,"chechu",1,0
"water",43,43,"dshhh",1,0
"water",43,43,"fleeflyflitflitflitflower",1,0
"water",43,43,"flewell",1,0
"water",43,43,"grhhh gru gru gru",1,0
"water",43,43,"hihwll-hih-hih-hih",1,0
"water",43,43,"kersplashitysplash",1,0
"water",43,43,"sflsssssssshssssssssh",1,0
"water",43,43,"shhhlllllrrr",1,0
"water",43,43,"shhpsh",1,0
"water",43,43,"shshsh",1,0
"water",43,43,"spew-pew",1,0
"water",43,43,"spliliruln",1,0
"water",43,43,"splishylash",1,0
"water",43,43,"sploosh",1,0
"water",43,43,"splosh",1,0
"water",43,43,"splursh",1,0
"water",43,43,"swimly",1,0
"water",43,43,"trinkle",1,0
"water",43,43,"wawas",1,0
"water",43,43,"whhwhhwhhwhh",1,0
"water",43,43,"wooshhwooosh",1,0
"water",43,43,"wwowora",1,0
"water",43,511,"cheewpeepeepyuhpyuh",1,0
"water",43,511,"cheiopshpshcheiopsh",1,0
"water",43,511,"cheow",1,0
"water",43,511,"chew spish spiw spew spiw",1,0
"water",43,511,"cuepeeshpeeshcuepew",1,0
"water",43,511,"cuepsstpsstpeupeu",1,0
"water",43,511,"cxewpepeecxhewcxhew",1,0
"water",43,511,"keeyupshpshpwepwew",1,0
"water",43,511,"kew peepee keepew",1,0
"water",43,511,"kewpshpshkewpew",1,0
"water",43,511,"kewspeespeepewpew",1,0
"water",43,511,"kiwphsphspuwpuw",1,0
"water",43,511,"pchewpchew",1,0
"water",43,511,"pewpeshpeshdepew",1,0
"water",43,511,"pewpew",1,0
"water",43,511,"pewpewpewpewpew",1,0
"water",43,511,"pewpsheepsheepewphew",1,0
"water",43,511,"schwoowpschepscheschwoowpew",1,0
"water",43,511,"shcewpeepeew",1,0
"water",43,511,"tschoopsheepsheeetschoo",1,0
"water",43,564,"shewshewshewshew",3,0
"water",43,564,"pheshew",1,0
"water",43,564,"phewphew",1,0
"water",43,564,"rocketspell",1,0
"water",43,564,"schewschew",1,0
"water",43,564,"schwewew",1,0
"water",43,564,"sheoo",1,0
"water",43,564,"sheow",1,0
"water",43,564,"shhh shhh shhh",1,0
"water",43,564,"shhoushou",1,0
"water",43,564,"shoel shoel",1,0
"water",43,564,"shooshoo",1,0
"water",43,564,"shooshooshooshoo",1,0
"water",43,564,"shwee",1,0
"water",43,564,"shwoo shwoo shwoo shwoo",1,0
"water",43,564,"shwshw",1,0
"water",43,564,"swishwo swishwo swishwo swishwo",1,0
"water",43,564,"thunk sheeoh-sheeoh sheeoh-sheeoh thump",1,0
"water",43,564,"weeeshwew",1,0
"water",44,44,"bloosh",1,0
"water",44,44,"curplunk",1,0
"water",44,44,"glunk",1,0
"water",44,44,"guplunk",1,0
"water",44,44,"kaplunk",1,0
"water",44,44,"kerplunk",1,0
"water",44,44,"kuflint",1,0
"water",44,44,"pasplooshh",1,0
"water",44,44,"perspulass",1,0
"water",44,44,"ploosh",1,0
"water",44,44,"plurp",1,0
"water",44,44,"psyoink",1,0
"water",44,44,"spawa",1,0
"water",44,44,"spfllfluutttia",1,0
"water",44,44,"splish",1,0
"water",44,44,"sploop",1,0
"water",44,44,"sploosh",1,0
"water",44,44,"splosh",1,0
"water",44,44,"splursh",1,0
"water",44,44,"splusha",1,0
"water",44,44,"spluuu",1,0
"water",44,44,"woopishwoo",1,0
"water",44,506,"chuchu",3,0
"water",44,506,"choochoo",2,0
"water",44,506,"bulletwhiz",1,0
"water",44,506,"cheau cheau",1,0
"water",44,506,"chewchew",1,0
"water",44,506,"chocho",1,0
"water",44,506,"chooh-chooh",1,0
"water",44,506,"choomp choomp",1,0
"water",44,506,"choop",1,0
"water",44,506,"choopchoop",1,0
"water",44,506,"tchooptchoop",1,0
"water",44,506,"tschootschooo",1,0
"water",44,515,"mowa",2,0
"water",44,515,"mowah",2,0
"water",44,515,"*thud*maowrrah",1,0
"water",44,515,"bauwan",1,0
"water",44,515,"climaowa",1,0
"water",44,515,"maaaahrrraaaaaahhh",1,0
"water",44,515,"malwap",1,0
"water",44,515,"maowa",1,0
"water",44,515,"maowat",1,0
"water",44,515,"marewgh",1,0
"water",44,515,"mawa",1,0
"water",44,515,"mawaa",1,0
"water",44,515,"mawawah",1,0
"water",44,515,"mawrah",1,0
"water",44,515,"meo romp",1,0
"water",44,515,"merah",1,0
"water",44,515,"miowa",1,0
"water",44,515,"mmarwah",1,0
"water",44,515,"mooowrrraa",1,0
"water",44,515,"mow-eh",1,0
"water",44,515,"mowahy",1,0
"water",44,515,"mowat",1,0
"water",44,515,"moweh",1,0
"water",44,515,"mowewhah",1,0
"water",44,515,"mowow",1,0
"water",44,515,"mowrow",1,0
"water",44,515,"mowwa",1,0
"water",44,515,"mowwan",1,0
"water",44,515,"mowweh",1,0
"water",44,515,"mowwit",1,0
"water",44,515,"mowwow",1,0
"water",44,515,"mrowann",1,0
"water",44,523,"chhewah",1,0
"water",44,523,"chschsch",1,0
"water",44,523,"churue",1,0
"water",44,523,"chuwowe",1,0
"water",44,523,"fewweh",1,0
"water",44,523,"haafa",1,0
"water",44,523,"haawaa",1,0
"water",44,523,"howat",1,0
"water",44,523,"psssht",1,0
"water",44,523,"psssslrraan",1,0
"water",44,523,"shehyah",1,0
"water",44,523,"shh-wshh",1,0
"water",44,523,"shhewht",1,0
"water",44,523,"shhhshah",1,0
"water",44,523,"shhuwsh",1,0
"water",44,523,"shiushwa",1,0
"water",44,523,"shsuh",1,0
"water",44,523,"shuueeeh",1,0
"water",44,523,"sssselsuw",1,0
"water",44,523,"steambreath",1,0
"water",44,523,"tshhh",1,0
"water",44,523,"tssssuh",1,0
"water",44,523,"zthrea",1,0
"water",44,534,"woosh",3,0
"water",44,534,"wush",2,0
"water",44,534,"rooosh",1,0
"water",44,534,"roosh",1,0
"water",44,534,"rwwoosh",1,0
"water",44,534,"uwoosh",1,0
"water",44,534,"wersh",1,0
"water",44,534,"wheush",1,0
"water",44,534,"whoooosssh",1,0
"water",44,534,"whooosh",1,0
"water",44,534,"whooshh",1,0
"water",44,534,"woooshe",1,0
"water",44,534,"wooshhhh",1,0
"water",44,534,"wshh",1,0
"water",44,558,"ch-shhh",1,0
"water",44,558,"cheew",1,0
"water",44,558,"chhhhgtttt",1,0
"water",44,558,"chhhhhhhhhh",1,0
"water",44,558,"chht",1,0
"water",44,558,"chiee",1,0
"water",44,558,"chitte",1,0
"water",44,558,"schhh",1,0
"water",44,558,"schhhh",1,0
"water",44,558,"schip",1,0
"water",44,558,"shchhh",1,0
"water",44,558,"shhht",1,0
"water",44,558,"shpritz",1,0
"water",44,558,"tcht",1,0
"water",44,558,"tikitshtikit",1,0
"water",44,558,"tschh",1,0
"water",44,558,"tshoet",1,0
"water",44,558,"tshshsh",1,0
"water",44,558,"tsshhuuu",1,0
"water",44,558,"tssshhhh",1,0
"water",45,45,"atrishown",1,0
"water",45,45,"balooshboosh",1,0
"water",45,45,"blowosh",1,0
"water",45,45,"buhlorghorgh",1,0
"water",45,45,"fljushpah",1,0
"water",45,45,"pkiluffa",1,0
"water",45,45,"shirpahuhuh",1,0
"water",45,45,"sloosh-splash",1,0
"water",45,45,"sploosh",1,0
"water",45,45,"splunge-plunge",1,0
"water",45,45,"splush",1,0
"water",45,45,"wooshed",1,0
"water",45,45,"wuuwaaa",1,0
"water",45,466,"glongglong",8,0
"water",45,466,"glonglong",7,0
"water",45,466,"glong glong",3,0
"water",45,466,"glong-glong",2,0
"water",45,466,"galonggalong",1,0
"water",45,466,"glon glon",1,0
"water",45,466,"glong",1,0
"water",45,466,"glongalon",1,0
"water",45,526,"howloudscow",12,0
"water",45,526,"how louds cow",3,0
"water",45,526,"alloudscow",1,0
"water",45,526,"halowscow",1,0
"water",45,526,"haulaudskau",1,0
"water",45,526,"howloud's cow",1,0
"water",45,526,"howlouschow",1,0
"water",45,526,"howlowdscow",1,0
"water",45,526,"howlowscow",1,0
"zipper",46,46,"aaaooo",1,0
"zipper",46,46,"biwv",1,0
"zipper",46,46,"kazo",1,0
"zipper",46,46,"oooooooiiiiuuu",1,0
"zipper",46,46,"ppwwzzz",1,0
"zipper",46,46,"rzryllllloo",1,0
"zipper",46,46,"verw",1,0
"zipper",46,46,"vwer",1,0
"zipper",46,46,"werrrr",1,0
"zipper",46,46,"zeeping",1,0
"zipper",46,46,"zesh",1,0
"zipper",46,46,"zeyow",1,0
"zipper",46,46,"ziaaa",1,0
"zipper",46,46,"zierp",1,0
"zipper",46,46,"zimp",1,0
"zipper",46,46,"zmmyup",1,0
"zipper",46,46,"zoowhee",1,0
"zipper",46,46,"zow",1,0
"zipper",46,46,"zrewwew",1,0
"zipper",46,46,"zveww",1,0
"zipper",46,46,"zworp",1,0
"zipper",46,46,"zzyzzil",1,0
"zipper",46,46,"zzzip",1,0
"zipper",46,46,"zzzzzzzzzzrrzzzzzzzzzzzp",1,0
"zipper",46,512,"izoo",5,0
"zipper",46,512,"ehzoo",2,0
"zipper",46,512,"izzoo",2,0
"zipper",46,512,"annoyify",1,0
"zipper",46,512,"azuh",1,0
"zipper",46,512,"eh-zoo",1,0
"zipper",46,512,"ehzuh",1,0
"zipper",46,512,"ezoh",1,0
"zipper",46,512,"ezoou",1,0
"zipper",46,512,"ezzzuuuh",1,0
"zipper",46,512,"ihzoo",1,0
"zipper",46,512,"iizuu",1,0
"zipper",46,512,"izu",1,0
"zipper",46,512,"izzle",1,0
"zipper",46,512,"izzo",1,0
"zipper",46,517,"peeshpeesh",2,0
"zipper",46,517,"pshh pshh",2,0
"zipper",46,517,"pshpsh",2,0
"zipper",46,517,"ch...ch",1,0
"zipper",46,517,"chish",1,0
"zipper",46,517,"pashhhh-pshhhh",1,0
"zipper",46,517,"pffpfew",1,0
"zipper",46,517,"phishphishue",1,0
"zipper",46,517,"phlishphlish",1,0
"zipper",46,517,"psh",1,0
"zipper",46,517,"pshsh",1,0
"zipper",46,517,"pssh pssh",1,0
"zipper",46,517,"pssh-pssh",1,0
"zipper",46,517,"psshpssh",1,0
"zipper",46,517,"psssh-psssh",1,0
"zipper",46,517,"psssshh",1,0
"zipper",46,517,"pssssshpssshhh",1,0
"zipper",46,517,"spshspsh",1,0
"zipper",46,517,"toowtoow",1,0
"zipper",46,517,"tschhtschh",1,0
"zipper",46,565,"aoh",1,0
"zipper",46,565,"araga",1,0
"zipper",46,565,"araugh",1,0
"zipper",46,565,"aroah",1,0
"zipper",46,565,"aroo",1,0
"zipper",46,565,"awrawahl",1,0
"zipper",46,565,"badarawba",1,0
"zipper",46,565,"crowl",1,0
"zipper",46,565,"erroll",1,0
"zipper",46,565,"o-o-oh",1,0
"zipper",46,565,"ohhhhooooo",1,0
"zipper",46,565,"orawlll",1,0
"zipper",46,565,"roa",1,0
"zipper",46,565,"roah",1,0
"zipper",46,565,"rowall",1,0
"zipper",46,565,"rrroll",1,0
"zipper",46,565,"tkarrrroooootk",1,0
"zipper",46,565,"ur-rurl",1,0
"zipper",47,47,"breep",1,0
"zipper",47,47,"brrip",1,0
"zipper",47,47,"fizzim",1,0
"zipper",47,47,"growwff",1,0
"zipper",47,47,"przzzzzt",1,0
"zipper",47,47,"rrrzip",1,0
"zipper",47,47,"vritt",1,0
"zipper",47,47,"vrri",1,0
"zipper",47,47,"whuup",1,0
"zipper",47,47,"wreep",1,0
"zipper",47,47,"zhrip",1,0
"zipper",47,47,"zwip",1,0
"zipper",47,47,"zzzip",1,0
"zipper",47,377,"veeb",2,0
"zipper",47,377,"veeeep",2,0
"zipper",47,377,"bveeeeeep",1,0
"zipper",47,377,"ceep",1,0
"zipper",47,377,"eeeep",1,0
"zipper",47,377,"feep",1,0
"zipper",47,377,"veeeeee",1,0
"zipper",47,377,"veeeeeep",1,0
"zipper",47,377,"veeep",1,0
"zipper",47,377,"veekup",1,0
"zipper",47,377,"veyip",1,0
"zipper",47,377,"zeeee pp",1,0
"zipper",47,377,"zeep",1,0
"zipper",47,426,"ack",1,0
"zipper",47,426,"ahawc",1,0
"zipper",47,426,"ahoook",1,0
"zipper",47,426,"aknock",1,0
"zipper",47,426,"aurk",1,0
"zipper",47,426,"auuk",1,0
"zipper",47,426,"awk",1,0
"zipper",47,426,"awwwwkk",1,0
"zipper",47,426,"chawk",1,0
"zipper",47,426,"eehkuhawackh",1,0
"zipper",47,426,"enknockcck",1,0
"zipper",47,426,"fraukkk",1,0
"zipper",47,426,"hhawkh",1,0
"zipper",47,426,"hhhhack",1,0
"zipper",47,426,"huck",1,0
"zipper",47,426,"mmmkahawk",1,0
"zipper",47,426,"oolook",1,0
"zipper",47,426,"uannch",1,0
"zipper",47,426,"uhonch",1,0
"zipper",47,446,"beepbeep",15,0
"zipper",47,446,"bebee",1,0
"zipper",47,446,"beep-beep",1,0
"zipper",47,446,"beepeeep",1,0
"zipper",47,446,"beh",1,0
"zipper",47,446,"bueepbueep",1,0
"zipper",47,446,"doublebeep",1,0
"zipper",47,446,"meeb beem",1,0
"zipper",47,446,"meebee",1,0
"zipper",47,446,"meepbeep",1,0
"zipper",47,446,"meepmeep",1,0
"zipper",47,446,"merpderp",1,0
"zipper",47,446,"whmbeepbeeep",1,0
"zipper",47,461,"weoweo",6,0
"zipper",47,461,"ouirouir",1,0
"zipper",47,461,"sirenbird",1,0
"zipper",47,461,"weahweah",1,0
"zipper",47,461,"wee-oh-wee-oh",1,0
"zipper",47,461,"weel weel weel",1,0
"zipper",47,461,"weeooooweeeooo",1,0
"zipper",47,461,"weeooweeoo",1,0
"zipper",47,461,"weeooweeooe",1,0
"zipper",47,461,"weer, weer",1,0
"zipper",47,461,"weerwer",1,0
"zipper",47,461,"weeyooweeyoo",1,0
"zipper",47,461,"weoooweooo",1,0
"zipper",47,461,"weoweoweo",1,0
"zipper",47,461,"weowow",1,0
"zipper",47,461,"wheeoh wheeoh",1,0
"zipper",47,461,"wheeooweeoow",1,0
"zipper",47,461,"wheeowwheeow",1,0
"zipper",47,461,"wheeyoowheeyoo",1,0
"zipper",47,461,"wheo wheo",1,0
"zipper",47,461,"wiowio",1,0
"zipper",47,468,"sship",2,0
"zipper",47,468,"schip",1,0
"zipper",47,468,"shhhhip",1,0
"zipper",47,468,"shhip",1,0
"zipper",47,468,"sshhhippp",1,0
"zipper",47,553,"bizz",2,0
"zipper",47,553,"dzzzzz",2,0
"zipper",47,553,"tzzz",2,0
"zipper",47,553,"bizzy",1,0
"zipper",47,553,"dehzzah",1,0
"zipper",47,553,"dihzzz",1,0
"zipper",47,553,"dziuh",1,0
"zipper",47,553,"dzuzz",1,0
"zipper",47,553,"dzzz",1,0
"zipper",47,553,"dzzzz",1,0
"zipper",47,553,"dzzzzzss",1,0
"zipper",47,553,"dzzzzzz",1,0
"zipper",47,553,"tszz",1,0
"zipper",47,553,"ttzzzzz",1,0
"zipper",47,553,"tzzzzzzzugh",1,0
"zipper",47,553,"zeerez",1,0
"zipper",47,553,"zuzz",1,0
"zipper",47,553,"zzuzz",1,0
"zipper",47,553,"zzzzzzz",1,0
"zipper",47,553,"zzzzzzzzzz",1,0
"zipper",48,48,"zup",3,0
"zipper",48,48,"fft",1,0
"zipper",48,48,"fhp",1,0
"zipper",48,48,"fwip",1,0
"zipper",48,48,"fwop",1,0
"zipper",48,48,"pfit",1,0
"zipper",48,48,"pzip",1,0
"zipper",48,48,"vfppp",1,0
"zipper",48,48,"voop",1,0
"zipper",48,48,"vrip",1,0
"zipper",48,48,"vuup",1,0
"zipper",48,48,"vvvip",1,0
"zipper",48,48,"vvvwip",1,0
"zipper",48,48,"whipp",1,0
"zipper",48,48,"wurp",1,0
"zipper",48,48,"zimp",1,0
"zipper",48,48,"zippp",1,0
"zipper",48,48,"zoop",1,0
"zipper",48,48,"zpzp",1,0
"zipper",48,48,"zweep",1,0
"zipper",48,499,"owwww",3,0
"zipper",48,499,"oww",2,0
"zipper",48,499,"owww",2,0
"zipper",48,499,"aaaaaooooowwww",1,0
"zipper",48,499,"aaaouuyyy",1,0
"zipper",48,499,"ahha",1,0
"zipper",48,499,"ahhooww",1,0
"zipper",48,499,"aowwww",1,0
"zipper",48,499,"awwwwwwooooo",1,0
"zipper",48,499,"brouw",1,0
"zipper",48,499,"chp-oooowwww",1,0
"zipper",48,499,"ddtoww",1,0
"zipper",48,499,"knckow",1,0
"zipper",48,499,"krowww",1,0
"zipper",48,499,"oooouh",1,0
"zipper",48,499,"owlla",1,0
"zipper",48,499,"owwa",1,0
"zipper",48,499,"owwwe",1,0
"zipper",48,499,"owwwwwe",1,0
"zipper",48,499,"tch owwww",1,0
"zipper",48,499,"ticoww",1,0
"zipper",48,499,"tumoooouuuww",1,0
"zipper",48,521,"shhh",3,0
"zipper",48,521,"cheeeew",1,0
"zipper",48,521,"chhhhhhp",1,0
"zipper",48,521,"geshha",1,0
"zipper",48,521,"pshhhhhhhhp",1,0
"zipper",48,521,"shee",1,0
"zipper",48,521,"shess",1,0
"zipper",48,521,"shhhhhp",1,0
"zipper",48,521,"shhhhhuu",1,0
"zipper",48,521,"shhhhooop",1,0
"zipper",48,521,"shhhuuuuh",1,0
"zipper",48,521,"shoop",1,0
"zipper",48,521,"shuw",1,0
"zipper",48,521,"sshhhp",1,0
"zipper",48,521,"ssssssssssssssssssssssssh",1,0
"zipper",48,521,"tscheaup",1,0
"zipper",48,521,"ytscheew",1,0
"zipper",48,525,"agh-ech",1,0
"zipper",48,525,"aschooyee",1,0
"zipper",48,525,"chshshh",1,0
"zipper",48,525,"fooshee",1,0
"zipper",48,525,"shhhh      shhh",1,0
"zipper",48,525,"shhhh sheh",1,0
"zipper",48,525,"shhhhhh-shh",1,0
"zipper",48,525,"shhhhhshit",1,0
"zipper",48,525,"shhhhsh",1,0
"zipper",48,525,"shoooo-sh",1,0
"zipper",48,525,"shooooo sho",1,0
"zipper",48,525,"shooosheh",1,0
"zipper",48,525,"shooshee",1,0
"zipper",48,525,"shooshish",1,0
"zipper",48,525,"tshoootsheh",1,0
"zipper",49,49,"bahvup",1,0
"zipper",49,49,"brip",1,0
"zipper",49,49,"fft",1,0
"zipper",49,49,"pfiph",1,0
"zipper",49,49,"pzzzzzuit",1,0
"zipper",49,49,"uwuuup",1,0
"zipper",49,49,"vritt",1,0
"zipper",49,49,"vvvrrip",1,0
"zipper",49,49,"wreep",1,0
"zipper",49,49,"zhrup",1,0
"zipper",49,49,"ziiip",1,0
"zipper",49,49,"ziip",1,0
"zipper",49,49,"zimp",1,0
"zipper",49,49,"zuhhip",1,0
"zipper",49,49,"zup",1,0
"zipper",49,49,"zzzzip",1,0
"zipper",49,505,"izit",5,0
"zipper",49,505,"izzit",4,0
"zipper",49,505,"iszit",2,0
"zipper",49,505,"izzip",2,0
"zipper",49,505,"izzzit",2,0
"zipper",49,505,"eezzit",1,0
"zipper",49,505,"iszzzip",1,0
"zipper",49,505,"izip",1,0
"zipper",49,505,"izziiiip",1,0
"zipper",49,505,"izzitt",1,0
"zipper",49,505,"izzzip",1,0
"zipper",49,505,"izzzzit",1,0
"zipper",49,528,"ahhhhooo",1,0
"zipper",49,528,"ewep",1,0
"zipper",49,528,"ewwhip",1,0
"zipper",49,528,"ooh-whooping",1,0
"zipper",49,528,"oohip",1,0
"zipper",49,528,"oooeiiiiih",1,0
"zipper",49,528,"oooohha",1,0
"zipper",49,528,"oooooohwehp",1,0
"zipper",49,528,"oooooooh-wooooooooo!",1,0
"zipper",49,528,"ooooouhwhuiiit",1,0
"zipper",49,528,"oooup",1,0
"zipper",49,528,"ooouuuww",1,0
"zipper",49,528,"oooyhup",1,0
"zipper",49,528,"oouiup",1,0
"zipper",49,528,"oowep",1,0
"zipper",49,528,"oowhip",1,0
"zipper",49,528,"oowit",1,0
"zipper",49,528,"oowup",1,0
"zipper",49,528,"oowuup",1,0
"zipper",49,528,"ouhwii",1,0
"zipper",49,528,"ouuh",1,0
"zipper",49,528,"owehooo",1,0
"zipper",49,528,"owip",1,0
"zipper",49,528,"soooiiuu",1,0
"zipper",49,528,"tatinkoohwup",1,0
"zipper",49,532,"isit",7,0
"zipper",49,532,"izit",6,0
"zipper",49,532,"izzit",3,0
"zipper",49,532,"is it?",1,0
"zipper",49,532,"isidt",1,0
"zipper",49,532,"isit?",1,0
"zipper",49,532,"isitt",1,0
"zipper",49,557,"agrendo",1,0
"zipper",49,557,"chrerer",1,0
"zipper",49,557,"dheer",1,0
"zipper",49,557,"eeeerp",1,0
"zipper",49,557,"errr",1,0
"zipper",49,557,"errrrrr",1,0
"zipper",49,557,"ertgh",1,0
"zipper",49,557,"gaerr",1,0
"zipper",49,557,"gerrrrrrrr?",1,0
"zipper",49,557,"gherrrr?",1,0
"zipper",49,557,"goatyboast",1,0
"zipper",49,557,"grrll",1,0
"zipper",49,557,"grrrrrk",1,0
"zipper",49,557,"gurrr",1,0
"zipper",49,557,"nearuh",1,0
"zipper",49,557,"nerr",1,0
"zipper",49,557,"yearrrrp",1,0
"zipper",49,557,"yeharr",1,0
"zipper",49,557,"yerr",1,0
"zipper",49,557,"yerrh",1,0
"zipper",49,557,"yeuw",1,0
"zipper",49,557,"ygrrrra",1,0
"zipper",49,557,"yurr",1,0
"zipper",49,561,"waaaah",2,0
"zipper",49,561,"whaaaa",2,0
"zipper",49,561,"*click*waaaaaaaah?huuhuuhuu*click*",1,0
"zipper",49,561,"phop-wooooooooww",1,0
"zipper",49,561,"pwhaa",1,0
"zipper",49,561,"thunkwhuhhhhmhmhm",1,0
"zipper",49,561,"tokwaahttik",1,0
"zipper",49,561,"tpoowhhaaaaaa",1,0
"zipper",49,561,"waa",1,0
"zipper",49,561,"waat",1,0
"zipper",49,561,"wah",1,0
"zipper",49,561,"wahunhunhu",1,0
"zipper",49,561,"whaa",1,0
"zipper",49,561,"whaaa",1,0
"zipper",49,561,"whaaaaaa",1,0
"zipper",49,561,"whoaawha",1,0
"zipper",49,561,"whuhhh",1,0
"zipper",49,561,"whuhhhh",1,0
"zipper",49,561,"whuuuuuuuuuuuuuuuuuuhhhhhhh",1,0
"zipper",49,561,"yii",1,0
