model,response_id,selection,question_id,choices,given,survey_id,answer,seed_id,chain_name,question_type,subj_id,response_ix
ratings.response,1,35,7,"[34, 35, 36, 37]",72,1,36,36,glass,true_seed,A1PD0NGV29HX0W,0
ratings.response,29,36,7,"[34, 35, 36, 37]",72,1,36,36,glass,true_seed,A3EBUBRYCKB6AF,7
ratings.response,84,37,7,"[34, 35, 36, 37]",72,1,36,36,glass,true_seed,A1B79AW7Z2QNHI,3
ratings.response,103,36,7,"[34, 35, 36, 37]",72,1,36,36,glass,true_seed,A3132FK20GHM6L,7
ratings.response,110,35,7,"[34, 35, 36, 37]",72,1,36,36,glass,true_seed,A5ERQ96L55H6V,4
ratings.response,114,36,7,"[34, 35, 36, 37]",72,1,36,36,glass,true_seed,A3N8MC9JZWS4WX,0
ratings.response,256,36,7,"[34, 35, 36, 37]",72,1,36,36,glass,true_seed,A5IELMRC1OIQO,6
ratings.response,304,37,7,"[34, 35, 36, 37]",72,1,36,36,glass,true_seed,AQ8ZFQTBE4622,3
ratings.response,439,35,7,"[34, 35, 36, 37]",72,1,36,36,glass,true_seed,A6FMGGN74ZJ7C,5
ratings.response,2,36,16,"[34, 35, 36, 37]",277,1,36,36,glass,true_seed,A1PD0NGV29HX0W,1
ratings.response,22,37,16,"[34, 35, 36, 37]",277,1,36,36,glass,true_seed,A3EBUBRYCKB6AF,3
ratings.response,23,35,16,"[34, 35, 36, 37]",277,1,36,36,glass,true_seed,A62LZWGKLMBT2,4
ratings.response,83,36,16,"[34, 35, 36, 37]",277,1,36,36,glass,true_seed,A1B79AW7Z2QNHI,2
ratings.response,99,36,16,"[34, 35, 36, 37]",277,1,36,36,glass,true_seed,A3132FK20GHM6L,4
ratings.response,106,36,16,"[34, 35, 36, 37]",277,1,36,36,glass,true_seed,A5ERQ96L55H6V,1
ratings.response,251,35,16,"[34, 35, 36, 37]",277,1,36,36,glass,true_seed,A5IELMRC1OIQO,1
ratings.response,308,36,16,"[34, 35, 36, 37]",277,1,36,36,glass,true_seed,AQ8ZFQTBE4622,7
ratings.response,435,36,16,"[34, 35, 36, 37]",277,1,36,36,glass,true_seed,A6FMGGN74ZJ7C,1
ratings.response,445,35,16,"[34, 35, 36, 37]",277,1,36,36,glass,true_seed,AC0BS4C41ND2D,1
ratings.response,3,35,2,"[34, 35, 36, 37]",61,1,35,35,glass,true_seed,A1PD0NGV29HX0W,2
ratings.response,35,34,2,"[34, 35, 36, 37]",61,1,35,35,glass,true_seed,A62LZWGKLMBT2,6
ratings.response,95,35,2,"[34, 35, 36, 37]",61,1,35,35,glass,true_seed,A3132FK20GHM6L,0
ratings.response,107,35,2,"[34, 35, 36, 37]",61,1,35,35,glass,true_seed,A5ERQ96L55H6V,2
ratings.response,258,37,2,"[34, 35, 36, 37]",61,1,35,35,glass,true_seed,A5IELMRC1OIQO,8
ratings.response,305,35,2,"[34, 35, 36, 37]",61,1,35,35,glass,true_seed,AQ8ZFQTBE4622,4
ratings.response,447,37,2,"[34, 35, 36, 37]",61,1,35,35,glass,true_seed,AC0BS4C41ND2D,3
ratings.response,4,35,6,"[34, 35, 36, 37]",101,1,34,34,glass,true_seed,A1PD0NGV29HX0W,3
ratings.response,102,34,6,"[34, 35, 36, 37]",101,1,34,34,glass,true_seed,A5ERQ96L55H6V,0
ratings.response,437,35,6,"[34, 35, 36, 37]",101,1,34,34,glass,true_seed,A6FMGGN74ZJ7C,3
ratings.response,453,35,6,"[34, 35, 36, 37]",101,1,34,34,glass,true_seed,AC0BS4C41ND2D,9
ratings.response,5,36,1,"[34, 35, 36, 37]",56,1,35,35,glass,true_seed,A1PD0NGV29HX0W,4
ratings.response,11,36,1,"[34, 35, 36, 37]",56,1,35,35,glass,true_seed,A62LZWGKLMBT2,0
ratings.response,31,35,1,"[34, 35, 36, 37]",56,1,35,35,glass,true_seed,A3EBUBRYCKB6AF,8
ratings.response,90,34,1,"[34, 35, 36, 37]",56,1,35,35,glass,true_seed,A1B79AW7Z2QNHI,9
ratings.response,253,34,1,"[34, 35, 36, 37]",56,1,35,35,glass,true_seed,A5IELMRC1OIQO,3
ratings.response,358,35,1,"[34, 35, 36, 37]",56,1,35,35,glass,true_seed,A8KXFPAZ57WY5,0
ratings.response,443,36,1,"[34, 35, 36, 37]",56,1,35,35,glass,true_seed,A6FMGGN74ZJ7C,9
ratings.response,6,37,11,"[34, 35, 36, 37]",143,1,35,35,glass,true_seed,A1PD0NGV29HX0W,5
ratings.response,19,36,11,"[34, 35, 36, 37]",143,1,35,35,glass,true_seed,A3EBUBRYCKB6AF,0
ratings.response,53,35,11,"[34, 35, 36, 37]",143,1,35,35,glass,true_seed,A62LZWGKLMBT2,9
ratings.response,86,35,11,"[34, 35, 36, 37]",143,1,35,35,glass,true_seed,A1B79AW7Z2QNHI,5
ratings.response,97,36,11,"[34, 35, 36, 37]",143,1,35,35,glass,true_seed,A3132FK20GHM6L,2
ratings.response,306,34,11,"[34, 35, 36, 37]",143,1,35,35,glass,true_seed,AQ8ZFQTBE4622,5
ratings.response,441,35,11,"[34, 35, 36, 37]",143,1,35,35,glass,true_seed,A6FMGGN74ZJ7C,7
ratings.response,7,34,18,"[34, 35, 36, 37]",35,1,35,35,glass,catch_trial,A1PD0NGV29HX0W,6
ratings.response,15,37,18,"[34, 35, 36, 37]",35,1,35,35,glass,catch_trial,A62LZWGKLMBT2,2
ratings.response,104,35,18,"[34, 35, 36, 37]",35,1,35,35,glass,catch_trial,A3132FK20GHM6L,8
ratings.response,134,34,18,"[34, 35, 36, 37]",35,1,35,35,glass,catch_trial,A3N8MC9JZWS4WX,9
ratings.response,259,36,18,"[34, 35, 36, 37]",35,1,35,35,glass,catch_trial,A5IELMRC1OIQO,9
ratings.response,302,36,18,"[34, 35, 36, 37]",35,1,35,35,glass,catch_trial,AQ8ZFQTBE4622,1
ratings.response,366,36,18,"[34, 35, 36, 37]",35,1,35,35,glass,catch_trial,A8KXFPAZ57WY5,8
ratings.response,449,35,18,"[34, 35, 36, 37]",35,1,35,35,glass,catch_trial,AC0BS4C41ND2D,5
ratings.response,8,35,9,"[34, 35, 36, 37]",172,1,35,35,glass,true_seed,A1PD0NGV29HX0W,7
ratings.response,89,35,9,"[34, 35, 36, 37]",172,1,35,35,glass,true_seed,A1B79AW7Z2QNHI,8
ratings.response,254,37,9,"[34, 35, 36, 37]",172,1,35,35,glass,true_seed,A5IELMRC1OIQO,4
ratings.response,359,36,9,"[34, 35, 36, 37]",172,1,35,35,glass,true_seed,A8KXFPAZ57WY5,1
ratings.response,440,36,9,"[34, 35, 36, 37]",172,1,35,35,glass,true_seed,A6FMGGN74ZJ7C,6
ratings.response,448,36,9,"[34, 35, 36, 37]",172,1,35,35,glass,true_seed,AC0BS4C41ND2D,4
ratings.response,9,36,17,"[34, 35, 36, 37]",34,1,34,34,glass,catch_trial,A1PD0NGV29HX0W,8
ratings.response,13,35,17,"[34, 35, 36, 37]",34,1,34,34,glass,catch_trial,A62LZWGKLMBT2,1
ratings.response,21,34,17,"[34, 35, 36, 37]",34,1,34,34,glass,catch_trial,A3EBUBRYCKB6AF,2
ratings.response,112,36,17,"[34, 35, 36, 37]",34,1,34,34,glass,catch_trial,A5ERQ96L55H6V,6
ratings.response,118,35,17,"[34, 35, 36, 37]",34,1,34,34,glass,catch_trial,A3N8MC9JZWS4WX,2
ratings.response,309,35,17,"[34, 35, 36, 37]",34,1,34,34,glass,catch_trial,AQ8ZFQTBE4622,8
ratings.response,446,36,17,"[34, 35, 36, 37]",34,1,34,34,glass,catch_trial,AC0BS4C41ND2D,2
ratings.response,10,36,14,"[34, 35, 36, 37]",215,1,37,37,glass,true_seed,A1PD0NGV29HX0W,9
ratings.response,101,37,14,"[34, 35, 36, 37]",215,1,37,37,glass,true_seed,A3132FK20GHM6L,6
ratings.response,255,35,14,"[34, 35, 36, 37]",215,1,37,37,glass,true_seed,A5IELMRC1OIQO,5
ratings.response,310,34,14,"[34, 35, 36, 37]",215,1,37,37,glass,true_seed,AQ8ZFQTBE4622,9
ratings.response,364,36,14,"[34, 35, 36, 37]",215,1,37,37,glass,true_seed,A8KXFPAZ57WY5,6
ratings.response,18,34,15,"[34, 35, 36, 37]",245,1,37,37,glass,true_seed,A62LZWGKLMBT2,3
ratings.response,85,34,15,"[34, 35, 36, 37]",245,1,37,37,glass,true_seed,A1B79AW7Z2QNHI,4
ratings.response,117,37,15,"[34, 35, 36, 37]",245,1,37,37,glass,true_seed,A3N8MC9JZWS4WX,1
ratings.response,303,35,15,"[34, 35, 36, 37]",245,1,37,37,glass,true_seed,AQ8ZFQTBE4622,2
ratings.response,365,36,15,"[34, 35, 36, 37]",245,1,37,37,glass,true_seed,A8KXFPAZ57WY5,7
ratings.response,451,35,15,"[34, 35, 36, 37]",245,1,37,37,glass,true_seed,AC0BS4C41ND2D,7
ratings.response,20,35,4,"[34, 35, 36, 37]",111,1,36,36,glass,true_seed,A3EBUBRYCKB6AF,1
ratings.response,47,35,4,"[34, 35, 36, 37]",111,1,36,36,glass,true_seed,A62LZWGKLMBT2,8
ratings.response,122,37,4,"[34, 35, 36, 37]",111,1,36,36,glass,true_seed,A3N8MC9JZWS4WX,5
ratings.response,367,36,4,"[34, 35, 36, 37]",111,1,36,36,glass,true_seed,A8KXFPAZ57WY5,9
ratings.response,24,35,3,"[34, 35, 36, 37]",63,1,37,37,glass,true_seed,A3EBUBRYCKB6AF,4
ratings.response,96,37,3,"[34, 35, 36, 37]",63,1,37,37,glass,true_seed,A3132FK20GHM6L,1
ratings.response,111,34,3,"[34, 35, 36, 37]",63,1,37,37,glass,true_seed,A5ERQ96L55H6V,5
ratings.response,121,34,3,"[34, 35, 36, 37]",63,1,37,37,glass,true_seed,A3N8MC9JZWS4WX,4
ratings.response,257,34,3,"[34, 35, 36, 37]",63,1,37,37,glass,true_seed,A5IELMRC1OIQO,7
ratings.response,363,36,3,"[34, 35, 36, 37]",63,1,37,37,glass,true_seed,A8KXFPAZ57WY5,5
ratings.response,25,37,12,"[34, 35, 36, 37]",136,1,34,34,glass,true_seed,A3EBUBRYCKB6AF,5
ratings.response,87,36,12,"[34, 35, 36, 37]",136,1,34,34,glass,true_seed,A1B79AW7Z2QNHI,6
ratings.response,105,36,12,"[34, 35, 36, 37]",136,1,34,34,glass,true_seed,A3132FK20GHM6L,9
ratings.response,126,37,12,"[34, 35, 36, 37]",136,1,34,34,glass,true_seed,A3N8MC9JZWS4WX,7
ratings.response,26,36,8,"[34, 35, 36, 37]",87,1,35,35,glass,true_seed,A62LZWGKLMBT2,5
ratings.response,100,35,8,"[34, 35, 36, 37]",87,1,35,35,glass,true_seed,A3132FK20GHM6L,5
ratings.response,109,37,8,"[34, 35, 36, 37]",87,1,35,35,glass,true_seed,A5ERQ96L55H6V,3
ratings.response,434,36,8,"[34, 35, 36, 37]",87,1,35,35,glass,true_seed,A6FMGGN74ZJ7C,0
ratings.response,27,34,5,"[34, 35, 36, 37]",116,1,34,34,glass,true_seed,A3EBUBRYCKB6AF,6
ratings.response,88,36,5,"[34, 35, 36, 37]",116,1,34,34,glass,true_seed,A1B79AW7Z2QNHI,7
ratings.response,113,37,5,"[34, 35, 36, 37]",116,1,34,34,glass,true_seed,A5ERQ96L55H6V,7
ratings.response,252,36,5,"[34, 35, 36, 37]",116,1,34,34,glass,true_seed,A5IELMRC1OIQO,2
ratings.response,307,34,5,"[34, 35, 36, 37]",116,1,34,34,glass,true_seed,AQ8ZFQTBE4622,6
ratings.response,362,36,5,"[34, 35, 36, 37]",116,1,34,34,glass,true_seed,A8KXFPAZ57WY5,4
ratings.response,34,35,20,"[34, 35, 36, 37]",37,1,37,37,glass,catch_trial,A3EBUBRYCKB6AF,9
ratings.response,130,35,20,"[34, 35, 36, 37]",37,1,37,37,glass,catch_trial,A3N8MC9JZWS4WX,8
ratings.response,98,34,10,"[34, 35, 36, 37]",159,1,34,34,glass,true_seed,A3132FK20GHM6L,3
ratings.response,116,37,10,"[34, 35, 36, 37]",159,1,34,34,glass,true_seed,A5ERQ96L55H6V,9
ratings.response,120,36,10,"[34, 35, 36, 37]",159,1,34,34,glass,true_seed,A3N8MC9JZWS4WX,3
ratings.response,361,36,10,"[34, 35, 36, 37]",159,1,34,34,glass,true_seed,A8KXFPAZ57WY5,3
ratings.response,436,35,10,"[34, 35, 36, 37]",159,1,34,34,glass,true_seed,A6FMGGN74ZJ7C,2
ratings.response,452,36,10,"[34, 35, 36, 37]",159,1,34,34,glass,true_seed,AC0BS4C41ND2D,8
ratings.response,82,35,13,"[34, 35, 36, 37]",210,1,37,37,glass,true_seed,A1B79AW7Z2QNHI,1
ratings.response,250,37,13,"[34, 35, 36, 37]",210,1,37,37,glass,true_seed,A5IELMRC1OIQO,0
ratings.response,360,36,13,"[34, 35, 36, 37]",210,1,37,37,glass,true_seed,A8KXFPAZ57WY5,2
ratings.response,442,36,13,"[34, 35, 36, 37]",210,1,37,37,glass,true_seed,A6FMGGN74ZJ7C,8
ratings.response,444,35,13,"[34, 35, 36, 37]",210,1,37,37,glass,true_seed,AC0BS4C41ND2D,0
ratings.response,41,34,19,"[34, 35, 36, 37]",36,1,36,36,glass,catch_trial,A62LZWGKLMBT2,7
ratings.response,81,36,19,"[34, 35, 36, 37]",36,1,36,36,glass,catch_trial,A1B79AW7Z2QNHI,0
ratings.response,115,35,19,"[34, 35, 36, 37]",36,1,36,36,glass,catch_trial,A5ERQ96L55H6V,8
ratings.response,123,36,19,"[34, 35, 36, 37]",36,1,36,36,glass,catch_trial,A3N8MC9JZWS4WX,6
ratings.response,301,35,19,"[34, 35, 36, 37]",36,1,36,36,glass,catch_trial,AQ8ZFQTBE4622,0
ratings.response,438,36,19,"[34, 35, 36, 37]",36,1,36,36,glass,catch_trial,A6FMGGN74ZJ7C,4
ratings.response,450,36,19,"[34, 35, 36, 37]",36,1,36,36,glass,catch_trial,AC0BS4C41ND2D,6
ratings.response,108,39,39,"[38, 39, 40, 41]",40,2,40,40,tear,catch_trial,ATOAZIAM04AXA,0
ratings.response,200,39,39,"[38, 39, 40, 41]",40,2,40,40,tear,catch_trial,A161AJDHLJVCLZ,2
ratings.response,261,39,39,"[38, 39, 40, 41]",40,2,40,40,tear,catch_trial,A5IELMRC1OIQO,1
ratings.response,277,39,39,"[38, 39, 40, 41]",40,2,40,40,tear,catch_trial,A3UV55HC87DO9C,6
ratings.response,340,38,39,"[38, 39, 40, 41]",40,2,40,40,tear,catch_trial,AQ8ZFQTBE4622,9
ratings.response,456,39,39,"[38, 39, 40, 41]",40,2,40,40,tear,catch_trial,A34LDFLSD0QAT2,1
ratings.response,119,40,35,"[38, 39, 40, 41]",138,2,39,39,tear,true_seed,ATOAZIAM04AXA,1
ratings.response,162,39,35,"[38, 39, 40, 41]",138,2,39,39,tear,true_seed,A2HG1N3BVQO6I,0
ratings.response,178,38,35,"[38, 39, 40, 41]",138,2,39,39,tear,true_seed,A1LP4LE8JTSRW6,0
ratings.response,260,40,35,"[38, 39, 40, 41]",138,2,39,39,tear,true_seed,A5IELMRC1OIQO,0
ratings.response,463,40,35,"[38, 39, 40, 41]",138,2,39,39,tear,true_seed,A34LDFLSD0QAT2,8
ratings.response,124,40,34,"[38, 39, 40, 41]",135,2,39,39,tear,true_seed,ATOAZIAM04AXA,2
ratings.response,150,41,34,"[38, 39, 40, 41]",135,2,39,39,tear,true_seed,A5ERQ96L55H6V,5
ratings.response,207,40,34,"[38, 39, 40, 41]",135,2,39,39,tear,true_seed,A161AJDHLJVCLZ,9
ratings.response,265,39,34,"[38, 39, 40, 41]",135,2,39,39,tear,true_seed,A5IELMRC1OIQO,5
ratings.response,423,38,34,"[38, 39, 40, 41]",135,2,39,39,tear,true_seed,A2KMNDXOBJPE8,0
ratings.response,144,41,21,"[38, 39, 40, 41]",54,2,38,38,tear,true_seed,A5ERQ96L55H6V,1
ratings.response,173,39,21,"[38, 39, 40, 41]",54,2,38,38,tear,true_seed,A2HG1N3BVQO6I,9
ratings.response,206,40,21,"[38, 39, 40, 41]",54,2,38,38,tear,true_seed,A161AJDHLJVCLZ,8
ratings.response,276,41,21,"[38, 39, 40, 41]",54,2,38,38,tear,true_seed,A3UV55HC87DO9C,5
ratings.response,337,39,21,"[38, 39, 40, 41]",54,2,38,38,tear,true_seed,AQ8ZFQTBE4622,6
ratings.response,374,40,21,"[38, 39, 40, 41]",54,2,38,38,tear,true_seed,A1XAKJRVDFK9R,0
ratings.response,127,39,28,"[38, 39, 40, 41]",100,2,41,41,tear,true_seed,ATOAZIAM04AXA,3
ratings.response,184,38,28,"[38, 39, 40, 41]",100,2,41,41,tear,true_seed,A1LP4LE8JTSRW6,6
ratings.response,201,40,28,"[38, 39, 40, 41]",100,2,41,41,tear,true_seed,A161AJDHLJVCLZ,3
ratings.response,268,38,28,"[38, 39, 40, 41]",100,2,41,41,tear,true_seed,A5IELMRC1OIQO,8
ratings.response,273,41,28,"[38, 39, 40, 41]",100,2,41,41,tear,true_seed,A3UV55HC87DO9C,2
ratings.response,333,41,28,"[38, 39, 40, 41]",100,2,41,41,tear,true_seed,AQ8ZFQTBE4622,2
ratings.response,431,39,28,"[38, 39, 40, 41]",100,2,41,41,tear,true_seed,A2KMNDXOBJPE8,8
ratings.response,166,40,31,"[38, 39, 40, 41]",145,2,40,40,tear,true_seed,A2HG1N3BVQO6I,2
ratings.response,181,38,31,"[38, 39, 40, 41]",145,2,40,40,tear,true_seed,A1LP4LE8JTSRW6,3
ratings.response,198,41,31,"[38, 39, 40, 41]",145,2,40,40,tear,true_seed,A161AJDHLJVCLZ,0
ratings.response,267,41,31,"[38, 39, 40, 41]",145,2,40,40,tear,true_seed,A5IELMRC1OIQO,7
ratings.response,280,39,31,"[38, 39, 40, 41]",145,2,40,40,tear,true_seed,A3UV55HC87DO9C,9
ratings.response,375,39,31,"[38, 39, 40, 41]",145,2,40,40,tear,true_seed,A1XAKJRVDFK9R,1
ratings.response,455,40,31,"[38, 39, 40, 41]",145,2,40,40,tear,true_seed,A34LDFLSD0QAT2,0
ratings.response,153,40,26,"[38, 39, 40, 41]",110,2,40,40,tear,true_seed,A5ERQ96L55H6V,8
ratings.response,171,38,26,"[38, 39, 40, 41]",110,2,40,40,tear,true_seed,A2HG1N3BVQO6I,7
ratings.response,275,40,26,"[38, 39, 40, 41]",110,2,40,40,tear,true_seed,A3UV55HC87DO9C,4
ratings.response,182,38,37,"[38, 39, 40, 41]",38,2,38,38,tear,catch_trial,A1LP4LE8JTSRW6,4
ratings.response,204,38,37,"[38, 39, 40, 41]",38,2,38,38,tear,catch_trial,A161AJDHLJVCLZ,6
ratings.response,269,39,37,"[38, 39, 40, 41]",38,2,38,38,tear,catch_trial,A5IELMRC1OIQO,9
ratings.response,332,39,37,"[38, 39, 40, 41]",38,2,38,38,tear,catch_trial,AQ8ZFQTBE4622,1
ratings.response,376,40,37,"[38, 39, 40, 41]",38,2,38,38,tear,catch_trial,A1XAKJRVDFK9R,2
ratings.response,424,39,37,"[38, 39, 40, 41]",38,2,38,38,tear,catch_trial,A2KMNDXOBJPE8,1
ratings.response,179,38,29,"[38, 39, 40, 41]",98,2,39,39,tear,true_seed,A1LP4LE8JTSRW6,1
ratings.response,133,38,30,"[38, 39, 40, 41]",86,2,39,39,tear,true_seed,ATOAZIAM04AXA,4
ratings.response,149,40,30,"[38, 39, 40, 41]",86,2,39,39,tear,true_seed,A5ERQ96L55H6V,4
ratings.response,202,38,30,"[38, 39, 40, 41]",86,2,39,39,tear,true_seed,A161AJDHLJVCLZ,4
ratings.response,334,38,30,"[38, 39, 40, 41]",86,2,39,39,tear,true_seed,AQ8ZFQTBE4622,3
ratings.response,379,39,30,"[38, 39, 40, 41]",86,2,39,39,tear,true_seed,A1XAKJRVDFK9R,5
ratings.response,426,39,30,"[38, 39, 40, 41]",86,2,39,39,tear,true_seed,A2KMNDXOBJPE8,3
ratings.response,142,41,27,"[38, 39, 40, 41]",91,2,41,41,tear,true_seed,ATOAZIAM04AXA,7
ratings.response,186,38,27,"[38, 39, 40, 41]",91,2,41,41,tear,true_seed,A1LP4LE8JTSRW6,8
ratings.response,331,39,27,"[38, 39, 40, 41]",91,2,41,41,tear,true_seed,AQ8ZFQTBE4622,0
ratings.response,381,38,27,"[38, 39, 40, 41]",91,2,41,41,tear,true_seed,A1XAKJRVDFK9R,6
ratings.response,432,38,27,"[38, 39, 40, 41]",91,2,41,41,tear,true_seed,A2KMNDXOBJPE8,9
ratings.response,462,41,27,"[38, 39, 40, 41]",91,2,41,41,tear,true_seed,A34LDFLSD0QAT2,7
ratings.response,152,38,25,"[38, 39, 40, 41]",71,2,38,38,tear,true_seed,A5ERQ96L55H6V,7
ratings.response,382,39,25,"[38, 39, 40, 41]",71,2,38,38,tear,true_seed,A1XAKJRVDFK9R,7
ratings.response,425,40,25,"[38, 39, 40, 41]",71,2,38,38,tear,true_seed,A2KMNDXOBJPE8,2
ratings.response,461,39,25,"[38, 39, 40, 41]",71,2,38,38,tear,true_seed,A34LDFLSD0QAT2,6
ratings.response,145,40,32,"[38, 39, 40, 41]",114,2,41,41,tear,true_seed,ATOAZIAM04AXA,8
ratings.response,172,41,32,"[38, 39, 40, 41]",114,2,41,41,tear,true_seed,A2HG1N3BVQO6I,8
ratings.response,199,40,32,"[38, 39, 40, 41]",114,2,41,41,tear,true_seed,A161AJDHLJVCLZ,1
ratings.response,264,40,32,"[38, 39, 40, 41]",114,2,41,41,tear,true_seed,A5IELMRC1OIQO,4
ratings.response,339,39,32,"[38, 39, 40, 41]",114,2,41,41,tear,true_seed,AQ8ZFQTBE4622,8
ratings.response,377,41,32,"[38, 39, 40, 41]",114,2,41,41,tear,true_seed,A1XAKJRVDFK9R,3
ratings.response,460,41,32,"[38, 39, 40, 41]",114,2,41,41,tear,true_seed,A34LDFLSD0QAT2,5
ratings.response,143,39,36,"[38, 39, 40, 41]",204,2,40,40,tear,true_seed,A5ERQ96L55H6V,0
ratings.response,170,39,36,"[38, 39, 40, 41]",204,2,40,40,tear,true_seed,A2HG1N3BVQO6I,6
ratings.response,203,39,36,"[38, 39, 40, 41]",204,2,40,40,tear,true_seed,A161AJDHLJVCLZ,5
ratings.response,262,41,36,"[38, 39, 40, 41]",204,2,40,40,tear,true_seed,A5IELMRC1OIQO,2
ratings.response,428,41,36,"[38, 39, 40, 41]",204,2,40,40,tear,true_seed,A2KMNDXOBJPE8,5
ratings.response,458,38,36,"[38, 39, 40, 41]",204,2,40,40,tear,true_seed,A34LDFLSD0QAT2,3
ratings.response,140,38,22,"[38, 39, 40, 41]",62,2,38,38,tear,true_seed,ATOAZIAM04AXA,5
ratings.response,151,39,22,"[38, 39, 40, 41]",62,2,38,38,tear,true_seed,A5ERQ96L55H6V,6
ratings.response,167,39,22,"[38, 39, 40, 41]",62,2,38,38,tear,true_seed,A2HG1N3BVQO6I,3
ratings.response,187,38,22,"[38, 39, 40, 41]",62,2,38,38,tear,true_seed,A1LP4LE8JTSRW6,9
ratings.response,205,41,22,"[38, 39, 40, 41]",62,2,38,38,tear,true_seed,A161AJDHLJVCLZ,7
ratings.response,266,40,22,"[38, 39, 40, 41]",62,2,38,38,tear,true_seed,A5IELMRC1OIQO,6
ratings.response,272,40,22,"[38, 39, 40, 41]",62,2,38,38,tear,true_seed,A3UV55HC87DO9C,1
ratings.response,338,41,22,"[38, 39, 40, 41]",62,2,38,38,tear,true_seed,AQ8ZFQTBE4622,7
ratings.response,430,38,22,"[38, 39, 40, 41]",62,2,38,38,tear,true_seed,A2KMNDXOBJPE8,7
ratings.response,457,41,22,"[38, 39, 40, 41]",62,2,38,38,tear,true_seed,A34LDFLSD0QAT2,2
ratings.response,141,41,38,"[38, 39, 40, 41]",39,2,39,39,tear,catch_trial,ATOAZIAM04AXA,6
ratings.response,263,38,38,"[38, 39, 40, 41]",39,2,39,39,tear,catch_trial,A5IELMRC1OIQO,3
ratings.response,279,40,38,"[38, 39, 40, 41]",39,2,39,39,tear,catch_trial,A3UV55HC87DO9C,8
ratings.response,336,38,38,"[38, 39, 40, 41]",39,2,39,39,tear,catch_trial,AQ8ZFQTBE4622,5
ratings.response,429,39,38,"[38, 39, 40, 41]",39,2,39,39,tear,catch_trial,A2KMNDXOBJPE8,6
ratings.response,464,39,38,"[38, 39, 40, 41]",39,2,39,39,tear,catch_trial,A34LDFLSD0QAT2,9
ratings.response,146,39,40,"[38, 39, 40, 41]",41,2,41,41,tear,catch_trial,A5ERQ96L55H6V,2
ratings.response,168,41,40,"[38, 39, 40, 41]",41,2,41,41,tear,catch_trial,A2HG1N3BVQO6I,4
ratings.response,185,38,40,"[38, 39, 40, 41]",41,2,41,41,tear,catch_trial,A1LP4LE8JTSRW6,7
ratings.response,383,41,40,"[38, 39, 40, 41]",41,2,41,41,tear,catch_trial,A1XAKJRVDFK9R,8
ratings.response,384,41,40,"[38, 39, 40, 41]",41,2,41,41,tear,catch_trial,A1XAKJRVDFK9R,9
ratings.response,427,40,40,"[38, 39, 40, 41]",41,2,41,41,tear,catch_trial,A2KMNDXOBJPE8,4
ratings.response,147,38,23,"[38, 39, 40, 41]",59,2,41,41,tear,true_seed,A5ERQ96L55H6V,3
ratings.response,180,38,23,"[38, 39, 40, 41]",59,2,41,41,tear,true_seed,A1LP4LE8JTSRW6,2
ratings.response,278,40,23,"[38, 39, 40, 41]",59,2,41,41,tear,true_seed,A3UV55HC87DO9C,7
ratings.response,335,40,23,"[38, 39, 40, 41]",59,2,41,41,tear,true_seed,AQ8ZFQTBE4622,4
ratings.response,148,39,33,"[38, 39, 40, 41]",140,2,40,40,tear,true_seed,ATOAZIAM04AXA,9
ratings.response,154,41,33,"[38, 39, 40, 41]",140,2,40,40,tear,true_seed,A5ERQ96L55H6V,9
ratings.response,169,39,33,"[38, 39, 40, 41]",140,2,40,40,tear,true_seed,A2HG1N3BVQO6I,5
ratings.response,183,38,33,"[38, 39, 40, 41]",140,2,40,40,tear,true_seed,A1LP4LE8JTSRW6,5
ratings.response,274,39,33,"[38, 39, 40, 41]",140,2,40,40,tear,true_seed,A3UV55HC87DO9C,3
ratings.response,459,41,33,"[38, 39, 40, 41]",140,2,40,40,tear,true_seed,A34LDFLSD0QAT2,4
ratings.response,164,41,24,"[38, 39, 40, 41]",51,2,38,38,tear,true_seed,A2HG1N3BVQO6I,1
ratings.response,271,39,24,"[38, 39, 40, 41]",51,2,38,38,tear,true_seed,A3UV55HC87DO9C,0
ratings.response,378,39,24,"[38, 39, 40, 41]",51,2,38,38,tear,true_seed,A1XAKJRVDFK9R,4
ratings.response,208,44,61,"[42, 43, 44, 45]",45,3,45,45,water,catch_trial,A115A6OQBJFVVS,0
ratings.response,224,44,61,"[42, 43, 44, 45]",45,3,45,45,water,catch_trial,A5IELMRC1OIQO,4
ratings.response,209,43,53,"[42, 43, 44, 45]",214,3,44,44,water,true_seed,A115A6OQBJFVVS,1
ratings.response,210,45,52,"[42, 43, 44, 45]",137,3,42,42,water,true_seed,A115A6OQBJFVVS,2
ratings.response,220,45,52,"[42, 43, 44, 45]",137,3,42,42,water,true_seed,A5IELMRC1OIQO,0
ratings.response,211,44,55,"[42, 43, 44, 45]",220,3,44,44,water,true_seed,A115A6OQBJFVVS,3
ratings.response,229,43,55,"[42, 43, 44, 45]",220,3,44,44,water,true_seed,A5IELMRC1OIQO,9
ratings.response,212,43,60,"[42, 43, 44, 45]",44,3,44,44,water,catch_trial,A115A6OQBJFVVS,4
ratings.response,221,43,60,"[42, 43, 44, 45]",44,3,44,44,water,catch_trial,A5IELMRC1OIQO,1
ratings.response,213,42,42,"[42, 43, 44, 45]",58,3,42,42,water,true_seed,A115A6OQBJFVVS,5
ratings.response,323,42,42,"[42, 43, 44, 45]",58,3,42,42,water,true_seed,AQ8ZFQTBE4622,2
ratings.response,323,42,42,"[42, 43, 44, 45]",58,3,42,42,water,true_seed,AQ8ZFQTBE4622,11
ratings.response,214,45,47,"[42, 43, 44, 45]",88,3,43,43,water,true_seed,A115A6OQBJFVVS,6
ratings.response,225,42,47,"[42, 43, 44, 45]",88,3,43,43,water,true_seed,A5IELMRC1OIQO,5
ratings.response,325,45,47,"[42, 43, 44, 45]",88,3,43,43,water,true_seed,AQ8ZFQTBE4622,4
ratings.response,325,45,47,"[42, 43, 44, 45]",88,3,43,43,water,true_seed,AQ8ZFQTBE4622,13
ratings.response,215,44,50,"[42, 43, 44, 45]",92,3,44,44,water,true_seed,A115A6OQBJFVVS,7
ratings.response,327,43,50,"[42, 43, 44, 45]",92,3,44,44,water,true_seed,AQ8ZFQTBE4622,6
ratings.response,327,43,50,"[42, 43, 44, 45]",92,3,44,44,water,true_seed,AQ8ZFQTBE4622,15
ratings.response,216,44,54,"[42, 43, 44, 45]",224,3,43,43,water,true_seed,A115A6OQBJFVVS,8
ratings.response,228,44,54,"[42, 43, 44, 45]",224,3,43,43,water,true_seed,A5IELMRC1OIQO,8
ratings.response,217,44,59,"[42, 43, 44, 45]",43,3,43,43,water,catch_trial,A115A6OQBJFVVS,9
ratings.response,330,43,59,"[42, 43, 44, 45]",43,3,43,43,water,catch_trial,AQ8ZFQTBE4622,18
ratings.response,237,48,68,"[46, 47, 48, 49]",70,4,48,48,zipper,true_seed,A5IELMRC1OIQO,7
ratings.response,289,49,68,"[46, 47, 48, 49]",70,4,48,48,zipper,true_seed,A11SMS4CF6W26Y,8
ratings.response,315,48,68,"[46, 47, 48, 49]",70,4,48,48,zipper,true_seed,AQ8ZFQTBE4622,4
ratings.response,356,48,68,"[46, 47, 48, 49]",70,4,48,48,zipper,true_seed,A1ECUDAJQXQUNB,8
ratings.response,222,45,46,"[42, 43, 44, 45]",112,3,42,42,water,true_seed,A5IELMRC1OIQO,2
ratings.response,223,43,56,"[42, 43, 44, 45]",240,3,45,45,water,true_seed,A5IELMRC1OIQO,3
ratings.response,226,45,58,"[42, 43, 44, 45]",42,3,42,42,water,catch_trial,A5IELMRC1OIQO,6
ratings.response,326,44,58,"[42, 43, 44, 45]",42,3,42,42,water,catch_trial,AQ8ZFQTBE4622,5
ratings.response,326,44,58,"[42, 43, 44, 45]",42,3,42,42,water,catch_trial,AQ8ZFQTBE4622,14
ratings.response,227,43,57,"[42, 43, 44, 45]",209,3,43,43,water,true_seed,A5IELMRC1OIQO,7
ratings.response,321,45,57,"[42, 43, 44, 45]",209,3,43,43,water,true_seed,AQ8ZFQTBE4622,0
ratings.response,230,48,73,"[46, 47, 48, 49]",118,4,49,49,zipper,true_seed,A5IELMRC1OIQO,0
ratings.response,290,47,73,"[46, 47, 48, 49]",118,4,49,49,zipper,true_seed,A11SMS4CF6W26Y,9
ratings.response,392,49,73,"[46, 47, 48, 49]",118,4,49,49,zipper,true_seed,A1SC2WCA7LPUXW,5
ratings.response,231,47,71,"[46, 47, 48, 49]",94,4,49,49,zipper,true_seed,A5IELMRC1OIQO,1
ratings.response,316,49,71,"[46, 47, 48, 49]",94,4,49,49,zipper,true_seed,AQ8ZFQTBE4622,5
ratings.response,355,46,71,"[46, 47, 48, 49]",94,4,49,49,zipper,true_seed,A1ECUDAJQXQUNB,7
ratings.response,389,47,71,"[46, 47, 48, 49]",94,4,49,49,zipper,true_seed,A1SC2WCA7LPUXW,2
ratings.response,232,49,63,"[46, 47, 48, 49]",60,4,46,46,zipper,true_seed,A5IELMRC1OIQO,2
ratings.response,284,47,63,"[46, 47, 48, 49]",60,4,46,46,zipper,true_seed,A11SMS4CF6W26Y,3
ratings.response,390,48,63,"[46, 47, 48, 49]",60,4,46,46,zipper,true_seed,A1SC2WCA7LPUXW,3
ratings.response,233,48,69,"[46, 47, 48, 49]",103,4,48,48,zipper,true_seed,A5IELMRC1OIQO,3
ratings.response,318,48,69,"[46, 47, 48, 49]",103,4,48,48,zipper,true_seed,AQ8ZFQTBE4622,7
ratings.response,234,46,72,"[46, 47, 48, 49]",97,4,49,49,zipper,true_seed,A5IELMRC1OIQO,4
ratings.response,320,49,72,"[46, 47, 48, 49]",97,4,49,49,zipper,true_seed,AQ8ZFQTBE4622,9
ratings.response,351,48,72,"[46, 47, 48, 49]",97,4,49,49,zipper,true_seed,A1ECUDAJQXQUNB,3
ratings.response,235,47,74,"[46, 47, 48, 49]",132,4,49,49,zipper,true_seed,A5IELMRC1OIQO,5
ratings.response,352,47,74,"[46, 47, 48, 49]",132,4,49,49,zipper,true_seed,A1ECUDAJQXQUNB,4
ratings.response,394,48,74,"[46, 47, 48, 49]",132,4,49,49,zipper,true_seed,A1SC2WCA7LPUXW,7
ratings.response,236,46,67,"[46, 47, 48, 49]",117,4,47,47,zipper,true_seed,A5IELMRC1OIQO,6
ratings.response,283,48,67,"[46, 47, 48, 49]",117,4,47,47,zipper,true_seed,A11SMS4CF6W26Y,2
ratings.response,317,46,67,"[46, 47, 48, 49]",117,4,47,47,zipper,true_seed,AQ8ZFQTBE4622,6
ratings.response,238,49,82,"[46, 47, 48, 49]",49,4,49,49,zipper,catch_trial,A5IELMRC1OIQO,8
ratings.response,354,47,82,"[46, 47, 48, 49]",49,4,49,49,zipper,catch_trial,A1ECUDAJQXQUNB,6
ratings.response,395,47,82,"[46, 47, 48, 49]",49,4,49,49,zipper,catch_trial,A1SC2WCA7LPUXW,8
ratings.response,239,46,66,"[46, 47, 48, 49]",90,4,46,46,zipper,true_seed,A5IELMRC1OIQO,9
ratings.response,313,46,66,"[46, 47, 48, 49]",90,4,46,46,zipper,true_seed,AQ8ZFQTBE4622,2
ratings.response,349,47,66,"[46, 47, 48, 49]",90,4,46,46,zipper,true_seed,A1ECUDAJQXQUNB,1
ratings.response,388,48,66,"[46, 47, 48, 49]",90,4,46,46,zipper,true_seed,A1SC2WCA7LPUXW,1
ratings.response,393,47,79,"[46, 47, 48, 49]",46,4,46,46,zipper,catch_trial,A1SC2WCA7LPUXW,6
ratings.response,281,47,81,"[46, 47, 48, 49]",48,4,48,48,zipper,catch_trial,A11SMS4CF6W26Y,0
ratings.response,311,47,81,"[46, 47, 48, 49]",48,4,48,48,zipper,catch_trial,AQ8ZFQTBE4622,0
ratings.response,282,49,80,"[46, 47, 48, 49]",47,4,47,47,zipper,catch_trial,A11SMS4CF6W26Y,1
ratings.response,319,47,80,"[46, 47, 48, 49]",47,4,47,47,zipper,catch_trial,AQ8ZFQTBE4622,8
ratings.response,348,48,80,"[46, 47, 48, 49]",47,4,47,47,zipper,catch_trial,A1ECUDAJQXQUNB,0
ratings.response,391,46,80,"[46, 47, 48, 49]",47,4,47,47,zipper,catch_trial,A1SC2WCA7LPUXW,4
ratings.response,350,49,64,"[46, 47, 48, 49]",53,4,47,47,zipper,true_seed,A1ECUDAJQXQUNB,2
ratings.response,287,48,75,"[46, 47, 48, 49]",139,4,47,47,zipper,true_seed,A11SMS4CF6W26Y,6
ratings.response,387,47,77,"[46, 47, 48, 49]",141,4,48,48,zipper,true_seed,A1SC2WCA7LPUXW,0
ratings.response,286,46,65,"[46, 47, 48, 49]",89,4,46,46,zipper,true_seed,A11SMS4CF6W26Y,5
ratings.response,312,48,65,"[46, 47, 48, 49]",89,4,46,46,zipper,true_seed,AQ8ZFQTBE4622,1
ratings.response,357,48,65,"[46, 47, 48, 49]",89,4,46,46,zipper,true_seed,A1ECUDAJQXQUNB,9
ratings.response,396,49,65,"[46, 47, 48, 49]",89,4,46,46,zipper,true_seed,A1SC2WCA7LPUXW,9
ratings.response,285,46,62,"[46, 47, 48, 49]",65,4,49,49,zipper,true_seed,A11SMS4CF6W26Y,4
ratings.response,288,48,70,"[46, 47, 48, 49]",105,4,48,48,zipper,true_seed,A11SMS4CF6W26Y,7
ratings.response,314,46,70,"[46, 47, 48, 49]",105,4,48,48,zipper,true_seed,AQ8ZFQTBE4622,3
ratings.response,329,42,45,"[42, 43, 44, 45]",115,3,42,42,water,true_seed,AQ8ZFQTBE4622,8
ratings.response,329,42,45,"[42, 43, 44, 45]",115,3,42,42,water,true_seed,AQ8ZFQTBE4622,17
ratings.response,328,42,51,"[42, 43, 44, 45]",153,3,44,44,water,true_seed,AQ8ZFQTBE4622,7
ratings.response,328,42,51,"[42, 43, 44, 45]",153,3,44,44,water,true_seed,AQ8ZFQTBE4622,16
ratings.response,398,44,51,"[42, 43, 44, 45]",153,3,44,44,water,true_seed,APIVWIKALPR2O,0
ratings.response,322,43,48,"[42, 43, 44, 45]",73,3,42,42,water,true_seed,AQ8ZFQTBE4622,1
ratings.response,322,43,48,"[42, 43, 44, 45]",73,3,42,42,water,true_seed,AQ8ZFQTBE4622,10
ratings.response,324,43,44,"[42, 43, 44, 45]",52,3,45,45,water,true_seed,AQ8ZFQTBE4622,3
ratings.response,324,43,44,"[42, 43, 44, 45]",52,3,45,45,water,true_seed,AQ8ZFQTBE4622,12
ratings.response,353,48,78,"[46, 47, 48, 49]",55,4,46,46,zipper,true_seed,A1ECUDAJQXQUNB,5
ratings.response,628,40,118,"[36, 40, 44, 48]",277,6,36,36,glass,true_seed,AFIFVNL3CREJN,8
ratings.response,633,36,118,"[36, 40, 44, 48]",277,6,36,36,glass,true_seed,A2OMINMO6NKNG3,8
ratings.response,700,36,118,"[36, 40, 44, 48]",277,6,36,36,glass,true_seed,A1E2E3ENW1FVFE,5
ratings.response,750,48,118,"[36, 40, 44, 48]",277,6,36,36,glass,true_seed,A1VNCW1A19YUT0,1
ratings.response,849,36,118,"[36, 40, 44, 48]",277,6,36,36,glass,true_seed,A1A67ONSHK22L3,3
ratings.response,704,40,120,"[36, 40, 44, 48]",40,6,40,40,tear,catch_trial,A1E2E3ENW1FVFE,9
ratings.response,729,40,120,"[36, 40, 44, 48]",40,6,40,40,tear,catch_trial,AMYLEM12JBY0S,3
ratings.response,754,40,120,"[36, 40, 44, 48]",40,6,40,40,tear,catch_trial,A1VNCW1A19YUT0,5
ratings.response,844,40,120,"[36, 40, 44, 48]",40,6,40,40,tear,catch_trial,A1A67ONSHK22L3,0
ratings.response,880,40,120,"[36, 40, 44, 48]",40,6,40,40,tear,catch_trial,A1CHHJ7D40O0IW,9
ratings.response,532,40,116,"[36, 40, 44, 48]",214,6,44,44,water,true_seed,A3CFQYYFWI3U7D,0
ratings.response,532,40,116,"[36, 40, 44, 48]",214,6,44,44,water,true_seed,A3CFQYYFWI3U7D,0
ratings.response,626,44,116,"[36, 40, 44, 48]",214,6,44,44,water,true_seed,AFIFVNL3CREJN,7
ratings.response,697,40,116,"[36, 40, 44, 48]",214,6,44,44,water,true_seed,A1E2E3ENW1FVFE,2
ratings.response,731,40,116,"[36, 40, 44, 48]",214,6,44,44,water,true_seed,AMYLEM12JBY0S,5
ratings.response,753,44,116,"[36, 40, 44, 48]",214,6,44,44,water,true_seed,A1VNCW1A19YUT0,4
ratings.response,805,44,116,"[36, 40, 44, 48]",214,6,44,44,water,true_seed,A219VCQZADQ45W,3
ratings.response,855,40,116,"[36, 40, 44, 48]",214,6,44,44,water,true_seed,A1A67ONSHK22L3,7
ratings.response,538,36,104,"[36, 40, 44, 48]",111,6,36,36,glass,true_seed,A3CFQYYFWI3U7D,3
ratings.response,538,36,104,"[36, 40, 44, 48]",111,6,36,36,glass,true_seed,A3CFQYYFWI3U7D,3
ratings.response,621,44,104,"[36, 40, 44, 48]",111,6,36,36,glass,true_seed,AFIFVNL3CREJN,6
ratings.response,627,36,104,"[36, 40, 44, 48]",111,6,36,36,glass,true_seed,A2OMINMO6NKNG3,4
ratings.response,698,36,104,"[36, 40, 44, 48]",111,6,36,36,glass,true_seed,A1E2E3ENW1FVFE,3
ratings.response,727,36,104,"[36, 40, 44, 48]",111,6,36,36,glass,true_seed,AMYLEM12JBY0S,1
ratings.response,808,44,104,"[36, 40, 44, 48]",111,6,36,36,glass,true_seed,A219VCQZADQ45W,6
ratings.response,851,36,104,"[36, 40, 44, 48]",111,6,36,36,glass,true_seed,A1A67ONSHK22L3,4
ratings.response,631,40,117,"[36, 40, 44, 48]",220,6,44,44,water,true_seed,AFIFVNL3CREJN,9
ratings.response,693,40,117,"[36, 40, 44, 48]",220,6,44,44,water,true_seed,A1CHHJ7D40O0IW,0
ratings.response,702,40,117,"[36, 40, 44, 48]",220,6,44,44,water,true_seed,A1E2E3ENW1FVFE,7
ratings.response,760,44,117,"[36, 40, 44, 48]",220,6,44,44,water,true_seed,A1VNCW1A19YUT0,8
ratings.response,804,48,117,"[36, 40, 44, 48]",220,6,44,44,water,true_seed,A219VCQZADQ45W,2
ratings.response,574,44,111,"[36, 40, 44, 48]",92,6,44,44,water,true_seed,A3CFQYYFWI3U7D,7
ratings.response,574,44,111,"[36, 40, 44, 48]",92,6,44,44,water,true_seed,A3CFQYYFWI3U7D,7
ratings.response,613,48,111,"[36, 40, 44, 48]",92,6,44,44,water,true_seed,AFIFVNL3CREJN,0
ratings.response,630,36,111,"[36, 40, 44, 48]",92,6,44,44,water,true_seed,A2OMINMO6NKNG3,6
ratings.response,695,44,111,"[36, 40, 44, 48]",92,6,44,44,water,true_seed,A1E2E3ENW1FVFE,0
ratings.response,751,44,111,"[36, 40, 44, 48]",92,6,44,44,water,true_seed,A1VNCW1A19YUT0,2
ratings.response,806,40,111,"[36, 40, 44, 48]",92,6,44,44,water,true_seed,A219VCQZADQ45W,4
ratings.response,542,48,121,"[36, 40, 44, 48]",48,6,48,48,zipper,catch_trial,A3CFQYYFWI3U7D,4
ratings.response,542,48,121,"[36, 40, 44, 48]",48,6,48,48,zipper,catch_trial,A3CFQYYFWI3U7D,4
ratings.response,616,48,121,"[36, 40, 44, 48]",48,6,48,48,zipper,catch_trial,AFIFVNL3CREJN,1
ratings.response,625,48,121,"[36, 40, 44, 48]",48,6,48,48,zipper,catch_trial,A2OMINMO6NKNG3,3
ratings.response,694,48,121,"[36, 40, 44, 48]",48,6,48,48,zipper,catch_trial,A1CHHJ7D40O0IW,1
ratings.response,696,48,121,"[36, 40, 44, 48]",48,6,48,48,zipper,catch_trial,A1E2E3ENW1FVFE,1
ratings.response,726,48,121,"[36, 40, 44, 48]",48,6,48,48,zipper,catch_trial,AMYLEM12JBY0S,0
ratings.response,762,48,121,"[36, 40, 44, 48]",48,6,48,48,zipper,catch_trial,A1VNCW1A19YUT0,9
ratings.response,846,48,121,"[36, 40, 44, 48]",48,6,48,48,zipper,catch_trial,A1A67ONSHK22L3,1
ratings.response,619,40,113,"[36, 40, 44, 48]",140,6,40,40,tear,true_seed,AFIFVNL3CREJN,4
ratings.response,622,48,113,"[36, 40, 44, 48]",140,6,40,40,tear,true_seed,A2OMINMO6NKNG3,0
ratings.response,701,40,113,"[36, 40, 44, 48]",140,6,40,40,tear,true_seed,A1E2E3ENW1FVFE,6
ratings.response,728,40,113,"[36, 40, 44, 48]",140,6,40,40,tear,true_seed,AMYLEM12JBY0S,2
ratings.response,752,40,113,"[36, 40, 44, 48]",140,6,40,40,tear,true_seed,A1VNCW1A19YUT0,3
ratings.response,809,40,113,"[36, 40, 44, 48]",140,6,40,40,tear,true_seed,A219VCQZADQ45W,7
ratings.response,856,40,113,"[36, 40, 44, 48]",140,6,40,40,tear,true_seed,A1A67ONSHK22L3,8
ratings.response,577,44,119,"[36, 40, 44, 48]",44,6,44,44,water,catch_trial,A3CFQYYFWI3U7D,8
ratings.response,577,44,119,"[36, 40, 44, 48]",44,6,44,44,water,catch_trial,A3CFQYYFWI3U7D,8
ratings.response,618,44,119,"[36, 40, 44, 48]",44,6,44,44,water,catch_trial,AFIFVNL3CREJN,3
ratings.response,624,44,119,"[36, 40, 44, 48]",44,6,44,44,water,catch_trial,A2OMINMO6NKNG3,2
ratings.response,732,44,119,"[36, 40, 44, 48]",44,6,44,44,water,catch_trial,AMYLEM12JBY0S,6
ratings.response,544,48,108,"[36, 40, 44, 48]",103,6,48,48,zipper,true_seed,A3CFQYYFWI3U7D,5
ratings.response,544,48,108,"[36, 40, 44, 48]",103,6,48,48,zipper,true_seed,A3CFQYYFWI3U7D,5
ratings.response,735,40,108,"[36, 40, 44, 48]",103,6,48,48,zipper,true_seed,AMYLEM12JBY0S,9
ratings.response,749,40,108,"[36, 40, 44, 48]",103,6,48,48,zipper,true_seed,A1VNCW1A19YUT0,0
ratings.response,803,40,108,"[36, 40, 44, 48]",103,6,48,48,zipper,true_seed,A219VCQZADQ45W,1
ratings.response,546,36,114,"[36, 40, 44, 48]",141,6,48,48,zipper,true_seed,A3CFQYYFWI3U7D,6
ratings.response,546,36,114,"[36, 40, 44, 48]",141,6,48,48,zipper,true_seed,A3CFQYYFWI3U7D,6
ratings.response,617,48,114,"[36, 40, 44, 48]",141,6,48,48,zipper,true_seed,AFIFVNL3CREJN,2
ratings.response,634,48,114,"[36, 40, 44, 48]",141,6,48,48,zipper,true_seed,A2OMINMO6NKNG3,9
ratings.response,730,36,114,"[36, 40, 44, 48]",141,6,48,48,zipper,true_seed,AMYLEM12JBY0S,4
ratings.response,810,36,114,"[36, 40, 44, 48]",141,6,48,48,zipper,true_seed,A219VCQZADQ45W,8
ratings.response,537,40,110,"[36, 40, 44, 48]",145,6,40,40,tear,true_seed,A3CFQYYFWI3U7D,2
ratings.response,537,40,110,"[36, 40, 44, 48]",145,6,40,40,tear,true_seed,A3CFQYYFWI3U7D,2
ratings.response,623,40,110,"[36, 40, 44, 48]",145,6,40,40,tear,true_seed,A2OMINMO6NKNG3,1
ratings.response,734,40,110,"[36, 40, 44, 48]",145,6,40,40,tear,true_seed,AMYLEM12JBY0S,8
ratings.response,758,48,110,"[36, 40, 44, 48]",145,6,40,40,tear,true_seed,A1VNCW1A19YUT0,7
ratings.response,807,48,110,"[36, 40, 44, 48]",145,6,40,40,tear,true_seed,A219VCQZADQ45W,5
ratings.response,858,40,110,"[36, 40, 44, 48]",145,6,40,40,tear,true_seed,A1A67ONSHK22L3,9
ratings.response,620,40,106,"[36, 40, 44, 48]",72,6,36,36,glass,true_seed,AFIFVNL3CREJN,5
ratings.response,632,36,106,"[36, 40, 44, 48]",72,6,36,36,glass,true_seed,A2OMINMO6NKNG3,7
ratings.response,733,36,106,"[36, 40, 44, 48]",72,6,36,36,glass,true_seed,AMYLEM12JBY0S,7
ratings.response,756,48,106,"[36, 40, 44, 48]",72,6,36,36,glass,true_seed,A1VNCW1A19YUT0,6
ratings.response,852,36,106,"[36, 40, 44, 48]",72,6,36,36,glass,true_seed,A1A67ONSHK22L3,5
ratings.response,535,48,109,"[36, 40, 44, 48]",105,6,48,48,zipper,true_seed,A3CFQYYFWI3U7D,1
ratings.response,535,48,109,"[36, 40, 44, 48]",105,6,48,48,zipper,true_seed,A3CFQYYFWI3U7D,1
ratings.response,699,48,109,"[36, 40, 44, 48]",105,6,48,48,zipper,true_seed,A1E2E3ENW1FVFE,4
ratings.response,811,48,109,"[36, 40, 44, 48]",105,6,48,48,zipper,true_seed,A219VCQZADQ45W,9
ratings.response,848,48,109,"[36, 40, 44, 48]",105,6,48,48,zipper,true_seed,A1A67ONSHK22L3,2
ratings.response,579,44,112,"[36, 40, 44, 48]",153,6,44,44,water,true_seed,A3CFQYYFWI3U7D,9
ratings.response,579,44,112,"[36, 40, 44, 48]",153,6,44,44,water,true_seed,A3CFQYYFWI3U7D,9
ratings.response,629,44,112,"[36, 40, 44, 48]",153,6,44,44,water,true_seed,A2OMINMO6NKNG3,5
ratings.response,703,44,112,"[36, 40, 44, 48]",153,6,44,44,water,true_seed,A1E2E3ENW1FVFE,8
ratings.response,802,44,112,"[36, 40, 44, 48]",153,6,44,44,water,true_seed,A219VCQZADQ45W,0
ratings.response,854,44,112,"[36, 40, 44, 48]",153,6,44,44,water,true_seed,A1A67ONSHK22L3,6
ratings.response,570,45,100,"[37, 41, 45, 49]",45,5,45,45,water,catch_trial,AS0Q47RFF7G5S,9
ratings.response,645,45,100,"[37, 41, 45, 49]",45,5,45,45,water,catch_trial,A2ZE2IPHK152KA,7
ratings.response,708,45,100,"[37, 41, 45, 49]",45,5,45,45,water,catch_trial,AZPK9A81SG0WX,3
ratings.response,745,45,100,"[37, 41, 45, 49]",45,5,45,45,water,catch_trial,A11G1TGXX3YS24,9
ratings.response,774,45,100,"[37, 41, 45, 49]",45,5,45,45,water,catch_trial,A3TQNW1OKQ2G6B,0
ratings.response,793,45,100,"[37, 41, 45, 49]",45,5,45,45,water,catch_trial,A1VVR9MA1P9HWJ,9
ratings.response,826,45,100,"[37, 41, 45, 49]",45,5,45,45,water,catch_trial,A7YDLXXU4HF5K,3
ratings.response,873,45,100,"[37, 41, 45, 49]",45,5,45,45,water,catch_trial,A1CHHJ7D40O0IW,2
ratings.response,561,49,102,"[37, 41, 45, 49]",49,5,49,49,zipper,catch_trial,AS0Q47RFF7G5S,3
ratings.response,597,49,102,"[37, 41, 45, 49]",49,5,49,49,zipper,catch_trial,AYUREWGFQG5JV,3
ratings.response,743,49,102,"[37, 41, 45, 49]",49,5,49,49,zipper,catch_trial,A11G1TGXX3YS24,7
ratings.response,786,49,102,"[37, 41, 45, 49]",49,5,49,49,zipper,catch_trial,A1VVR9MA1P9HWJ,2
ratings.response,816,37,102,"[37, 41, 45, 49]",49,5,49,49,zipper,catch_trial,A219VCQZADQ45W,4
ratings.response,825,49,102,"[37, 41, 45, 49]",49,5,49,49,zipper,catch_trial,A7YDLXXU4HF5K,2
ratings.response,864,49,102,"[37, 41, 45, 49]",49,5,49,49,zipper,catch_trial,A1A67ONSHK22L3,1
ratings.response,888,49,102,"[37, 41, 45, 49]",49,5,49,49,zipper,catch_trial,A2PHHANCEOMA2U,7
ratings.response,554,41,99,"[37, 41, 45, 49]",240,5,45,45,water,true_seed,AS0Q47RFF7G5S,0
ratings.response,599,45,99,"[37, 41, 45, 49]",240,5,45,45,water,true_seed,AYUREWGFQG5JV,5
ratings.response,663,45,99,"[37, 41, 45, 49]",240,5,45,45,water,true_seed,A1U6O8A4KXRYRJ,1
ratings.response,712,41,99,"[37, 41, 45, 49]",240,5,45,45,water,true_seed,AZPK9A81SG0WX,7
ratings.response,740,41,99,"[37, 41, 45, 49]",240,5,45,45,water,true_seed,A11G1TGXX3YS24,4
ratings.response,820,41,99,"[37, 41, 45, 49]",240,5,45,45,water,true_seed,A219VCQZADQ45W,8
ratings.response,824,41,99,"[37, 41, 45, 49]",240,5,45,45,water,true_seed,A7YDLXXU4HF5K,1
ratings.response,600,45,86,"[37, 41, 45, 49]",52,5,45,45,water,true_seed,AYUREWGFQG5JV,6
ratings.response,642,41,86,"[37, 41, 45, 49]",52,5,45,45,water,true_seed,A2ZE2IPHK152KA,4
ratings.response,666,41,86,"[37, 41, 45, 49]",52,5,45,45,water,true_seed,A1U6O8A4KXRYRJ,3
ratings.response,721,37,86,"[37, 41, 45, 49]",52,5,45,45,water,true_seed,A1QHX9C8CP6L3N,5
ratings.response,780,45,86,"[37, 41, 45, 49]",52,5,45,45,water,true_seed,A3TQNW1OKQ2G6B,6
ratings.response,788,45,86,"[37, 41, 45, 49]",52,5,45,45,water,true_seed,A1VVR9MA1P9HWJ,4
ratings.response,812,37,86,"[37, 41, 45, 49]",52,5,45,45,water,true_seed,A219VCQZADQ45W,0
ratings.response,832,45,86,"[37, 41, 45, 49]",52,5,45,45,water,true_seed,A7YDLXXU4HF5K,9
ratings.response,859,45,86,"[37, 41, 45, 49]",52,5,45,45,water,true_seed,A9754EPKP763V,6
ratings.response,886,45,86,"[37, 41, 45, 49]",52,5,45,45,water,true_seed,A2PHHANCEOMA2U,5
ratings.response,569,49,91,"[37, 41, 45, 49]",94,5,49,49,zipper,true_seed,AS0Q47RFF7G5S,8
ratings.response,604,49,91,"[37, 41, 45, 49]",94,5,49,49,zipper,true_seed,AYUREWGFQG5JV,9
ratings.response,638,45,91,"[37, 41, 45, 49]",94,5,49,49,zipper,true_seed,A2ZE2IPHK152KA,0
ratings.response,738,49,91,"[37, 41, 45, 49]",94,5,49,49,zipper,true_seed,A11G1TGXX3YS24,2
ratings.response,783,49,91,"[37, 41, 45, 49]",94,5,49,49,zipper,true_seed,A3TQNW1OKQ2G6B,9
ratings.response,819,45,91,"[37, 41, 45, 49]",94,5,49,49,zipper,true_seed,A219VCQZADQ45W,7
ratings.response,823,49,91,"[37, 41, 45, 49]",94,5,49,49,zipper,true_seed,A7YDLXXU4HF5K,0
ratings.response,860,49,91,"[37, 41, 45, 49]",94,5,49,49,zipper,true_seed,A9754EPKP763V,7
ratings.response,868,49,91,"[37, 41, 45, 49]",94,5,49,49,zipper,true_seed,A1A67ONSHK22L3,5
ratings.response,894,49,91,"[37, 41, 45, 49]",94,5,49,49,zipper,true_seed,APIVWIKALPR2O,4
ratings.response,558,49,84,"[37, 41, 45, 49]",65,5,49,49,zipper,true_seed,AS0Q47RFF7G5S,1
ratings.response,601,49,84,"[37, 41, 45, 49]",65,5,49,49,zipper,true_seed,AYUREWGFQG5JV,7
ratings.response,709,49,84,"[37, 41, 45, 49]",65,5,49,49,zipper,true_seed,AZPK9A81SG0WX,4
ratings.response,717,45,84,"[37, 41, 45, 49]",65,5,49,49,zipper,true_seed,A1QHX9C8CP6L3N,1
ratings.response,742,49,84,"[37, 41, 45, 49]",65,5,49,49,zipper,true_seed,A11G1TGXX3YS24,6
ratings.response,779,49,84,"[37, 41, 45, 49]",65,5,49,49,zipper,true_seed,A3TQNW1OKQ2G6B,5
ratings.response,813,41,84,"[37, 41, 45, 49]",65,5,49,49,zipper,true_seed,A219VCQZADQ45W,1
ratings.response,829,49,84,"[37, 41, 45, 49]",65,5,49,49,zipper,true_seed,A7YDLXXU4HF5K,6
ratings.response,857,49,84,"[37, 41, 45, 49]",65,5,49,49,zipper,true_seed,A9754EPKP763V,5
ratings.response,867,49,84,"[37, 41, 45, 49]",65,5,49,49,zipper,true_seed,A1A67ONSHK22L3,4
ratings.response,881,49,84,"[37, 41, 45, 49]",65,5,49,49,zipper,true_seed,A2PHHANCEOMA2U,0
ratings.response,559,45,90,"[37, 41, 45, 49]",95,5,45,45,water,true_seed,AS0Q47RFF7G5S,2
ratings.response,594,45,90,"[37, 41, 45, 49]",95,5,45,45,water,true_seed,AYUREWGFQG5JV,2
ratings.response,714,41,90,"[37, 41, 45, 49]",95,5,45,45,water,true_seed,AZPK9A81SG0WX,9
ratings.response,724,37,90,"[37, 41, 45, 49]",95,5,45,45,water,true_seed,A1QHX9C8CP6L3N,8
ratings.response,741,49,90,"[37, 41, 45, 49]",95,5,45,45,water,true_seed,A11G1TGXX3YS24,5
ratings.response,775,45,90,"[37, 41, 45, 49]",95,5,45,45,water,true_seed,A3TQNW1OKQ2G6B,1
ratings.response,814,49,90,"[37, 41, 45, 49]",95,5,45,45,water,true_seed,A219VCQZADQ45W,2
ratings.response,863,45,90,"[37, 41, 45, 49]",95,5,45,45,water,true_seed,A1A67ONSHK22L3,0
ratings.response,890,45,90,"[37, 41, 45, 49]",95,5,45,45,water,true_seed,A2PHHANCEOMA2U,9
ratings.response,898,37,90,"[37, 41, 45, 49]",95,5,45,45,water,true_seed,APIVWIKALPR2O,8
ratings.response,603,49,93,"[37, 41, 45, 49]",118,5,49,49,zipper,true_seed,AYUREWGFQG5JV,8
ratings.response,644,45,93,"[37, 41, 45, 49]",118,5,49,49,zipper,true_seed,A2ZE2IPHK152KA,6
ratings.response,705,45,93,"[37, 41, 45, 49]",118,5,49,49,zipper,true_seed,AZPK9A81SG0WX,0
ratings.response,719,49,93,"[37, 41, 45, 49]",118,5,49,49,zipper,true_seed,A1QHX9C8CP6L3N,3
ratings.response,739,49,93,"[37, 41, 45, 49]",118,5,49,49,zipper,true_seed,A11G1TGXX3YS24,3
ratings.response,777,49,93,"[37, 41, 45, 49]",118,5,49,49,zipper,true_seed,A3TQNW1OKQ2G6B,3
ratings.response,787,49,93,"[37, 41, 45, 49]",118,5,49,49,zipper,true_seed,A1VVR9MA1P9HWJ,3
ratings.response,828,49,93,"[37, 41, 45, 49]",118,5,49,49,zipper,true_seed,A7YDLXXU4HF5K,5
ratings.response,878,49,93,"[37, 41, 45, 49]",118,5,49,49,zipper,true_seed,A1CHHJ7D40O0IW,7
ratings.response,884,49,93,"[37, 41, 45, 49]",118,5,49,49,zipper,true_seed,A2PHHANCEOMA2U,3
ratings.response,563,37,97,"[37, 41, 45, 49]",215,5,37,37,glass,true_seed,AS0Q47RFF7G5S,4
ratings.response,670,45,97,"[37, 41, 45, 49]",215,5,37,37,glass,true_seed,A1U6O8A4KXRYRJ,5
ratings.response,789,37,97,"[37, 41, 45, 49]",215,5,37,37,glass,true_seed,A1VVR9MA1P9HWJ,5
ratings.response,815,45,97,"[37, 41, 45, 49]",215,5,37,37,glass,true_seed,A219VCQZADQ45W,3
ratings.response,827,37,97,"[37, 41, 45, 49]",215,5,37,37,glass,true_seed,A7YDLXXU4HF5K,4
ratings.response,877,41,97,"[37, 41, 45, 49]",215,5,37,37,glass,true_seed,A1CHHJ7D40O0IW,6
ratings.response,565,41,95,"[37, 41, 45, 49]",114,5,41,41,tear,true_seed,AS0Q47RFF7G5S,5
ratings.response,647,45,95,"[37, 41, 45, 49]",114,5,41,41,tear,true_seed,A2ZE2IPHK152KA,9
ratings.response,725,41,95,"[37, 41, 45, 49]",114,5,41,41,tear,true_seed,A1QHX9C8CP6L3N,9
ratings.response,776,41,95,"[37, 41, 45, 49]",114,5,41,41,tear,true_seed,A3TQNW1OKQ2G6B,2
ratings.response,784,41,95,"[37, 41, 45, 49]",114,5,41,41,tear,true_seed,A1VVR9MA1P9HWJ,0
ratings.response,845,41,95,"[37, 41, 45, 49]",114,5,41,41,tear,true_seed,A9754EPKP763V,1
ratings.response,883,41,95,"[37, 41, 45, 49]",114,5,41,41,tear,true_seed,A2PHHANCEOMA2U,2
ratings.response,897,41,95,"[37, 41, 45, 49]",114,5,41,41,tear,true_seed,APIVWIKALPR2O,7
ratings.response,566,49,92,"[37, 41, 45, 49]",97,5,49,49,zipper,true_seed,AS0Q47RFF7G5S,6
ratings.response,664,49,92,"[37, 41, 45, 49]",97,5,49,49,zipper,true_seed,A1U6O8A4KXRYRJ,2
ratings.response,706,49,92,"[37, 41, 45, 49]",97,5,49,49,zipper,true_seed,AZPK9A81SG0WX,1
ratings.response,744,49,92,"[37, 41, 45, 49]",97,5,49,49,zipper,true_seed,A11G1TGXX3YS24,8
ratings.response,821,37,92,"[37, 41, 45, 49]",97,5,49,49,zipper,true_seed,A219VCQZADQ45W,9
ratings.response,830,49,92,"[37, 41, 45, 49]",97,5,49,49,zipper,true_seed,A7YDLXXU4HF5K,7
ratings.response,866,49,92,"[37, 41, 45, 49]",97,5,49,49,zipper,true_seed,A1A67ONSHK22L3,3
ratings.response,567,41,101,"[37, 41, 45, 49]",41,5,41,41,tear,catch_trial,AS0Q47RFF7G5S,7
ratings.response,675,41,101,"[37, 41, 45, 49]",41,5,41,41,tear,catch_trial,A1U6O8A4KXRYRJ,8
ratings.response,785,41,101,"[37, 41, 45, 49]",41,5,41,41,tear,catch_trial,A1VVR9MA1P9HWJ,1
ratings.response,818,49,101,"[37, 41, 45, 49]",41,5,41,41,tear,catch_trial,A219VCQZADQ45W,6
ratings.response,847,41,101,"[37, 41, 45, 49]",41,5,41,41,tear,catch_trial,A9754EPKP763V,2
ratings.response,869,41,101,"[37, 41, 45, 49]",41,5,41,41,tear,catch_trial,A1A67ONSHK22L3,6
ratings.response,892,41,101,"[37, 41, 45, 49]",41,5,41,41,tear,catch_trial,APIVWIKALPR2O,2
ratings.response,668,37,96,"[37, 41, 45, 49]",210,5,37,37,glass,true_seed,A1U6O8A4KXRYRJ,4
ratings.response,711,37,96,"[37, 41, 45, 49]",210,5,37,37,glass,true_seed,AZPK9A81SG0WX,6
ratings.response,716,37,96,"[37, 41, 45, 49]",210,5,37,37,glass,true_seed,A1QHX9C8CP6L3N,0
ratings.response,737,41,96,"[37, 41, 45, 49]",210,5,37,37,glass,true_seed,A11G1TGXX3YS24,1
ratings.response,896,45,96,"[37, 41, 45, 49]",210,5,37,37,glass,true_seed,APIVWIKALPR2O,6
ratings.response,590,41,88,"[37, 41, 45, 49]",91,5,41,41,tear,true_seed,AYUREWGFQG5JV,0
ratings.response,639,49,88,"[37, 41, 45, 49]",91,5,41,41,tear,true_seed,A2ZE2IPHK152KA,1
ratings.response,736,49,88,"[37, 41, 45, 49]",91,5,41,41,tear,true_seed,A11G1TGXX3YS24,0
ratings.response,778,41,88,"[37, 41, 45, 49]",91,5,41,41,tear,true_seed,A3TQNW1OKQ2G6B,4
ratings.response,790,49,88,"[37, 41, 45, 49]",91,5,41,41,tear,true_seed,A1VVR9MA1P9HWJ,6
ratings.response,874,41,88,"[37, 41, 45, 49]",91,5,41,41,tear,true_seed,A1CHHJ7D40O0IW,3
ratings.response,885,41,88,"[37, 41, 45, 49]",91,5,41,41,tear,true_seed,A2PHHANCEOMA2U,4
ratings.response,893,41,88,"[37, 41, 45, 49]",91,5,41,41,tear,true_seed,APIVWIKALPR2O,3
ratings.response,592,37,98,"[37, 41, 45, 49]",245,5,37,37,glass,true_seed,AYUREWGFQG5JV,1
ratings.response,671,37,98,"[37, 41, 45, 49]",245,5,37,37,glass,true_seed,A1U6O8A4KXRYRJ,6
ratings.response,713,37,98,"[37, 41, 45, 49]",245,5,37,37,glass,true_seed,AZPK9A81SG0WX,8
ratings.response,718,49,98,"[37, 41, 45, 49]",245,5,37,37,glass,true_seed,A1QHX9C8CP6L3N,2
ratings.response,781,37,98,"[37, 41, 45, 49]",245,5,37,37,glass,true_seed,A3TQNW1OKQ2G6B,7
ratings.response,861,37,98,"[37, 41, 45, 49]",245,5,37,37,glass,true_seed,A9754EPKP763V,8
ratings.response,872,37,98,"[37, 41, 45, 49]",245,5,37,37,glass,true_seed,A1A67ONSHK22L3,9
ratings.response,875,37,98,"[37, 41, 45, 49]",245,5,37,37,glass,true_seed,A1CHHJ7D40O0IW,4
ratings.response,899,41,98,"[37, 41, 45, 49]",245,5,37,37,glass,true_seed,APIVWIKALPR2O,9
ratings.response,598,45,83,"[37, 41, 45, 49]",64,5,45,45,water,true_seed,AYUREWGFQG5JV,4
ratings.response,646,37,83,"[37, 41, 45, 49]",64,5,45,45,water,true_seed,A2ZE2IPHK152KA,8
ratings.response,707,41,83,"[37, 41, 45, 49]",64,5,45,45,water,true_seed,AZPK9A81SG0WX,2
ratings.response,720,45,83,"[37, 41, 45, 49]",64,5,45,45,water,true_seed,A1QHX9C8CP6L3N,4
ratings.response,782,45,83,"[37, 41, 45, 49]",64,5,45,45,water,true_seed,A3TQNW1OKQ2G6B,8
ratings.response,853,45,83,"[37, 41, 45, 49]",64,5,45,45,water,true_seed,A9754EPKP763V,4
ratings.response,865,41,83,"[37, 41, 45, 49]",64,5,45,45,water,true_seed,A1A67ONSHK22L3,2
ratings.response,891,37,83,"[37, 41, 45, 49]",64,5,45,45,water,true_seed,APIVWIKALPR2O,1
ratings.response,641,37,85,"[37, 41, 45, 49]",59,5,41,41,tear,true_seed,A2ZE2IPHK152KA,3
ratings.response,676,45,85,"[37, 41, 45, 49]",59,5,41,41,tear,true_seed,A1U6O8A4KXRYRJ,9
ratings.response,710,41,85,"[37, 41, 45, 49]",59,5,41,41,tear,true_seed,AZPK9A81SG0WX,5
ratings.response,723,45,85,"[37, 41, 45, 49]",59,5,41,41,tear,true_seed,A1QHX9C8CP6L3N,7
ratings.response,791,41,85,"[37, 41, 45, 49]",59,5,41,41,tear,true_seed,A1VVR9MA1P9HWJ,7
ratings.response,862,41,85,"[37, 41, 45, 49]",59,5,41,41,tear,true_seed,A9754EPKP763V,9
ratings.response,889,41,85,"[37, 41, 45, 49]",59,5,41,41,tear,true_seed,A2PHHANCEOMA2U,8
ratings.response,895,49,85,"[37, 41, 45, 49]",59,5,41,41,tear,true_seed,APIVWIKALPR2O,5
ratings.response,640,41,89,"[37, 41, 45, 49]",100,5,41,41,tear,true_seed,A2ZE2IPHK152KA,2
ratings.response,673,45,89,"[37, 41, 45, 49]",100,5,41,41,tear,true_seed,A1U6O8A4KXRYRJ,7
ratings.response,850,45,89,"[37, 41, 45, 49]",100,5,41,41,tear,true_seed,A9754EPKP763V,3
ratings.response,871,41,89,"[37, 41, 45, 49]",100,5,41,41,tear,true_seed,A1A67ONSHK22L3,8
ratings.response,879,45,89,"[37, 41, 45, 49]",100,5,41,41,tear,true_seed,A1CHHJ7D40O0IW,8
ratings.response,887,41,89,"[37, 41, 45, 49]",100,5,41,41,tear,true_seed,A2PHHANCEOMA2U,6
ratings.response,643,45,87,"[37, 41, 45, 49]",63,5,37,37,glass,true_seed,A2ZE2IPHK152KA,5
ratings.response,662,37,87,"[37, 41, 45, 49]",63,5,37,37,glass,true_seed,A1U6O8A4KXRYRJ,0
ratings.response,722,37,87,"[37, 41, 45, 49]",63,5,37,37,glass,true_seed,A1QHX9C8CP6L3N,6
ratings.response,792,49,87,"[37, 41, 45, 49]",63,5,37,37,glass,true_seed,A1VVR9MA1P9HWJ,8
ratings.response,817,41,87,"[37, 41, 45, 49]",63,5,37,37,glass,true_seed,A219VCQZADQ45W,5
ratings.response,831,37,87,"[37, 41, 45, 49]",63,5,37,37,glass,true_seed,A7YDLXXU4HF5K,8
ratings.response,843,37,87,"[37, 41, 45, 49]",63,5,37,37,glass,true_seed,A9754EPKP763V,0
ratings.response,870,37,87,"[37, 41, 45, 49]",63,5,37,37,glass,true_seed,A1A67ONSHK22L3,7
ratings.response,876,37,87,"[37, 41, 45, 49]",63,5,37,37,glass,true_seed,A1CHHJ7D40O0IW,5
ratings.response,882,45,87,"[37, 41, 45, 49]",63,5,37,37,glass,true_seed,A2PHHANCEOMA2U,1
